date,product,variant,sold_quantity,gross_price,total_gross_price,pre_invoice_disc_pct
"2021-04-01 00:00:00","AQ BZ Allin1","Premium 1",17,737.6775000000,12540.5175000000,0.30
"2021-04-01 00:00:00","AQ Pen Drive DRC",Standard,1003,2.9990000000,3007.9970000000,0.30
"2021-02-01 00:00:00","AQ BZ Allin1","Premium 1",8,737.6775000000,5901.4200000000,0.30
"2021-02-01 00:00:00","AQ Pen Drive DRC",Standard,1299,2.9990000000,3895.7010000000,0.30
"2021-01-01 00:00:00","AQ BZ Allin1","Premium 1",27,737.6775000000,19917.2925000000,0.30
"2021-01-01 00:00:00","AQ Pen Drive DRC",Standard,1014,2.9990000000,3040.9860000000,0.30
"2020-12-01 00:00:00","AQ BZ Allin1","Premium 1",12,737.6775000000,8852.1300000000,0.30
"2020-12-01 00:00:00","AQ Pen Drive DRC",Standard,2085,2.9990000000,6252.9150000000,0.30
"2020-10-01 00:00:00","AQ BZ Allin1","Premium 1",34,737.6775000000,25081.0350000000,0.30
"2020-10-01 00:00:00","AQ Pen Drive DRC",Standard,828,2.9990000000,2483.1720000000,0.30
"2020-09-01 00:00:00","AQ BZ Allin1","Premium 1",11,737.6775000000,8114.4525000000,0.30
"2020-09-01 00:00:00","AQ Pen Drive DRC",Standard,1697,2.9990000000,5089.3030000000,0.30
"2021-08-01 00:00:00","AQ Gen Y","Plus Red",35,348.5375000000,12198.8125000000,0.30
"2021-08-01 00:00:00","AQ BZ Allin1","Plus 2",7,709.3926000000,4965.7482000000,0.30
"2021-06-01 00:00:00","AQ Gen Y","Plus Red",8,348.5375000000,2788.3000000000,0.30
"2021-06-01 00:00:00","AQ BZ Allin1","Plus 2",10,709.3926000000,7093.9260000000,0.30
"2021-05-01 00:00:00","AQ Gen Y","Plus Red",15,348.5375000000,5228.0625000000,0.30
"2021-05-01 00:00:00","AQ BZ Allin1","Plus 2",13,709.3926000000,9222.1038000000,0.30
"2021-04-01 00:00:00","AQ Gen Y","Plus Red",36,348.5375000000,12547.3500000000,0.30
"2021-04-01 00:00:00","AQ BZ Allin1","Plus 2",14,709.3926000000,9931.4964000000,0.30
"2021-02-01 00:00:00","AQ Gen Y","Plus Red",15,348.5375000000,5228.0625000000,0.30
"2021-02-01 00:00:00","AQ BZ Allin1","Plus 2",23,709.3926000000,16316.0298000000,0.30
"2021-01-01 00:00:00","AQ Gen Y","Plus Red",17,348.5375000000,5925.1375000000,0.30
"2021-01-01 00:00:00","AQ BZ Allin1","Plus 2",14,709.3926000000,9931.4964000000,0.30
"2020-12-01 00:00:00","AQ Gen Y","Plus Red",56,348.5375000000,19518.1000000000,0.30
"2020-12-01 00:00:00","AQ BZ Allin1","Plus 2",9,709.3926000000,6384.5334000000,0.30
"2020-10-01 00:00:00","AQ Gen Y","Plus Red",35,348.5375000000,12198.8125000000,0.30
"2020-10-01 00:00:00","AQ BZ Allin1","Plus 2",29,709.3926000000,20572.3854000000,0.30
"2020-09-01 00:00:00","AQ Gen Y","Plus Red",33,348.5375000000,11501.7375000000,0.30
"2020-09-01 00:00:00","AQ BZ Allin1","Plus 2",19,709.3926000000,13478.4594000000,0.30
"2021-08-01 00:00:00","AQ Digit SSD",Plus,270,15.2481000000,4116.9870000000,0.30
"2021-06-01 00:00:00","AQ Digit SSD",Plus,364,15.2481000000,5550.3084000000,0.30
"2021-05-01 00:00:00","AQ Digit SSD",Plus,1023,15.2481000000,15598.8063000000,0.30
"2021-04-01 00:00:00","AQ Digit SSD",Plus,730,15.2481000000,11131.1130000000,0.30
"2021-02-01 00:00:00","AQ Digit SSD",Plus,141,15.2481000000,2149.9821000000,0.30
"2021-01-01 00:00:00","AQ Digit SSD",Plus,849,15.2481000000,12945.6369000000,0.30
"2020-12-01 00:00:00","AQ Digit SSD",Plus,1247,15.2481000000,19014.3807000000,0.30
"2020-10-01 00:00:00","AQ Digit SSD",Plus,1165,15.2481000000,17764.0365000000,0.30
"2020-09-01 00:00:00","AQ Digit SSD",Plus,476,15.2481000000,7258.0956000000,0.30
"2021-08-01 00:00:00","AQ BZ Compact","Standard Grey",13,451.7049000000,5872.1637000000,0.30
"2021-06-01 00:00:00","AQ BZ Compact","Standard Grey",19,451.7049000000,8582.3931000000,0.30
"2021-05-01 00:00:00","AQ BZ Compact","Standard Grey",19,451.7049000000,8582.3931000000,0.30
"2021-04-01 00:00:00","AQ BZ Compact","Standard Grey",6,451.7049000000,2710.2294000000,0.30
"2021-02-01 00:00:00","AQ BZ Compact","Standard Grey",14,451.7049000000,6323.8686000000,0.30
"2021-01-01 00:00:00","AQ BZ Compact","Standard Grey",17,451.7049000000,7678.9833000000,0.30
"2020-12-01 00:00:00","AQ BZ Compact","Standard Grey",34,451.7049000000,15357.9666000000,0.30
"2020-10-01 00:00:00","AQ BZ Compact","Standard Grey",16,451.7049000000,7227.2784000000,0.30
"2020-09-01 00:00:00","AQ BZ Compact","Standard Grey",17,451.7049000000,7678.9833000000,0.30
"2021-08-01 00:00:00","AQ Home Allin1","Standard 2",5,764.0542000000,3820.2710000000,0.30
"2021-06-01 00:00:00","AQ Home Allin1","Standard 2",4,764.0542000000,3056.2168000000,0.30
"2021-05-01 00:00:00","AQ Home Allin1","Standard 2",5,764.0542000000,3820.2710000000,0.30
"2021-04-01 00:00:00","AQ Home Allin1","Standard 2",2,764.0542000000,1528.1084000000,0.30
"2021-02-01 00:00:00","AQ Home Allin1","Standard 2",2,764.0542000000,1528.1084000000,0.30
"2021-01-01 00:00:00","AQ Home Allin1","Standard 2",2,764.0542000000,1528.1084000000,0.30
"2020-12-01 00:00:00","AQ Home Allin1","Standard 2",9,764.0542000000,6876.4878000000,0.30
"2020-10-01 00:00:00","AQ Home Allin1","Standard 2",6,764.0542000000,4584.3252000000,0.30
"2020-09-01 00:00:00","AQ Home Allin1","Standard 2",5,764.0542000000,3820.2710000000,0.30
"2021-08-01 00:00:00","AQ Home Allin1","Standard 1",3,800.4577000000,2401.3731000000,0.30
"2021-08-01 00:00:00","AQ Smash 1","Plus Firey Red",8,639.9614000000,5119.6912000000,0.30
"2021-08-01 00:00:00","AQ BZ Allin1","Plus 1",19,690.4971000000,13119.4449000000,0.30
"2021-06-01 00:00:00","AQ Home Allin1","Standard 1",4,800.4577000000,3201.8308000000,0.30
"2021-06-01 00:00:00","AQ Smash 1","Plus Firey Red",3,639.9614000000,1919.8842000000,0.30
"2021-06-01 00:00:00","AQ BZ Allin1","Plus 1",6,690.4971000000,4142.9826000000,0.30
"2021-05-01 00:00:00","AQ Home Allin1","Standard 1",4,800.4577000000,3201.8308000000,0.30
"2021-05-01 00:00:00","AQ Smash 1","Plus Firey Red",4,639.9614000000,2559.8456000000,0.30
"2021-05-01 00:00:00","AQ BZ Allin1","Plus 1",22,690.4971000000,15190.9362000000,0.30
"2021-04-01 00:00:00","AQ Home Allin1","Standard 1",5,800.4577000000,4002.2885000000,0.30
"2021-04-01 00:00:00","AQ Smash 1","Plus Firey Red",14,639.9614000000,8959.4596000000,0.30
"2021-04-01 00:00:00","AQ BZ Allin1","Plus 1",16,690.4971000000,11047.9536000000,0.30
"2021-02-01 00:00:00","AQ Home Allin1","Standard 1",2,800.4577000000,1600.9154000000,0.30
"2021-02-01 00:00:00","AQ Smash 1","Plus Firey Red",16,639.9614000000,10239.3824000000,0.30
"2021-02-01 00:00:00","AQ BZ Allin1","Plus 1",20,690.4971000000,13809.9420000000,0.30
"2021-01-01 00:00:00","AQ Home Allin1","Standard 1",3,800.4577000000,2401.3731000000,0.30
"2021-01-01 00:00:00","AQ Smash 1","Plus Firey Red",14,639.9614000000,8959.4596000000,0.30
"2021-01-01 00:00:00","AQ BZ Allin1","Plus 1",28,690.4971000000,19333.9188000000,0.30
"2020-12-01 00:00:00","AQ Home Allin1","Standard 1",3,800.4577000000,2401.3731000000,0.30
"2020-12-01 00:00:00","AQ Smash 1","Plus Firey Red",25,639.9614000000,15999.0350000000,0.30
"2020-12-01 00:00:00","AQ BZ Allin1","Plus 1",41,690.4971000000,28310.3811000000,0.30
"2020-10-01 00:00:00","AQ Home Allin1","Standard 1",2,800.4577000000,1600.9154000000,0.30
"2020-10-01 00:00:00","AQ Smash 1","Plus Firey Red",19,639.9614000000,12159.2666000000,0.30
"2020-10-01 00:00:00","AQ BZ Allin1","Plus 1",7,690.4971000000,4833.4797000000,0.30
"2020-09-01 00:00:00","AQ Home Allin1","Standard 1",1,800.4577000000,800.4577000000,0.30
"2020-09-01 00:00:00","AQ Smash 1","Plus Firey Red",15,639.9614000000,9599.4210000000,0.30
"2020-09-01 00:00:00","AQ BZ Allin1","Plus 1",22,690.4971000000,15190.9362000000,0.30
"2021-08-01 00:00:00","AQ Smash 2","Plus Black",16,720.5460000000,11528.7360000000,0.30
"2021-08-01 00:00:00","AQ BZ Gen Z","Plus Red",7,550.4597000000,3853.2179000000,0.30
"2021-06-01 00:00:00","AQ Smash 2","Plus Black",9,720.5460000000,6484.9140000000,0.30
"2021-06-01 00:00:00","AQ BZ Gen Z","Plus Red",13,550.4597000000,7155.9761000000,0.30
"2021-05-01 00:00:00","AQ Smash 2","Plus Black",10,720.5460000000,7205.4600000000,0.30
"2021-05-01 00:00:00","AQ BZ Gen Z","Plus Red",11,550.4597000000,6055.0567000000,0.30
"2021-04-01 00:00:00","AQ Smash 2","Plus Black",16,720.5460000000,11528.7360000000,0.30
"2021-04-01 00:00:00","AQ BZ Gen Z","Plus Red",9,550.4597000000,4954.1373000000,0.30
"2021-02-01 00:00:00","AQ Smash 2","Plus Black",15,720.5460000000,10808.1900000000,0.30
"2021-02-01 00:00:00","AQ BZ Gen Z","Plus Red",15,550.4597000000,8256.8955000000,0.30
"2021-01-01 00:00:00","AQ Smash 2","Plus Black",3,720.5460000000,2161.6380000000,0.30
"2021-01-01 00:00:00","AQ BZ Gen Z","Plus Red",20,550.4597000000,11009.1940000000,0.30
"2020-12-01 00:00:00","AQ Smash 2","Plus Black",21,720.5460000000,15131.4660000000,0.30
"2020-12-01 00:00:00","AQ BZ Gen Z","Plus Red",41,550.4597000000,22568.8477000000,0.30
"2020-10-01 00:00:00","AQ Smash 2","Plus Black",16,720.5460000000,11528.7360000000,0.30
"2020-10-01 00:00:00","AQ BZ Gen Z","Plus Red",9,550.4597000000,4954.1373000000,0.30
"2020-09-01 00:00:00","AQ Smash 2","Plus Black",6,720.5460000000,4323.2760000000,0.30
"2020-09-01 00:00:00","AQ BZ Gen Z","Plus Red",18,550.4597000000,9908.2746000000,0.30
"2021-08-01 00:00:00","AQ Wi Power Dx2",Plus,264,35.2053000000,9294.1992000000,0.30
"2021-06-01 00:00:00","AQ Wi Power Dx2",Plus,541,35.2053000000,19046.0673000000,0.30
"2021-05-01 00:00:00","AQ Wi Power Dx2",Plus,481,35.2053000000,16933.7493000000,0.30
"2021-04-01 00:00:00","AQ Wi Power Dx2",Plus,672,35.2053000000,23657.9616000000,0.30
"2021-02-01 00:00:00","AQ Wi Power Dx2",Plus,567,35.2053000000,19961.4051000000,0.30
"2021-01-01 00:00:00","AQ Wi Power Dx2",Plus,593,35.2053000000,20876.7429000000,0.30
"2020-12-01 00:00:00","AQ Wi Power Dx2",Plus,1083,35.2053000000,38127.3399000000,0.30
"2020-10-01 00:00:00","AQ Wi Power Dx2",Plus,685,35.2053000000,24115.6305000000,0.30
"2020-09-01 00:00:00","AQ Wi Power Dx2",Plus,96,35.2053000000,3379.7088000000,0.30
"2021-08-01 00:00:00","AQ Wi Power Dx3",Premium,158,42.8483000000,6770.0314000000,0.30
"2021-08-01 00:00:00","AQ Clx1",Premium,772,19.3342000000,14926.0024000000,0.30
"2021-06-01 00:00:00","AQ Wi Power Dx3",Premium,289,42.8483000000,12383.1587000000,0.30
"2021-06-01 00:00:00","AQ Clx1",Premium,620,19.3342000000,11987.2040000000,0.30
"2021-05-01 00:00:00","AQ Wi Power Dx3",Premium,487,42.8483000000,20867.1221000000,0.30
"2021-05-01 00:00:00","AQ Clx1",Premium,936,19.3342000000,18096.8112000000,0.30
"2021-04-01 00:00:00","AQ Wi Power Dx3",Premium,148,42.8483000000,6341.5484000000,0.30
"2021-04-01 00:00:00","AQ Clx1",Premium,418,19.3342000000,8081.6956000000,0.30
"2021-02-01 00:00:00","AQ Wi Power Dx3",Premium,186,42.8483000000,7969.7838000000,0.30
"2021-02-01 00:00:00","AQ Clx1",Premium,799,19.3342000000,15448.0258000000,0.30
"2021-01-01 00:00:00","AQ Wi Power Dx3",Premium,510,42.8483000000,21852.6330000000,0.30
"2021-01-01 00:00:00","AQ Clx1",Premium,851,19.3342000000,16453.4042000000,0.30
"2020-12-01 00:00:00","AQ Wi Power Dx3",Premium,708,42.8483000000,30336.5964000000,0.30
"2020-12-01 00:00:00","AQ Clx1",Premium,1662,19.3342000000,32133.4404000000,0.30
"2020-10-01 00:00:00","AQ Wi Power Dx3",Premium,586,42.8483000000,25109.1038000000,0.30
"2020-10-01 00:00:00","AQ Clx1",Premium,1274,19.3342000000,24631.7708000000,0.30
"2020-09-01 00:00:00","AQ Wi Power Dx3",Premium,190,42.8483000000,8141.1770000000,0.30
"2020-09-01 00:00:00","AQ Clx1",Premium,1028,19.3342000000,19875.5576000000,0.30
"2021-08-01 00:00:00","AQ Smash 1","Plus Black",4,644.3777000000,2577.5108000000,0.30
"2021-06-01 00:00:00","AQ Smash 1","Plus Black",17,644.3777000000,10954.4209000000,0.30
"2021-05-01 00:00:00","AQ Smash 1","Plus Black",7,644.3777000000,4510.6439000000,0.30
"2021-04-01 00:00:00","AQ Smash 1","Plus Black",16,644.3777000000,10310.0432000000,0.30
"2021-02-01 00:00:00","AQ Smash 1","Plus Black",9,644.3777000000,5799.3993000000,0.30
"2021-01-01 00:00:00","AQ Smash 1","Plus Black",10,644.3777000000,6443.7770000000,0.30
"2020-12-01 00:00:00","AQ Smash 1","Plus Black",25,644.3777000000,16109.4425000000,0.30
"2020-10-01 00:00:00","AQ Smash 1","Plus Black",11,644.3777000000,7088.1547000000,0.30
"2020-09-01 00:00:00","AQ Smash 1","Plus Black",10,644.3777000000,6443.7770000000,0.30
"2021-08-01 00:00:00","AQ BZ Gen Z","Standard Grey",13,506.9644000000,6590.5372000000,0.30
"2021-08-01 00:00:00","AQ BZ 101","Standard Grey",7,419.1936000000,2934.3552000000,0.30
"2021-08-01 00:00:00","AQ Pen Drive 2 IN 1",Premium,433,4.4411000000,1922.9963000000,0.30
"2021-06-01 00:00:00","AQ BZ Gen Z","Standard Grey",21,506.9644000000,10646.2524000000,0.30
"2021-06-01 00:00:00","AQ BZ 101","Standard Grey",25,419.1936000000,10479.8400000000,0.30
"2021-06-01 00:00:00","AQ Pen Drive 2 IN 1",Premium,1123,4.4411000000,4987.3553000000,0.30
"2021-05-01 00:00:00","AQ BZ Gen Z","Standard Grey",17,506.9644000000,8618.3948000000,0.30
"2021-05-01 00:00:00","AQ BZ 101","Standard Grey",7,419.1936000000,2934.3552000000,0.30
"2021-05-01 00:00:00","AQ Pen Drive 2 IN 1",Premium,1735,4.4411000000,7705.3085000000,0.30
"2021-04-01 00:00:00","AQ BZ Gen Z","Standard Grey",19,506.9644000000,9632.3236000000,0.30
"2021-04-01 00:00:00","AQ BZ 101","Standard Grey",11,419.1936000000,4611.1296000000,0.30
"2021-04-01 00:00:00","AQ Pen Drive 2 IN 1",Premium,1412,4.4411000000,6270.8332000000,0.30
"2021-02-01 00:00:00","AQ BZ Gen Z","Standard Grey",20,506.9644000000,10139.2880000000,0.30
"2021-02-01 00:00:00","AQ BZ 101","Standard Grey",21,419.1936000000,8803.0656000000,0.30
"2021-02-01 00:00:00","AQ Pen Drive 2 IN 1",Premium,1281,4.4411000000,5689.0491000000,0.30
"2021-01-01 00:00:00","AQ BZ Gen Z","Standard Grey",17,506.9644000000,8618.3948000000,0.30
"2021-01-01 00:00:00","AQ BZ 101","Standard Grey",6,419.1936000000,2515.1616000000,0.30
"2021-01-01 00:00:00","AQ Pen Drive 2 IN 1",Premium,810,4.4411000000,3597.2910000000,0.30
"2020-12-01 00:00:00","AQ BZ Gen Z","Standard Grey",35,506.9644000000,17743.7540000000,0.30
"2020-12-01 00:00:00","AQ BZ 101","Standard Grey",36,419.1936000000,15090.9696000000,0.30
"2020-12-01 00:00:00","AQ Pen Drive 2 IN 1",Premium,703,4.4411000000,3122.0933000000,0.30
"2020-10-01 00:00:00","AQ BZ Gen Z","Standard Grey",30,506.9644000000,15208.9320000000,0.30
"2020-10-01 00:00:00","AQ BZ 101","Standard Grey",18,419.1936000000,7545.4848000000,0.30
"2020-10-01 00:00:00","AQ Pen Drive 2 IN 1",Premium,2256,4.4411000000,10019.1216000000,0.30
"2020-09-01 00:00:00","AQ BZ Gen Z","Standard Grey",27,506.9644000000,13688.0388000000,0.30
"2020-09-01 00:00:00","AQ BZ 101","Standard Grey",13,419.1936000000,5449.5168000000,0.30
"2020-09-01 00:00:00","AQ Pen Drive 2 IN 1",Premium,194,4.4411000000,861.5734000000,0.30
"2021-08-01 00:00:00","AQ BZ Gen Z","Plus Blue",21,521.2603000000,10946.4663000000,0.30
"2021-08-01 00:00:00","AQ BZ Gen Z","Standard Red",25,525.8042000000,13145.1050000000,0.30
"2021-08-01 00:00:00","AQ Clx1",Plus,926,19.6723000000,18216.5498000000,0.30
"2021-06-01 00:00:00","AQ BZ Gen Z","Plus Blue",14,521.2603000000,7297.6442000000,0.30
"2021-06-01 00:00:00","AQ BZ Gen Z","Standard Red",10,525.8042000000,5258.0420000000,0.30
"2021-06-01 00:00:00","AQ Clx1",Plus,959,19.6723000000,18865.7357000000,0.30
"2021-05-01 00:00:00","AQ BZ Gen Z","Plus Blue",19,521.2603000000,9903.9457000000,0.30
"2021-05-01 00:00:00","AQ BZ Gen Z","Standard Red",17,525.8042000000,8938.6714000000,0.30
"2021-05-01 00:00:00","AQ Clx1",Plus,198,19.6723000000,3895.1154000000,0.30
"2021-04-01 00:00:00","AQ BZ Gen Z","Plus Blue",25,521.2603000000,13031.5075000000,0.30
"2021-04-01 00:00:00","AQ BZ Gen Z","Standard Red",22,525.8042000000,11567.6924000000,0.30
"2021-04-01 00:00:00","AQ Clx1",Plus,730,19.6723000000,14360.7790000000,0.30
"2021-02-01 00:00:00","AQ BZ Gen Z","Plus Blue",24,521.2603000000,12510.2472000000,0.30
"2021-02-01 00:00:00","AQ BZ Gen Z","Standard Red",26,525.8042000000,13670.9092000000,0.30
"2021-02-01 00:00:00","AQ Clx1",Plus,763,19.6723000000,15009.9649000000,0.30
"2021-01-01 00:00:00","AQ BZ Gen Z","Plus Blue",12,521.2603000000,6255.1236000000,0.30
"2021-01-01 00:00:00","AQ BZ Gen Z","Standard Red",13,525.8042000000,6835.4546000000,0.30
"2021-01-01 00:00:00","AQ Clx1",Plus,497,19.6723000000,9777.1331000000,0.30
"2020-12-01 00:00:00","AQ BZ Gen Z","Plus Blue",41,521.2603000000,21371.6723000000,0.30
"2020-12-01 00:00:00","AQ BZ Gen Z","Standard Red",35,525.8042000000,18403.1470000000,0.30
"2020-12-01 00:00:00","AQ Clx1",Plus,943,19.6723000000,18550.9789000000,0.30
"2020-10-01 00:00:00","AQ BZ Gen Z","Plus Blue",37,521.2603000000,19286.6311000000,0.30
"2020-10-01 00:00:00","AQ BZ Gen Z","Standard Red",16,525.8042000000,8412.8672000000,0.30
"2020-10-01 00:00:00","AQ Clx1",Plus,1276,19.6723000000,25101.8548000000,0.30
"2020-09-01 00:00:00","AQ BZ Gen Z","Plus Blue",11,521.2603000000,5733.8633000000,0.30
"2020-09-01 00:00:00","AQ BZ Gen Z","Standard Red",12,525.8042000000,6309.6504000000,0.30
"2020-09-01 00:00:00","AQ Clx1",Plus,204,19.6723000000,4013.1492000000,0.30
"2021-08-01 00:00:00","AQ Smash 1","Premium Black",10,655.7782000000,6557.7820000000,0.30
"2021-06-01 00:00:00","AQ Smash 1","Premium Black",10,655.7782000000,6557.7820000000,0.30
"2021-05-01 00:00:00","AQ Smash 1","Premium Black",7,655.7782000000,4590.4474000000,0.30
"2021-04-01 00:00:00","AQ Smash 1","Premium Black",10,655.7782000000,6557.7820000000,0.30
"2021-02-01 00:00:00","AQ Smash 1","Premium Black",8,655.7782000000,5246.2256000000,0.30
"2021-01-01 00:00:00","AQ Smash 1","Premium Black",8,655.7782000000,5246.2256000000,0.30
"2020-12-01 00:00:00","AQ Smash 1","Premium Black",19,655.7782000000,12459.7858000000,0.30
"2020-10-01 00:00:00","AQ Smash 1","Premium Black",13,655.7782000000,8525.1166000000,0.30
"2020-09-01 00:00:00","AQ Smash 1","Premium Black",10,655.7782000000,6557.7820000000,0.30
"2021-08-01 00:00:00","AQ Gamer 2","Premium Misty Green",10,608.4070000000,6084.0700000000,0.30
"2021-08-01 00:00:00","AQ BZ Gen Y","Standard Red",15,474.3154000000,7114.7310000000,0.30
"2021-06-01 00:00:00","AQ Gamer 2","Premium Misty Green",6,608.4070000000,3650.4420000000,0.30
"2021-06-01 00:00:00","AQ BZ Gen Y","Standard Red",24,474.3154000000,11383.5696000000,0.30
"2021-05-01 00:00:00","AQ Gamer 2","Premium Misty Green",9,608.4070000000,5475.6630000000,0.30
"2021-05-01 00:00:00","AQ BZ Gen Y","Standard Red",7,474.3154000000,3320.2078000000,0.30
"2021-04-01 00:00:00","AQ Gamer 2","Premium Misty Green",16,608.4070000000,9734.5120000000,0.30
"2021-04-01 00:00:00","AQ BZ Gen Y","Standard Red",13,474.3154000000,6166.1002000000,0.30
"2021-02-01 00:00:00","AQ Gamer 2","Premium Misty Green",15,608.4070000000,9126.1050000000,0.30
"2021-02-01 00:00:00","AQ BZ Gen Y","Standard Red",24,474.3154000000,11383.5696000000,0.30
"2021-01-01 00:00:00","AQ Gamer 2","Premium Misty Green",10,608.4070000000,6084.0700000000,0.30
"2021-01-01 00:00:00","AQ BZ Gen Y","Standard Red",12,474.3154000000,5691.7848000000,0.30
"2020-12-01 00:00:00","AQ Gamer 2","Premium Misty Green",9,608.4070000000,5475.6630000000,0.30
"2020-12-01 00:00:00","AQ BZ Gen Y","Standard Red",43,474.3154000000,20395.5622000000,0.30
"2020-10-01 00:00:00","AQ Gamer 2","Premium Misty Green",5,608.4070000000,3042.0350000000,0.30
"2020-10-01 00:00:00","AQ BZ Gen Y","Standard Red",11,474.3154000000,5217.4694000000,0.30
"2020-09-01 00:00:00","AQ Gamer 2","Premium Misty Green",4,608.4070000000,2433.6280000000,0.30
"2020-09-01 00:00:00","AQ BZ Gen Y","Standard Red",23,474.3154000000,10909.2542000000,0.30
"2021-08-01 00:00:00","AQ GEN Z","Plus Blue",23,377.4069000000,8680.3587000000,0.30
"2021-06-01 00:00:00","AQ GEN Z","Plus Blue",27,377.4069000000,10189.9863000000,0.30
"2021-05-01 00:00:00","AQ GEN Z","Plus Blue",29,377.4069000000,10944.8001000000,0.30
"2021-04-01 00:00:00","AQ GEN Z","Plus Blue",16,377.4069000000,6038.5104000000,0.30
"2021-02-01 00:00:00","AQ GEN Z","Plus Blue",11,377.4069000000,4151.4759000000,0.30
"2021-01-01 00:00:00","AQ GEN Z","Plus Blue",28,377.4069000000,10567.3932000000,0.30
"2020-12-01 00:00:00","AQ GEN Z","Plus Blue",19,377.4069000000,7170.7311000000,0.30
"2020-10-01 00:00:00","AQ GEN Z","Plus Blue",36,377.4069000000,13586.6484000000,0.30
"2020-09-01 00:00:00","AQ GEN Z","Plus Blue",11,377.4069000000,4151.4759000000,0.30
"2021-08-01 00:00:00","AQ Smash 2","Standard Cool Blue",11,627.9938000000,6907.9318000000,0.30
"2021-08-01 00:00:00","AQ BZ Compact","Standard Red",12,452.1420000000,5425.7040000000,0.30
"2021-08-01 00:00:00","AQ Pen Drive DRC",Plus,1538,3.8531000000,5926.0678000000,0.30
"2021-06-01 00:00:00","AQ Smash 2","Standard Cool Blue",6,627.9938000000,3767.9628000000,0.30
"2021-06-01 00:00:00","AQ BZ Compact","Standard Red",15,452.1420000000,6782.1300000000,0.30
"2021-06-01 00:00:00","AQ Pen Drive DRC",Plus,1295,3.8531000000,4989.7645000000,0.30
"2021-05-01 00:00:00","AQ Smash 2","Standard Cool Blue",6,627.9938000000,3767.9628000000,0.30
"2021-05-01 00:00:00","AQ BZ Compact","Standard Red",13,452.1420000000,5877.8460000000,0.30
"2021-05-01 00:00:00","AQ Pen Drive DRC",Plus,472,3.8531000000,1818.6632000000,0.30
"2021-04-01 00:00:00","AQ Smash 2","Standard Cool Blue",3,627.9938000000,1883.9814000000,0.30
"2021-04-01 00:00:00","AQ BZ Compact","Standard Red",5,452.1420000000,2260.7100000000,0.30
"2021-04-01 00:00:00","AQ Pen Drive DRC",Plus,1098,3.8531000000,4230.7038000000,0.30
"2021-02-01 00:00:00","AQ Smash 2","Standard Cool Blue",14,627.9938000000,8791.9132000000,0.30
"2021-02-01 00:00:00","AQ BZ Compact","Standard Red",22,452.1420000000,9947.1240000000,0.30
"2021-02-01 00:00:00","AQ Pen Drive DRC",Plus,345,3.8531000000,1329.3195000000,0.30
"2021-01-01 00:00:00","AQ Smash 2","Standard Cool Blue",9,627.9938000000,5651.9442000000,0.30
"2021-01-01 00:00:00","AQ BZ Compact","Standard Red",24,452.1420000000,10851.4080000000,0.30
"2021-01-01 00:00:00","AQ Pen Drive DRC",Plus,1250,3.8531000000,4816.3750000000,0.30
"2020-12-01 00:00:00","AQ Smash 2","Standard Cool Blue",25,627.9938000000,15699.8450000000,0.30
"2020-12-01 00:00:00","AQ BZ Compact","Standard Red",22,452.1420000000,9947.1240000000,0.30
"2020-12-01 00:00:00","AQ Pen Drive DRC",Plus,722,3.8531000000,2781.9382000000,0.30
"2020-10-01 00:00:00","AQ Smash 2","Standard Cool Blue",20,627.9938000000,12559.8760000000,0.30
"2020-10-01 00:00:00","AQ BZ Compact","Standard Red",37,452.1420000000,16729.2540000000,0.30
"2020-10-01 00:00:00","AQ Pen Drive DRC",Plus,2256,3.8531000000,8692.5936000000,0.30
"2020-09-01 00:00:00","AQ Smash 2","Standard Cool Blue",13,627.9938000000,8163.9194000000,0.30
"2020-09-01 00:00:00","AQ BZ Compact","Standard Red",10,452.1420000000,4521.4200000000,0.30
"2020-09-01 00:00:00","AQ Pen Drive DRC",Plus,855,3.8531000000,3294.4005000000,0.30
"2021-08-01 00:00:00","AQ Gamer 2","Premium Black",8,599.2302000000,4793.8416000000,0.30
"2021-08-01 00:00:00","AQ BZ Compact","Plus Grey",22,447.7337000000,9850.1414000000,0.30
"2021-06-01 00:00:00","AQ Gamer 2","Premium Black",6,599.2302000000,3595.3812000000,0.30
"2021-06-01 00:00:00","AQ BZ Compact","Plus Grey",26,447.7337000000,11641.0762000000,0.30
"2021-05-01 00:00:00","AQ Gamer 2","Premium Black",16,599.2302000000,9587.6832000000,0.30
"2021-05-01 00:00:00","AQ BZ Compact","Plus Grey",9,447.7337000000,4029.6033000000,0.30
"2021-04-01 00:00:00","AQ Gamer 2","Premium Black",12,599.2302000000,7190.7624000000,0.30
"2021-04-01 00:00:00","AQ BZ Compact","Plus Grey",12,447.7337000000,5372.8044000000,0.30
"2021-02-01 00:00:00","AQ Gamer 2","Premium Black",12,599.2302000000,7190.7624000000,0.30
"2021-02-01 00:00:00","AQ BZ Compact","Plus Grey",12,447.7337000000,5372.8044000000,0.30
"2021-01-01 00:00:00","AQ Gamer 2","Premium Black",5,599.2302000000,2996.1510000000,0.30
"2021-01-01 00:00:00","AQ BZ Compact","Plus Grey",11,447.7337000000,4925.0707000000,0.30
"2020-12-01 00:00:00","AQ Gamer 2","Premium Black",6,599.2302000000,3595.3812000000,0.30
"2020-12-01 00:00:00","AQ BZ Compact","Plus Grey",47,447.7337000000,21043.4839000000,0.30
"2020-10-01 00:00:00","AQ Gamer 2","Premium Black",14,599.2302000000,8389.2228000000,0.30
"2020-10-01 00:00:00","AQ BZ Compact","Plus Grey",14,447.7337000000,6268.2718000000,0.30
"2020-09-01 00:00:00","AQ Gamer 2","Premium Black",5,599.2302000000,2996.1510000000,0.30
"2020-09-01 00:00:00","AQ BZ Compact","Plus Grey",14,447.7337000000,6268.2718000000,0.30
"2021-08-01 00:00:00","AQ BZ 101","Premium Misty Green",18,460.2805000000,8285.0490000000,0.30
"2021-06-01 00:00:00","AQ BZ 101","Premium Misty Green",23,460.2805000000,10586.4515000000,0.30
"2021-05-01 00:00:00","AQ BZ 101","Premium Misty Green",26,460.2805000000,11967.2930000000,0.30
"2021-04-01 00:00:00","AQ BZ 101","Premium Misty Green",29,460.2805000000,13348.1345000000,0.30
"2021-02-01 00:00:00","AQ BZ 101","Premium Misty Green",24,460.2805000000,11046.7320000000,0.30
"2021-01-01 00:00:00","AQ BZ 101","Premium Misty Green",16,460.2805000000,7364.4880000000,0.30
"2020-12-01 00:00:00","AQ BZ 101","Premium Misty Green",41,460.2805000000,18871.5005000000,0.30
"2020-10-01 00:00:00","AQ BZ 101","Premium Misty Green",33,460.2805000000,15189.2565000000,0.30
"2020-09-01 00:00:00","AQ BZ 101","Premium Misty Green",15,460.2805000000,6904.2075000000,0.30
"2021-08-01 00:00:00","AQ BZ Gen Y","Standard Grey",18,479.0441000000,8622.7938000000,0.30
"2021-06-01 00:00:00","AQ BZ Gen Y","Standard Grey",7,479.0441000000,3353.3087000000,0.30
"2021-05-01 00:00:00","AQ BZ Gen Y","Standard Grey",22,479.0441000000,10538.9702000000,0.30
"2021-04-01 00:00:00","AQ BZ Gen Y","Standard Grey",19,479.0441000000,9101.8379000000,0.30
"2021-02-01 00:00:00","AQ BZ Gen Y","Standard Grey",19,479.0441000000,9101.8379000000,0.30
"2021-01-01 00:00:00","AQ BZ Gen Y","Standard Grey",22,479.0441000000,10538.9702000000,0.30
"2020-12-01 00:00:00","AQ BZ Gen Y","Standard Grey",40,479.0441000000,19161.7640000000,0.30
"2020-10-01 00:00:00","AQ BZ Gen Y","Standard Grey",11,479.0441000000,5269.4851000000,0.30
"2020-09-01 00:00:00","AQ BZ Gen Y","Standard Grey",10,479.0441000000,4790.4410000000,0.30
"2021-08-01 00:00:00","AQ Gamer 3","Standard Cool Blue",10,605.8642000000,6058.6420000000,0.30
"2021-06-01 00:00:00","AQ Gamer 3","Standard Cool Blue",12,605.8642000000,7270.3704000000,0.30
"2021-05-01 00:00:00","AQ Gamer 3","Standard Cool Blue",15,605.8642000000,9087.9630000000,0.30
"2021-04-01 00:00:00","AQ Gamer 3","Standard Cool Blue",6,605.8642000000,3635.1852000000,0.30
"2021-02-01 00:00:00","AQ Gamer 3","Standard Cool Blue",15,605.8642000000,9087.9630000000,0.30
"2021-01-01 00:00:00","AQ Gamer 3","Standard Cool Blue",12,605.8642000000,7270.3704000000,0.30
"2020-12-01 00:00:00","AQ Gamer 3","Standard Cool Blue",30,605.8642000000,18175.9260000000,0.30
"2020-10-01 00:00:00","AQ Gamer 3","Standard Cool Blue",15,605.8642000000,9087.9630000000,0.30
"2020-09-01 00:00:00","AQ Gamer 3","Standard Cool Blue",13,605.8642000000,7876.2346000000,0.30
"2021-08-01 00:00:00","AQ BZ Compact","Premium Misty Green",21,467.3047000000,9813.3987000000,0.30
"2021-06-01 00:00:00","AQ BZ Compact","Premium Misty Green",16,467.3047000000,7476.8752000000,0.30
"2021-05-01 00:00:00","AQ BZ Compact","Premium Misty Green",27,467.3047000000,12617.2269000000,0.30
"2021-04-01 00:00:00","AQ BZ Compact","Premium Misty Green",25,467.3047000000,11682.6175000000,0.30
"2021-02-01 00:00:00","AQ BZ Compact","Premium Misty Green",10,467.3047000000,4673.0470000000,0.30
"2021-01-01 00:00:00","AQ BZ Compact","Premium Misty Green",11,467.3047000000,5140.3517000000,0.30
"2020-12-01 00:00:00","AQ BZ Compact","Premium Misty Green",36,467.3047000000,16822.9692000000,0.30
"2020-10-01 00:00:00","AQ BZ Compact","Premium Misty Green",36,467.3047000000,16822.9692000000,0.30
"2020-09-01 00:00:00","AQ BZ Compact","Premium Misty Green",19,467.3047000000,8878.7893000000,0.30
"2021-08-01 00:00:00","AQ HOME Allin1 Gen 2","Plus 1",5,807.2638000000,4036.3190000000,0.30
"2021-08-01 00:00:00","AQ BZ Gen Z","Premium Misty Green",9,533.0397000000,4797.3573000000,0.30
"2021-06-01 00:00:00","AQ HOME Allin1 Gen 2","Plus 1",6,807.2638000000,4843.5828000000,0.30
"2021-06-01 00:00:00","AQ BZ Gen Z","Premium Misty Green",22,533.0397000000,11726.8734000000,0.30
"2021-05-01 00:00:00","AQ HOME Allin1 Gen 2","Plus 1",2,807.2638000000,1614.5276000000,0.30
"2021-05-01 00:00:00","AQ BZ Gen Z","Premium Misty Green",8,533.0397000000,4264.3176000000,0.30
"2021-04-01 00:00:00","AQ HOME Allin1 Gen 2","Plus 1",2,807.2638000000,1614.5276000000,0.30
"2021-04-01 00:00:00","AQ BZ Gen Z","Premium Misty Green",16,533.0397000000,8528.6352000000,0.30
"2021-02-01 00:00:00","AQ HOME Allin1 Gen 2","Plus 1",4,807.2638000000,3229.0552000000,0.30
"2021-02-01 00:00:00","AQ BZ Gen Z","Premium Misty Green",9,533.0397000000,4797.3573000000,0.30
"2021-01-01 00:00:00","AQ HOME Allin1 Gen 2","Plus 1",6,807.2638000000,4843.5828000000,0.30
"2021-01-01 00:00:00","AQ BZ Gen Z","Premium Misty Green",27,533.0397000000,14392.0719000000,0.30
"2020-12-01 00:00:00","AQ HOME Allin1 Gen 2","Plus 1",6,807.2638000000,4843.5828000000,0.30
"2020-12-01 00:00:00","AQ BZ Gen Z","Premium Misty Green",19,533.0397000000,10127.7543000000,0.30
"2020-10-01 00:00:00","AQ HOME Allin1 Gen 2","Plus 1",7,807.2638000000,5650.8466000000,0.30
"2020-10-01 00:00:00","AQ BZ Gen Z","Premium Misty Green",36,533.0397000000,19189.4292000000,0.30
"2020-09-01 00:00:00","AQ HOME Allin1 Gen 2","Plus 1",2,807.2638000000,1614.5276000000,0.30
"2020-09-01 00:00:00","AQ BZ Gen Z","Premium Misty Green",12,533.0397000000,6396.4764000000,0.30
"2021-08-01 00:00:00","AQ Gamer 1","Plus Black",7,565.8747000000,3961.1229000000,0.30
"2021-08-01 00:00:00","AQ BZ Compact","Plus Red",6,475.5544000000,2853.3264000000,0.30
"2021-06-01 00:00:00","AQ Gamer 1","Plus Black",10,565.8747000000,5658.7470000000,0.30
"2021-06-01 00:00:00","AQ BZ Compact","Plus Red",13,475.5544000000,6182.2072000000,0.30
"2021-05-01 00:00:00","AQ Gamer 1","Plus Black",9,565.8747000000,5092.8723000000,0.30
"2021-05-01 00:00:00","AQ BZ Compact","Plus Red",9,475.5544000000,4279.9896000000,0.30
"2021-04-01 00:00:00","AQ Gamer 1","Plus Black",9,565.8747000000,5092.8723000000,0.30
"2021-04-01 00:00:00","AQ BZ Compact","Plus Red",9,475.5544000000,4279.9896000000,0.30
"2021-02-01 00:00:00","AQ Gamer 1","Plus Black",4,565.8747000000,2263.4988000000,0.30
"2021-02-01 00:00:00","AQ BZ Compact","Plus Red",26,475.5544000000,12364.4144000000,0.30
"2021-01-01 00:00:00","AQ Gamer 1","Plus Black",16,565.8747000000,9053.9952000000,0.30
"2021-01-01 00:00:00","AQ BZ Compact","Plus Red",22,475.5544000000,10462.1968000000,0.30
"2020-12-01 00:00:00","AQ Gamer 1","Plus Black",7,565.8747000000,3961.1229000000,0.30
"2020-12-01 00:00:00","AQ BZ Compact","Plus Red",21,475.5544000000,9986.6424000000,0.30
"2020-10-01 00:00:00","AQ Gamer 1","Plus Black",13,565.8747000000,7356.3711000000,0.30
"2020-10-01 00:00:00","AQ BZ Compact","Plus Red",9,475.5544000000,4279.9896000000,0.30
"2020-09-01 00:00:00","AQ Gamer 1","Plus Black",14,565.8747000000,7922.2458000000,0.30
"2020-09-01 00:00:00","AQ BZ Compact","Plus Red",27,475.5544000000,12839.9688000000,0.30
"2021-08-01 00:00:00","AQ GEN Z","Plus Grey",13,380.2153000000,4942.7989000000,0.30
"2021-06-01 00:00:00","AQ GEN Z","Plus Grey",36,380.2153000000,13687.7508000000,0.30
"2021-05-01 00:00:00","AQ GEN Z","Plus Grey",22,380.2153000000,8364.7366000000,0.30
"2021-04-01 00:00:00","AQ GEN Z","Plus Grey",7,380.2153000000,2661.5071000000,0.30
"2021-02-01 00:00:00","AQ GEN Z","Plus Grey",40,380.2153000000,15208.6120000000,0.30
"2021-01-01 00:00:00","AQ GEN Z","Plus Grey",15,380.2153000000,5703.2295000000,0.30
"2020-12-01 00:00:00","AQ GEN Z","Plus Grey",48,380.2153000000,18250.3344000000,0.30
"2020-10-01 00:00:00","AQ GEN Z","Plus Grey",44,380.2153000000,16729.4732000000,0.30
"2020-09-01 00:00:00","AQ GEN Z","Plus Grey",38,380.2153000000,14448.1814000000,0.30
"2021-08-01 00:00:00","AQ HOME Allin1 Gen 2","Plus 2",1,834.9812000000,834.9812000000,0.30
"2021-06-01 00:00:00","AQ HOME Allin1 Gen 2","Plus 2",1,834.9812000000,834.9812000000,0.30
"2021-05-01 00:00:00","AQ HOME Allin1 Gen 2","Plus 2",3,834.9812000000,2504.9436000000,0.30
"2021-04-01 00:00:00","AQ HOME Allin1 Gen 2","Plus 2",1,834.9812000000,834.9812000000,0.30
"2021-02-01 00:00:00","AQ HOME Allin1 Gen 2","Plus 2",5,834.9812000000,4174.9060000000,0.30
"2021-01-01 00:00:00","AQ HOME Allin1 Gen 2","Plus 2",2,834.9812000000,1669.9624000000,0.30
"2020-12-01 00:00:00","AQ HOME Allin1 Gen 2","Plus 2",8,834.9812000000,6679.8496000000,0.30
"2020-10-01 00:00:00","AQ HOME Allin1 Gen 2","Plus 2",7,834.9812000000,5844.8684000000,0.30
"2020-09-01 00:00:00","AQ HOME Allin1 Gen 2","Plus 2",2,834.9812000000,1669.9624000000,0.30
"2021-08-01 00:00:00","AQ BZ Gen Z","Premium Black",12,545.5931000000,6547.1172000000,0.30
"2021-08-01 00:00:00","AQ Digit SSD",Standard,886,13.5941000000,12044.3726000000,0.30
"2021-06-01 00:00:00","AQ BZ Gen Z","Premium Black",12,545.5931000000,6547.1172000000,0.30
"2021-06-01 00:00:00","AQ Digit SSD",Standard,1011,13.5941000000,13743.6351000000,0.30
"2021-05-01 00:00:00","AQ BZ Gen Z","Premium Black",8,545.5931000000,4364.7448000000,0.30
"2021-05-01 00:00:00","AQ Digit SSD",Standard,599,13.5941000000,8142.8659000000,0.30
"2021-04-01 00:00:00","AQ BZ Gen Z","Premium Black",7,545.5931000000,3819.1517000000,0.30
"2021-04-01 00:00:00","AQ Digit SSD",Standard,601,13.5941000000,8170.0541000000,0.30
"2021-02-01 00:00:00","AQ BZ Gen Z","Premium Black",7,545.5931000000,3819.1517000000,0.30
"2021-02-01 00:00:00","AQ Digit SSD",Standard,944,13.5941000000,12832.8304000000,0.30
"2021-01-01 00:00:00","AQ BZ Gen Z","Premium Black",12,545.5931000000,6547.1172000000,0.30
"2021-01-01 00:00:00","AQ Digit SSD",Standard,266,13.5941000000,3616.0306000000,0.30
"2020-12-01 00:00:00","AQ BZ Gen Z","Premium Black",23,545.5931000000,12548.6413000000,0.30
"2020-12-01 00:00:00","AQ Digit SSD",Standard,341,13.5941000000,4635.5881000000,0.30
"2020-10-01 00:00:00","AQ BZ Gen Z","Premium Black",25,545.5931000000,13639.8275000000,0.30
"2020-10-01 00:00:00","AQ Digit SSD",Standard,565,13.5941000000,7680.6665000000,0.30
"2020-09-01 00:00:00","AQ BZ Gen Z","Premium Black",22,545.5931000000,12003.0482000000,0.30
"2020-09-01 00:00:00","AQ Digit SSD",Standard,139,13.5941000000,1889.5799000000,0.30
"2021-08-01 00:00:00","AQ Home Allin1","Plus 1",4,749.0987000000,2996.3948000000,0.30
"2021-08-01 00:00:00","AQ Gamer 2","Plus Cool Blue",12,570.7578000000,6849.0936000000,0.30
"2021-08-01 00:00:00","AQ Gamer 2","Standard Cool Blue",6,567.9271000000,3407.5626000000,0.30
"2021-06-01 00:00:00","AQ Home Allin1","Plus 1",3,749.0987000000,2247.2961000000,0.30
"2021-06-01 00:00:00","AQ Gamer 2","Plus Cool Blue",13,570.7578000000,7419.8514000000,0.30
"2021-06-01 00:00:00","AQ Gamer 2","Standard Cool Blue",10,567.9271000000,5679.2710000000,0.30
"2021-05-01 00:00:00","AQ Home Allin1","Plus 1",3,749.0987000000,2247.2961000000,0.30
"2021-05-01 00:00:00","AQ Gamer 2","Plus Cool Blue",5,570.7578000000,2853.7890000000,0.30
"2021-05-01 00:00:00","AQ Gamer 2","Standard Cool Blue",5,567.9271000000,2839.6355000000,0.30
"2021-04-01 00:00:00","AQ Home Allin1","Plus 1",6,749.0987000000,4494.5922000000,0.30
"2021-04-01 00:00:00","AQ Gamer 2","Plus Cool Blue",16,570.7578000000,9132.1248000000,0.30
"2021-04-01 00:00:00","AQ Gamer 2","Standard Cool Blue",13,567.9271000000,7383.0523000000,0.30
"2021-02-01 00:00:00","AQ Home Allin1","Plus 1",5,749.0987000000,3745.4935000000,0.30
"2021-02-01 00:00:00","AQ Gamer 2","Plus Cool Blue",8,570.7578000000,4566.0624000000,0.30
"2021-02-01 00:00:00","AQ Gamer 2","Standard Cool Blue",17,567.9271000000,9654.7607000000,0.30
"2021-01-01 00:00:00","AQ Home Allin1","Plus 1",4,749.0987000000,2996.3948000000,0.30
"2021-01-01 00:00:00","AQ Gamer 2","Plus Cool Blue",3,570.7578000000,1712.2734000000,0.30
"2021-01-01 00:00:00","AQ Gamer 2","Standard Cool Blue",8,567.9271000000,4543.4168000000,0.30
"2020-12-01 00:00:00","AQ Home Allin1","Plus 1",6,749.0987000000,4494.5922000000,0.30
"2020-12-01 00:00:00","AQ Gamer 2","Plus Cool Blue",25,570.7578000000,14268.9450000000,0.30
"2020-12-01 00:00:00","AQ Gamer 2","Standard Cool Blue",16,567.9271000000,9086.8336000000,0.30
"2020-10-01 00:00:00","AQ Home Allin1","Plus 1",7,749.0987000000,5243.6909000000,0.30
"2020-10-01 00:00:00","AQ Gamer 2","Plus Cool Blue",9,570.7578000000,5136.8202000000,0.30
"2020-10-01 00:00:00","AQ Gamer 2","Standard Cool Blue",16,567.9271000000,9086.8336000000,0.30
"2020-09-01 00:00:00","AQ Home Allin1","Plus 1",5,749.0987000000,3745.4935000000,0.30
"2020-09-01 00:00:00","AQ Gamer 2","Plus Cool Blue",7,570.7578000000,3995.3046000000,0.30
"2020-09-01 00:00:00","AQ Gamer 2","Standard Cool Blue",6,567.9271000000,3407.5626000000,0.30
"2021-08-01 00:00:00","AQ Gamer 1","Premium Misty Green",14,579.6609000000,8115.2526000000,0.30
"2021-06-01 00:00:00","AQ Gamer 1","Premium Misty Green",8,579.6609000000,4637.2872000000,0.30
"2021-05-01 00:00:00","AQ Gamer 1","Premium Misty Green",3,579.6609000000,1738.9827000000,0.30
"2021-04-01 00:00:00","AQ Gamer 1","Premium Misty Green",16,579.6609000000,9274.5744000000,0.30
"2021-02-01 00:00:00","AQ Gamer 1","Premium Misty Green",7,579.6609000000,4057.6263000000,0.30
"2021-01-01 00:00:00","AQ Gamer 1","Premium Misty Green",16,579.6609000000,9274.5744000000,0.30
"2020-12-01 00:00:00","AQ Gamer 1","Premium Misty Green",29,579.6609000000,16810.1661000000,0.30
"2020-10-01 00:00:00","AQ Gamer 1","Premium Misty Green",6,579.6609000000,3477.9654000000,0.30
"2020-09-01 00:00:00","AQ Gamer 1","Premium Misty Green",17,579.6609000000,9854.2353000000,0.30
"2021-08-01 00:00:00","AQ BZ Allin1","Standard 1",19,681.3022000000,12944.7418000000,0.30
"2021-06-01 00:00:00","AQ BZ Allin1","Standard 1",12,681.3022000000,8175.6264000000,0.30
"2021-05-01 00:00:00","AQ BZ Allin1","Standard 1",22,681.3022000000,14988.6484000000,0.30
"2021-04-01 00:00:00","AQ BZ Allin1","Standard 1",9,681.3022000000,6131.7198000000,0.30
"2021-02-01 00:00:00","AQ BZ Allin1","Standard 1",15,681.3022000000,10219.5330000000,0.30
"2021-01-01 00:00:00","AQ BZ Allin1","Standard 1",9,681.3022000000,6131.7198000000,0.30
"2020-12-01 00:00:00","AQ BZ Allin1","Standard 1",24,681.3022000000,16351.2528000000,0.30
"2020-10-01 00:00:00","AQ BZ Allin1","Standard 1",22,681.3022000000,14988.6484000000,0.30
"2020-09-01 00:00:00","AQ BZ Allin1","Standard 1",27,681.3022000000,18395.1594000000,0.30
"2021-08-01 00:00:00","AQ Home Allin1","Standard 3",5,770.9789000000,3854.8945000000,0.30
"2021-06-01 00:00:00","AQ Home Allin1","Standard 3",4,770.9789000000,3083.9156000000,0.30
"2021-05-01 00:00:00","AQ Home Allin1","Standard 3",2,770.9789000000,1541.9578000000,0.30
"2021-04-01 00:00:00","AQ Home Allin1","Standard 3",5,770.9789000000,3854.8945000000,0.30
"2021-02-01 00:00:00","AQ Home Allin1","Standard 3",2,770.9789000000,1541.9578000000,0.30
"2021-01-01 00:00:00","AQ Home Allin1","Standard 3",1,770.9789000000,770.9789000000,0.30
"2020-12-01 00:00:00","AQ Home Allin1","Standard 3",5,770.9789000000,3854.8945000000,0.30
"2020-10-01 00:00:00","AQ Home Allin1","Standard 3",2,770.9789000000,1541.9578000000,0.30
"2020-09-01 00:00:00","AQ Home Allin1","Standard 3",6,770.9789000000,4625.8734000000,0.30
"2021-08-01 00:00:00","AQ Gamer 3","Premium Misty Green",16,590.1159000000,9441.8544000000,0.30
"2021-08-01 00:00:00","AQ BZ Allin1","Premium 2",13,746.7388000000,9707.6044000000,0.30
"2021-06-01 00:00:00","AQ Gamer 3","Premium Misty Green",15,590.1159000000,8851.7385000000,0.30
"2021-06-01 00:00:00","AQ BZ Allin1","Premium 2",11,746.7388000000,8214.1268000000,0.30
"2021-05-01 00:00:00","AQ Gamer 3","Premium Misty Green",16,590.1159000000,9441.8544000000,0.30
"2021-05-01 00:00:00","AQ BZ Allin1","Premium 2",19,746.7388000000,14188.0372000000,0.30
"2021-04-01 00:00:00","AQ Gamer 3","Premium Misty Green",17,590.1159000000,10031.9703000000,0.30
"2021-04-01 00:00:00","AQ BZ Allin1","Premium 2",16,746.7388000000,11947.8208000000,0.30
"2021-02-01 00:00:00","AQ Gamer 3","Premium Misty Green",6,590.1159000000,3540.6954000000,0.30
"2021-02-01 00:00:00","AQ BZ Allin1","Premium 2",27,746.7388000000,20161.9476000000,0.30
"2021-01-01 00:00:00","AQ Gamer 3","Premium Misty Green",7,590.1159000000,4130.8113000000,0.30
"2021-01-01 00:00:00","AQ BZ Allin1","Premium 2",22,746.7388000000,16428.2536000000,0.30
"2020-12-01 00:00:00","AQ Gamer 3","Premium Misty Green",22,590.1159000000,12982.5498000000,0.30
"2020-12-01 00:00:00","AQ BZ Allin1","Premium 2",51,746.7388000000,38083.6788000000,0.30
"2020-10-01 00:00:00","AQ Gamer 3","Premium Misty Green",19,590.1159000000,11212.2021000000,0.30
"2020-10-01 00:00:00","AQ BZ Allin1","Premium 2",32,746.7388000000,23895.6416000000,0.30
"2020-09-01 00:00:00","AQ Gamer 3","Premium Misty Green",11,590.1159000000,6491.2749000000,0.30
"2020-09-01 00:00:00","AQ BZ Allin1","Premium 2",18,746.7388000000,13441.2984000000,0.30
"2021-08-01 00:00:00","AQ Smash 2","Standard Firey Red",12,649.6929000000,7796.3148000000,0.30
"2021-08-01 00:00:00","AQ BZ Compact","Standard Blue",19,462.5568000000,8788.5792000000,0.30
"2021-06-01 00:00:00","AQ Smash 2","Standard Firey Red",11,649.6929000000,7146.6219000000,0.30
"2021-06-01 00:00:00","AQ BZ Compact","Standard Blue",14,462.5568000000,6475.7952000000,0.30
"2021-05-01 00:00:00","AQ Smash 2","Standard Firey Red",3,649.6929000000,1949.0787000000,0.30
"2021-05-01 00:00:00","AQ BZ Compact","Standard Blue",11,462.5568000000,5088.1248000000,0.30
"2021-04-01 00:00:00","AQ Smash 2","Standard Firey Red",14,649.6929000000,9095.7006000000,0.30
"2021-04-01 00:00:00","AQ BZ Compact","Standard Blue",21,462.5568000000,9713.6928000000,0.30
"2021-02-01 00:00:00","AQ Smash 2","Standard Firey Red",14,649.6929000000,9095.7006000000,0.30
"2021-02-01 00:00:00","AQ BZ Compact","Standard Blue",9,462.5568000000,4163.0112000000,0.30
"2021-01-01 00:00:00","AQ Smash 2","Standard Firey Red",14,649.6929000000,9095.7006000000,0.30
"2021-01-01 00:00:00","AQ BZ Compact","Standard Blue",14,462.5568000000,6475.7952000000,0.30
"2020-12-01 00:00:00","AQ Smash 2","Standard Firey Red",9,649.6929000000,5847.2361000000,0.30
"2020-12-01 00:00:00","AQ BZ Compact","Standard Blue",35,462.5568000000,16189.4880000000,0.30
"2020-10-01 00:00:00","AQ Smash 2","Standard Firey Red",21,649.6929000000,13643.5509000000,0.30
"2020-10-01 00:00:00","AQ BZ Compact","Standard Blue",11,462.5568000000,5088.1248000000,0.30
"2020-09-01 00:00:00","AQ Smash 2","Standard Firey Red",7,649.6929000000,4547.8503000000,0.30
"2020-09-01 00:00:00","AQ BZ Compact","Standard Blue",16,462.5568000000,7400.9088000000,0.30
"2021-08-01 00:00:00","AQ HOME Allin1 Gen 2","Standard 1",5,824.0889000000,4120.4445000000,0.30
"2021-06-01 00:00:00","AQ HOME Allin1 Gen 2","Standard 1",1,824.0889000000,824.0889000000,0.30
"2021-05-01 00:00:00","AQ HOME Allin1 Gen 2","Standard 1",4,824.0889000000,3296.3556000000,0.30
"2021-04-01 00:00:00","AQ HOME Allin1 Gen 2","Standard 1",4,824.0889000000,3296.3556000000,0.30
"2021-02-01 00:00:00","AQ HOME Allin1 Gen 2","Standard 1",2,824.0889000000,1648.1778000000,0.30
"2021-01-01 00:00:00","AQ HOME Allin1 Gen 2","Standard 1",2,824.0889000000,1648.1778000000,0.30
"2020-12-01 00:00:00","AQ HOME Allin1 Gen 2","Standard 1",8,824.0889000000,6592.7112000000,0.30
"2020-10-01 00:00:00","AQ HOME Allin1 Gen 2","Standard 1",3,824.0889000000,2472.2667000000,0.30
"2020-09-01 00:00:00","AQ HOME Allin1 Gen 2","Standard 1",2,824.0889000000,1648.1778000000,0.30
"2021-08-01 00:00:00","AQ Gamer 3","Standard Black",11,604.2721000000,6646.9931000000,0.30
"2021-08-01 00:00:00","AQ BZ Gen Z","Standard Blue",24,490.1582000000,11763.7968000000,0.30
"2021-06-01 00:00:00","AQ Gamer 3","Standard Black",3,604.2721000000,1812.8163000000,0.30
"2021-06-01 00:00:00","AQ BZ Gen Z","Standard Blue",16,490.1582000000,7842.5312000000,0.30
"2021-05-01 00:00:00","AQ Gamer 3","Standard Black",9,604.2721000000,5438.4489000000,0.30
"2021-05-01 00:00:00","AQ BZ Gen Z","Standard Blue",5,490.1582000000,2450.7910000000,0.30
"2021-04-01 00:00:00","AQ Gamer 3","Standard Black",12,604.2721000000,7251.2652000000,0.30
"2021-04-01 00:00:00","AQ BZ Gen Z","Standard Blue",6,490.1582000000,2940.9492000000,0.30
"2021-02-01 00:00:00","AQ Gamer 3","Standard Black",16,604.2721000000,9668.3536000000,0.30
"2021-02-01 00:00:00","AQ BZ Gen Z","Standard Blue",11,490.1582000000,5391.7402000000,0.30
"2021-01-01 00:00:00","AQ Gamer 3","Standard Black",15,604.2721000000,9064.0815000000,0.30
"2021-01-01 00:00:00","AQ BZ Gen Z","Standard Blue",13,490.1582000000,6372.0566000000,0.30
"2020-12-01 00:00:00","AQ Gamer 3","Standard Black",30,604.2721000000,18128.1630000000,0.30
"2020-12-01 00:00:00","AQ BZ Gen Z","Standard Blue",40,490.1582000000,19606.3280000000,0.30
"2020-10-01 00:00:00","AQ Gamer 3","Standard Black",6,604.2721000000,3625.6326000000,0.30
"2020-10-01 00:00:00","AQ BZ Gen Z","Standard Blue",34,490.1582000000,16665.3788000000,0.30
"2020-09-01 00:00:00","AQ Gamer 3","Standard Black",4,604.2721000000,2417.0884000000,0.30
"2020-09-01 00:00:00","AQ BZ Gen Z","Standard Blue",20,490.1582000000,9803.1640000000,0.30
"2021-08-01 00:00:00","AQ Wi Power Dx1",Premium,137,28.7736000000,3941.9832000000,0.30
"2021-06-01 00:00:00","AQ Wi Power Dx1",Premium,444,28.7736000000,12775.4784000000,0.30
"2021-05-01 00:00:00","AQ Wi Power Dx1",Premium,337,28.7736000000,9696.7032000000,0.30
"2021-04-01 00:00:00","AQ Wi Power Dx1",Premium,128,28.7736000000,3683.0208000000,0.30
"2021-02-01 00:00:00","AQ Wi Power Dx1",Premium,465,28.7736000000,13379.7240000000,0.30
"2021-01-01 00:00:00","AQ Wi Power Dx1",Premium,239,28.7736000000,6876.8904000000,0.30
"2020-12-01 00:00:00","AQ Wi Power Dx1",Premium,293,28.7736000000,8430.6648000000,0.30
"2020-10-01 00:00:00","AQ Wi Power Dx1",Premium,618,28.7736000000,17782.0848000000,0.30
"2020-09-01 00:00:00","AQ Wi Power Dx1",Premium,480,28.7736000000,13811.3280000000,0.30
"2021-08-01 00:00:00","AQ GEN Z","Standard Grey",9,367.7335000000,3309.6015000000,0.30
"2021-08-01 00:00:00","AQ Home Allin1","Plus 3",5,787.5874000000,3937.9370000000,0.30
"2021-08-01 00:00:00","AQ BZ Compact","Plus Blue",11,486.1763000000,5347.9393000000,0.30
"2021-06-01 00:00:00","AQ GEN Z","Standard Grey",37,367.7335000000,13606.1395000000,0.30
"2021-06-01 00:00:00","AQ Home Allin1","Plus 3",2,787.5874000000,1575.1748000000,0.30
"2021-06-01 00:00:00","AQ BZ Compact","Plus Blue",24,486.1763000000,11668.2312000000,0.30
"2021-05-01 00:00:00","AQ GEN Z","Standard Grey",12,367.7335000000,4412.8020000000,0.30
"2021-05-01 00:00:00","AQ Home Allin1","Plus 3",2,787.5874000000,1575.1748000000,0.30
"2021-05-01 00:00:00","AQ BZ Compact","Plus Blue",24,486.1763000000,11668.2312000000,0.30
"2021-04-01 00:00:00","AQ GEN Z","Standard Grey",38,367.7335000000,13973.8730000000,0.30
"2021-04-01 00:00:00","AQ Home Allin1","Plus 3",5,787.5874000000,3937.9370000000,0.30
"2021-04-01 00:00:00","AQ BZ Compact","Plus Blue",28,486.1763000000,13612.9364000000,0.30
"2021-02-01 00:00:00","AQ GEN Z","Standard Grey",40,367.7335000000,14709.3400000000,0.30
"2021-02-01 00:00:00","AQ Home Allin1","Plus 3",1,787.5874000000,787.5874000000,0.30
"2021-02-01 00:00:00","AQ BZ Compact","Plus Blue",12,486.1763000000,5834.1156000000,0.30
"2021-01-01 00:00:00","AQ GEN Z","Standard Grey",11,367.7335000000,4045.0685000000,0.30
"2021-01-01 00:00:00","AQ Home Allin1","Plus 3",4,787.5874000000,3150.3496000000,0.30
"2021-01-01 00:00:00","AQ BZ Compact","Plus Blue",15,486.1763000000,7292.6445000000,0.30
"2020-12-01 00:00:00","AQ GEN Z","Standard Grey",30,367.7335000000,11032.0050000000,0.30
"2020-12-01 00:00:00","AQ Home Allin1","Plus 3",2,787.5874000000,1575.1748000000,0.30
"2020-12-01 00:00:00","AQ BZ Compact","Plus Blue",18,486.1763000000,8751.1734000000,0.30
"2020-10-01 00:00:00","AQ GEN Z","Standard Grey",35,367.7335000000,12870.6725000000,0.30
"2020-10-01 00:00:00","AQ Home Allin1","Plus 3",7,787.5874000000,5513.1118000000,0.30
"2020-10-01 00:00:00","AQ BZ Compact","Plus Blue",32,486.1763000000,15557.6416000000,0.30
"2020-09-01 00:00:00","AQ GEN Z","Standard Grey",10,367.7335000000,3677.3350000000,0.30
"2020-09-01 00:00:00","AQ Home Allin1","Plus 3",6,787.5874000000,4725.5244000000,0.30
"2020-09-01 00:00:00","AQ BZ Compact","Plus Blue",24,486.1763000000,11668.2312000000,0.30
"2021-08-01 00:00:00","AQ GEN Z","Standard Red",32,361.6496000000,11572.7872000000,0.30
"2021-08-01 00:00:00","AQ Smash 2","Standard Black",4,678.3035000000,2713.2140000000,0.30
"2021-08-01 00:00:00","AQ Smash 1","Premium Misty Green",3,657.2525000000,1971.7575000000,0.30
"2021-08-01 00:00:00","AQ Gamer 2","Plus Black",4,601.6398000000,2406.5592000000,0.30
"2021-08-01 00:00:00","AQ BZ Allin1","Standard 2",14,697.5541000000,9765.7574000000,0.30
"2021-06-01 00:00:00","AQ GEN Z","Standard Red",22,361.6496000000,7956.2912000000,0.30
"2021-06-01 00:00:00","AQ Smash 2","Standard Black",5,678.3035000000,3391.5175000000,0.30
"2021-06-01 00:00:00","AQ Smash 1","Premium Misty Green",16,657.2525000000,10516.0400000000,0.30
"2021-06-01 00:00:00","AQ Gamer 2","Plus Black",7,601.6398000000,4211.4786000000,0.30
"2021-06-01 00:00:00","AQ BZ Allin1","Standard 2",14,697.5541000000,9765.7574000000,0.30
"2021-05-01 00:00:00","AQ GEN Z","Standard Red",13,361.6496000000,4701.4448000000,0.30
"2021-05-01 00:00:00","AQ Smash 2","Standard Black",3,678.3035000000,2034.9105000000,0.30
"2021-05-01 00:00:00","AQ Smash 1","Premium Misty Green",9,657.2525000000,5915.2725000000,0.30
"2021-05-01 00:00:00","AQ Gamer 2","Plus Black",7,601.6398000000,4211.4786000000,0.30
"2021-05-01 00:00:00","AQ BZ Allin1","Standard 2",28,697.5541000000,19531.5148000000,0.30
"2021-04-01 00:00:00","AQ GEN Z","Standard Red",16,361.6496000000,5786.3936000000,0.30
"2021-04-01 00:00:00","AQ Smash 2","Standard Black",13,678.3035000000,8817.9455000000,0.30
"2021-04-01 00:00:00","AQ Smash 1","Premium Misty Green",10,657.2525000000,6572.5250000000,0.30
"2021-04-01 00:00:00","AQ Gamer 2","Plus Black",5,601.6398000000,3008.1990000000,0.30
"2021-04-01 00:00:00","AQ BZ Allin1","Standard 2",8,697.5541000000,5580.4328000000,0.30
"2021-02-01 00:00:00","AQ GEN Z","Standard Red",10,361.6496000000,3616.4960000000,0.30
"2021-02-01 00:00:00","AQ Smash 2","Standard Black",8,678.3035000000,5426.4280000000,0.30
"2021-02-01 00:00:00","AQ Smash 1","Premium Misty Green",12,657.2525000000,7887.0300000000,0.30
"2021-02-01 00:00:00","AQ Gamer 2","Plus Black",13,601.6398000000,7821.3174000000,0.30
"2021-02-01 00:00:00","AQ BZ Allin1","Standard 2",9,697.5541000000,6277.9869000000,0.30
"2021-01-01 00:00:00","AQ GEN Z","Standard Red",22,361.6496000000,7956.2912000000,0.30
"2021-01-01 00:00:00","AQ Smash 2","Standard Black",14,678.3035000000,9496.2490000000,0.30
"2021-01-01 00:00:00","AQ Smash 1","Premium Misty Green",3,657.2525000000,1971.7575000000,0.30
"2021-01-01 00:00:00","AQ Gamer 2","Plus Black",16,601.6398000000,9626.2368000000,0.30
"2021-01-01 00:00:00","AQ BZ Allin1","Standard 2",10,697.5541000000,6975.5410000000,0.30
"2020-12-01 00:00:00","AQ GEN Z","Standard Red",37,361.6496000000,13381.0352000000,0.30
"2020-12-01 00:00:00","AQ Smash 2","Standard Black",24,678.3035000000,16279.2840000000,0.30
"2020-12-01 00:00:00","AQ Smash 1","Premium Misty Green",18,657.2525000000,11830.5450000000,0.30
"2020-12-01 00:00:00","AQ Gamer 2","Plus Black",7,601.6398000000,4211.4786000000,0.30
"2020-12-01 00:00:00","AQ BZ Allin1","Standard 2",13,697.5541000000,9068.2033000000,0.30
"2020-10-01 00:00:00","AQ GEN Z","Standard Red",34,361.6496000000,12296.0864000000,0.30
"2020-10-01 00:00:00","AQ Smash 2","Standard Black",17,678.3035000000,11531.1595000000,0.30
"2020-10-01 00:00:00","AQ Smash 1","Premium Misty Green",13,657.2525000000,8544.2825000000,0.30
"2020-10-01 00:00:00","AQ Gamer 2","Plus Black",14,601.6398000000,8422.9572000000,0.30
"2020-10-01 00:00:00","AQ BZ Allin1","Standard 2",11,697.5541000000,7673.0951000000,0.30
"2020-09-01 00:00:00","AQ GEN Z","Standard Red",13,361.6496000000,4701.4448000000,0.30
"2020-09-01 00:00:00","AQ Smash 2","Standard Black",7,678.3035000000,4748.1245000000,0.30
"2020-09-01 00:00:00","AQ Smash 1","Premium Misty Green",14,657.2525000000,9201.5350000000,0.30
"2020-09-01 00:00:00","AQ Gamer 2","Plus Black",4,601.6398000000,2406.5592000000,0.30
"2020-09-01 00:00:00","AQ BZ Allin1","Standard 2",28,697.5541000000,19531.5148000000,0.30
"2021-08-01 00:00:00","AQ BZ Gen Y","Plus Red",12,486.4857000000,5837.8284000000,0.30
"2021-06-01 00:00:00","AQ BZ Gen Y","Plus Red",17,486.4857000000,8270.2569000000,0.30
"2021-05-01 00:00:00","AQ BZ Gen Y","Plus Red",21,486.4857000000,10216.1997000000,0.30
"2021-04-01 00:00:00","AQ BZ Gen Y","Plus Red",13,486.4857000000,6324.3141000000,0.30
"2021-02-01 00:00:00","AQ BZ Gen Y","Plus Red",16,486.4857000000,7783.7712000000,0.30
"2021-01-01 00:00:00","AQ BZ Gen Y","Plus Red",19,486.4857000000,9243.2283000000,0.30
"2020-12-01 00:00:00","AQ BZ Gen Y","Plus Red",18,486.4857000000,8756.7426000000,0.30
"2020-10-01 00:00:00","AQ BZ Gen Y","Plus Red",26,486.4857000000,12648.6282000000,0.30
"2020-09-01 00:00:00","AQ BZ Gen Y","Plus Red",26,486.4857000000,12648.6282000000,0.30
"2021-08-01 00:00:00","AQ BZ Compact","Premium Black",9,475.1904000000,4276.7136000000,0.30
"2021-06-01 00:00:00","AQ BZ Compact","Premium Black",7,475.1904000000,3326.3328000000,0.30
"2021-05-01 00:00:00","AQ BZ Compact","Premium Black",12,475.1904000000,5702.2848000000,0.30
"2021-04-01 00:00:00","AQ BZ Compact","Premium Black",15,475.1904000000,7127.8560000000,0.30
"2021-02-01 00:00:00","AQ BZ Compact","Premium Black",24,475.1904000000,11404.5696000000,0.30
"2021-01-01 00:00:00","AQ BZ Compact","Premium Black",24,475.1904000000,11404.5696000000,0.30
"2020-12-01 00:00:00","AQ BZ Compact","Premium Black",12,475.1904000000,5702.2848000000,0.30
"2020-10-01 00:00:00","AQ BZ Compact","Premium Black",32,475.1904000000,15206.0928000000,0.30
"2020-09-01 00:00:00","AQ BZ Compact","Premium Black",17,475.1904000000,8078.2368000000,0.30
"2021-08-01 00:00:00","AQ Gamer 3","Plus Cool Blue",13,632.4885000000,8222.3505000000,0.30
"2021-06-01 00:00:00","AQ Gamer 3","Plus Cool Blue",12,632.4885000000,7589.8620000000,0.30
"2021-05-01 00:00:00","AQ Gamer 3","Plus Cool Blue",13,632.4885000000,8222.3505000000,0.30
"2021-04-01 00:00:00","AQ Gamer 3","Plus Cool Blue",17,632.4885000000,10752.3045000000,0.30
"2021-02-01 00:00:00","AQ Gamer 3","Plus Cool Blue",11,632.4885000000,6957.3735000000,0.30
"2021-01-01 00:00:00","AQ Gamer 3","Plus Cool Blue",12,632.4885000000,7589.8620000000,0.30
"2020-12-01 00:00:00","AQ Gamer 3","Plus Cool Blue",13,632.4885000000,8222.3505000000,0.30
"2020-10-01 00:00:00","AQ Gamer 3","Plus Cool Blue",5,632.4885000000,3162.4425000000,0.30
"2020-09-01 00:00:00","AQ Gamer 3","Plus Cool Blue",6,632.4885000000,3794.9310000000,0.30
"2021-08-01 00:00:00","AQ Gamer 1","Standard Black",10,584.9722000000,5849.7220000000,0.30
"2021-06-01 00:00:00","AQ Gamer 1","Standard Black",15,584.9722000000,8774.5830000000,0.30
"2021-05-01 00:00:00","AQ Gamer 1","Standard Black",6,584.9722000000,3509.8332000000,0.30
"2021-04-01 00:00:00","AQ Gamer 1","Standard Black",10,584.9722000000,5849.7220000000,0.30
"2021-02-01 00:00:00","AQ Gamer 1","Standard Black",6,584.9722000000,3509.8332000000,0.30
"2021-01-01 00:00:00","AQ Gamer 1","Standard Black",14,584.9722000000,8189.6108000000,0.30
"2020-12-01 00:00:00","AQ Gamer 1","Standard Black",18,584.9722000000,10529.4996000000,0.30
"2020-10-01 00:00:00","AQ Gamer 1","Standard Black",16,584.9722000000,9359.5552000000,0.30
"2020-09-01 00:00:00","AQ Gamer 1","Standard Black",6,584.9722000000,3509.8332000000,0.30
"2021-08-01 00:00:00","AQ HOME Allin1 Gen 2","Plus 3",3,810.6034000000,2431.8102000000,0.30
"2021-06-01 00:00:00","AQ HOME Allin1 Gen 2","Plus 3",5,810.6034000000,4053.0170000000,0.30
"2021-05-01 00:00:00","AQ HOME Allin1 Gen 2","Plus 3",6,810.6034000000,4863.6204000000,0.30
"2021-04-01 00:00:00","AQ HOME Allin1 Gen 2","Plus 3",6,810.6034000000,4863.6204000000,0.30
"2021-02-01 00:00:00","AQ HOME Allin1 Gen 2","Plus 3",3,810.6034000000,2431.8102000000,0.30
"2021-01-01 00:00:00","AQ HOME Allin1 Gen 2","Plus 3",3,810.6034000000,2431.8102000000,0.30
"2020-12-01 00:00:00","AQ HOME Allin1 Gen 2","Plus 3",4,810.6034000000,3242.4136000000,0.30
"2020-10-01 00:00:00","AQ HOME Allin1 Gen 2","Plus 3",5,810.6034000000,4053.0170000000,0.30
"2020-09-01 00:00:00","AQ HOME Allin1 Gen 2","Plus 3",4,810.6034000000,3242.4136000000,0.30
"2021-08-01 00:00:00","AQ Gen Y","Plus Blue",13,349.2525000000,4540.2825000000,0.30
"2021-08-01 00:00:00","AQ Gen Y","Plus Grey",14,353.0982000000,4943.3748000000,0.30
"2021-08-01 00:00:00","AQ Gen Y","Standard Red",31,366.0459000000,11347.4229000000,0.30
"2021-08-01 00:00:00","AQ Gen Y","Standard Blue",23,346.6886000000,7973.8378000000,0.30
"2021-08-01 00:00:00","AQ Gen Y","Standard Grey",37,347.2474000000,12848.1538000000,0.30
"2021-08-01 00:00:00","AQ Gen X","Premium Misty Green",30,327.0930000000,9812.7900000000,0.30
"2021-08-01 00:00:00","AQ Gen X","Premium Black",30,322.9426000000,9688.2780000000,0.30
"2021-08-01 00:00:00","AQ Gen X","Plus Red",39,325.2561000000,12684.9879000000,0.30
"2021-08-01 00:00:00","AQ Gen X","Plus Blue",28,325.2156000000,9106.0368000000,0.30
"2021-08-01 00:00:00","AQ Gen X","Plus Grey",38,341.7343000000,12985.9034000000,0.30
"2021-08-01 00:00:00","AQ Gen X","Standard Red",39,306.9189000000,11969.8371000000,0.30
"2021-08-01 00:00:00","AQ Gen X","Standard Blue",37,300.3378000000,11112.4986000000,0.30
"2021-08-01 00:00:00","AQ Gen X","Standard Grey",13,311.8396000000,4053.9148000000,0.30
"2021-08-01 00:00:00","AQ Elite","Premium Misty Green",9,297.0277000000,2673.2493000000,0.30
"2021-08-01 00:00:00","AQ Elite","Premium Black",9,287.4934000000,2587.4406000000,0.30
"2021-08-01 00:00:00","AQ Elite","Plus Red",23,287.5666000000,6614.0318000000,0.30
"2021-08-01 00:00:00","AQ Elite","Plus Blue",28,291.2071000000,8153.7988000000,0.30
"2021-08-01 00:00:00","AQ Elite","Plus Grey",34,286.8973000000,9754.5082000000,0.30
"2021-08-01 00:00:00","AQ Elite","Standard Red",39,288.0503000000,11233.9617000000,0.30
"2021-08-01 00:00:00","AQ Elite","Standard Blue",36,281.9504000000,10150.2144000000,0.30
"2021-08-01 00:00:00","AQ Elite","Standard Grey",25,271.3471000000,6783.6775000000,0.30
"2021-08-01 00:00:00","AQ Velocity","Plus Red",19,275.8194000000,5240.5686000000,0.30
"2021-08-01 00:00:00","AQ Velocity","Plus Blue",34,277.8079000000,9445.4686000000,0.30
"2021-08-01 00:00:00","AQ Velocity","Plus Grey",36,267.0636000000,9614.2896000000,0.30
"2021-08-01 00:00:00","AQ Velocity","Standard Red",28,261.2305000000,7314.4540000000,0.30
"2021-08-01 00:00:00","AQ Velocity","Standard Blue",32,267.2091000000,8550.6912000000,0.30
"2021-08-01 00:00:00","AQ Velocity","Standard Grey",32,264.7000000000,8470.4000000000,0.30
"2021-08-01 00:00:00","AQ Digit","Premium Misty Green",16,243.0414000000,3888.6624000000,0.30
"2021-08-01 00:00:00","AQ Digit","Premium Black",28,249.1303000000,6975.6484000000,0.30
"2021-08-01 00:00:00","AQ Digit","Plus Red",22,237.0183000000,5214.4026000000,0.30
"2021-08-01 00:00:00","AQ Digit","Plus Blue",8,240.1403000000,1921.1224000000,0.30
"2021-08-01 00:00:00","AQ Digit","Plus Grey",28,232.1038000000,6498.9064000000,0.30
"2021-08-01 00:00:00","AQ Digit","Standard Red",33,236.8486000000,7816.0038000000,0.30
"2021-08-01 00:00:00","AQ Digit","Standard Blue",11,215.9341000000,2375.2751000000,0.30
"2021-08-01 00:00:00","AQ Digit","Standard Grey",23,200.2732000000,4606.2836000000,0.30
"2021-08-01 00:00:00","AQ Aspiron","Premium Black",28,195.7721000000,5481.6188000000,0.30
"2021-08-01 00:00:00","AQ Aspiron","Plus Red",8,187.7533000000,1502.0264000000,0.30
"2021-08-01 00:00:00","AQ Aspiron","Plus Blue",14,182.8932000000,2560.5048000000,0.30
"2021-08-01 00:00:00","AQ Electron 3 3600 Desktop Processor",Plus,69,185.4599000000,12796.7331000000,0.30
"2021-08-01 00:00:00","AQ Electron 3 3600 Desktop Processor",Standard,168,186.2917000000,31297.0056000000,0.30
"2021-08-01 00:00:00","AQ Electron 4 3600 Desktop Processor",Premium,180,176.4389000000,31759.0020000000,0.30
"2021-08-01 00:00:00","AQ Electron 4 3600 Desktop Processor",Plus,139,169.4999000000,23560.4861000000,0.30
"2021-08-01 00:00:00","AQ Electron 4 3600 Desktop Processor",Standard,84,160.5082000000,13482.6888000000,0.30
"2021-08-01 00:00:00","AQ Electron 5 3600 Desktop Processor",Premium,109,160.6912000000,17515.3408000000,0.30
"2021-08-01 00:00:00","AQ Electron 5 3600 Desktop Processor",Plus,193,150.2450000000,28997.2850000000,0.30
"2021-08-01 00:00:00","AQ Electron 5 3600 Desktop Processor",Standard,112,149.1034000000,16699.5808000000,0.30
"2021-08-01 00:00:00","AQ 5000 Series Ultron 8 5900X Desktop Processor",Premium,35,142.9402000000,5002.9070000000,0.30
"2021-08-01 00:00:00","AQ 5000 Series Ultron 8 5900X Desktop Processor",Plus,82,145.1474000000,11902.0868000000,0.30
"2021-08-01 00:00:00","AQ 5000 Series Ultron 8 5900X Desktop Processor",Standard,194,135.6822000000,26322.3468000000,0.30
"2021-08-01 00:00:00","AQ 5000 Series Electron 8 5900X Desktop Processor",Premium,154,139.8962000000,21544.0148000000,0.30
"2021-08-01 00:00:00","AQ 5000 Series Electron 8 5900X Desktop Processor",Plus,177,129.5836000000,22936.2972000000,0.30
"2021-08-01 00:00:00","AQ 5000 Series Electron 8 5900X Desktop Processor",Standard,127,124.2640000000,15781.5280000000,0.30
"2021-08-01 00:00:00","AQ 5000 Series Electron 9 5900X Desktop Processor",Premium,51,123.9315000000,6320.5065000000,0.30
"2021-08-01 00:00:00","AQ 5000 Series Electron 9 5900X Desktop Processor",Plus,173,123.4797000000,21361.9881000000,0.30
"2021-08-01 00:00:00","AQ 5000 Series Electron 9 5900X Desktop Processor",Standard,77,111.1036000000,8554.9772000000,0.30
"2021-08-01 00:00:00","AQ Lumina Ms","Standard 1",214,21.7118000000,4646.3252000000,0.30
"2021-08-01 00:00:00","AQ Trigger Ms","Premium 2",915,20.0537000000,18349.1355000000,0.30
"2021-08-01 00:00:00","AQ Trigger Ms","Premium 1",146,19.4042000000,2833.0132000000,0.30
"2021-08-01 00:00:00","AQ Trigger Ms","Plus 2",235,19.5860000000,4602.7100000000,0.30
"2021-08-01 00:00:00","AQ Trigger Ms","Plus 1",125,16.9353000000,2116.9125000000,0.30
"2021-08-01 00:00:00","AQ Trigger Ms","Standard 2",795,17.2368000000,13703.2560000000,0.30
"2021-08-01 00:00:00","AQ Trigger Ms","Standard 1",817,17.0917000000,13963.9189000000,0.30
"2021-08-01 00:00:00","AQ Qwerty Ms","Premium 2",992,16.7850000000,16650.7200000000,0.30
"2021-08-01 00:00:00","AQ Qwerty Ms","Premium 1",603,16.5882000000,10002.6846000000,0.30
"2021-08-01 00:00:00","AQ Qwerty Ms","Plus 2",772,16.5491000000,12775.9052000000,0.30
"2021-08-01 00:00:00","AQ Qwerty Ms","Plus 1",755,15.9792000000,12064.2960000000,0.30
"2021-08-01 00:00:00","AQ Qwerty Ms","Standard 2",139,15.8102000000,2197.6178000000,0.30
"2021-08-01 00:00:00","AQ Qwerty Ms","Standard 1",458,14.9013000000,6824.7954000000,0.30
"2021-08-01 00:00:00","AQ Maxima Ms","Premium 2",599,14.5677000000,8726.0523000000,0.30
"2021-08-01 00:00:00","AQ Maxima Ms","Premium 1",639,15.1762000000,9697.5918000000,0.30
"2021-08-01 00:00:00","AQ Maxima Ms","Plus 2",337,14.2800000000,4812.3600000000,0.30
"2021-08-01 00:00:00","AQ Maxima Ms","Plus 1",1015,14.1682000000,14380.7230000000,0.30
"2021-08-01 00:00:00","AQ Maxima Ms","Standard 2",441,14.5267000000,6406.2747000000,0.30
"2021-08-01 00:00:00","AQ Maxima Ms","Standard 1",456,12.0689000000,5503.4184000000,0.30
"2021-08-01 00:00:00","AQ Lite Ms","Premium 2",643,12.2979000000,7907.5497000000,0.30
"2021-08-01 00:00:00","AQ Lite Ms","Premium 1",341,12.7423000000,4345.1243000000,0.30
"2021-08-01 00:00:00","AQ Lite Ms","Plus 2",279,11.6332000000,3245.6628000000,0.30
"2021-08-01 00:00:00","AQ Lite Ms","Plus 1",584,10.8925000000,6361.2200000000,0.30
"2021-08-01 00:00:00","AQ Lite Ms","Standard 2",196,11.2819000000,2211.2524000000,0.30
"2021-08-01 00:00:00","AQ Lite Ms","Standard 1",526,11.4829000000,6040.0054000000,0.30
"2021-08-01 00:00:00","AQ Gamers Ms","Premium 2",293,10.8659000000,3183.7087000000,0.30
"2021-08-01 00:00:00","AQ Gamers Ms","Premium 1",809,10.4370000000,8443.5330000000,0.30
"2021-08-01 00:00:00","AQ Gamers Ms","Plus 2",828,10.4573000000,8658.6444000000,0.30
"2021-08-01 00:00:00","AQ Gamers Ms","Plus 1",584,9.3977000000,5488.2568000000,0.30
"2021-08-01 00:00:00","AQ Gamers Ms","Standard 2",705,8.9901000000,6338.0205000000,0.30
"2021-08-01 00:00:00","AQ Gamers Ms","Standard 1",318,8.8044000000,2799.7992000000,0.30
"2021-08-01 00:00:00","AQ Master wireless x1 Ms","Premium 2",401,8.3193000000,3336.0393000000,0.30
"2021-08-01 00:00:00","AQ Master wireless x1 Ms","Premium 1",202,7.9813000000,1612.2226000000,0.30
"2021-08-01 00:00:00","AQ Master wireless x1 Ms","Plus 2",853,7.3526000000,6271.7678000000,0.30
"2021-08-01 00:00:00","AQ Master wireless x1 Ms","Plus 1",963,6.7301000000,6481.0863000000,0.30
"2021-08-01 00:00:00","AQ Master wireless x1 Ms","Standard 2",349,6.4054000000,2235.4846000000,0.30
"2021-08-01 00:00:00","AQ Master wireless x1 Ms","Standard 1",495,5.4383000000,2691.9585000000,0.30
"2021-08-01 00:00:00","AQ Master wired x1 Ms","Premium 2",820,5.2542000000,4308.4440000000,0.30
"2021-08-01 00:00:00","AQ Master wired x1 Ms","Premium 1",659,4.6904000000,3090.9736000000,0.30
"2021-08-01 00:00:00","AQ Master wired x1 Ms","Plus 2",815,5.0459000000,4112.4085000000,0.30
"2021-08-01 00:00:00","AQ Master wired x1 Ms","Plus 1",795,4.5295000000,3600.9525000000,0.30
"2021-08-01 00:00:00","AQ Master wired x1 Ms","Standard 2",287,3.9998000000,1147.9426000000,0.30
"2021-08-01 00:00:00","AQ Master wired x1 Ms","Standard 1",216,2.9434000000,635.7744000000,0.30
"2021-08-01 00:00:00","AQ MB Lito 2","Plus 2",35,45.4377000000,1590.3195000000,0.30
"2021-08-01 00:00:00","AQ MB Lito 2","Plus 1",41,39.3932000000,1615.1212000000,0.30
"2021-08-01 00:00:00","AQ MB Lito 2",Standard,102,41.3696000000,4219.6992000000,0.30
"2021-08-01 00:00:00","AQ MB Lito",Premium,100,38.9780000000,3897.8000000000,0.30
"2021-08-01 00:00:00","AQ MB Lito","Plus 2",38,35.8350000000,1361.7300000000,0.30
"2021-08-01 00:00:00","AQ MB Lito","Plus 1",117,35.0256000000,4097.9952000000,0.30
"2021-08-01 00:00:00","AQ MB Lito",Standard,62,33.7609000000,2093.1758000000,0.30
"2021-08-01 00:00:00","AQ MB Crossx 2",Premium,41,32.2612000000,1322.7092000000,0.30
"2021-08-01 00:00:00","AQ MB Crossx 2","Plus 2",75,32.1924000000,2414.4300000000,0.30
"2021-08-01 00:00:00","AQ MB Crossx 2","Plus 1",122,31.9525000000,3898.2050000000,0.30
"2021-08-01 00:00:00","AQ MB Crossx 2",Standard,115,28.8615000000,3319.0725000000,0.30
"2021-08-01 00:00:00","AQ MB Crossx",Premium,64,28.3991000000,1817.5424000000,0.30
"2021-08-01 00:00:00","AQ MB Crossx","Plus 2",106,27.3445000000,2898.5170000000,0.30
"2021-08-01 00:00:00","AQ MB Crossx","Plus 1",81,22.8957000000,1854.5517000000,0.30
"2021-08-01 00:00:00","AQ MB Crossx",Standard,131,21.8879000000,2867.3149000000,0.30
"2021-08-01 00:00:00","AQ MB Elite",Premium,50,21.4489000000,1072.4450000000,0.30
"2021-08-01 00:00:00","AQ MB Elite","Plus 2",129,21.2017000000,2735.0193000000,0.30
"2021-08-01 00:00:00","AQ MB Elite","Plus 1",41,20.4629000000,838.9789000000,0.30
"2021-08-01 00:00:00","AQ MB Elite",Standard,33,19.6485000000,648.4005000000,0.30
"2021-08-01 00:00:00","AQ Trigger","Premium 1",394,34.5114000000,13597.4916000000,0.30
"2021-08-01 00:00:00","AQ Trigger","Plus 2",611,33.6246000000,20544.6306000000,0.30
"2021-08-01 00:00:00","AQ Trigger","Plus 1",380,31.7665000000,12071.2700000000,0.30
"2021-08-01 00:00:00","AQ Trigger","Standard 2",614,30.3414000000,18629.6196000000,0.30
"2021-08-01 00:00:00","AQ Trigger","Standard 1",875,29.3872000000,25713.8000000000,0.30
"2021-08-01 00:00:00","AQ Qwerty","Premium 2",517,29.6709000000,15339.8553000000,0.30
"2021-08-01 00:00:00","AQ Qwerty","Premium 1",491,29.8692000000,14665.7772000000,0.30
"2021-08-01 00:00:00","AQ Qwerty","Plus 2",546,27.4152000000,14968.6992000000,0.30
"2021-08-01 00:00:00","AQ Qwerty","Plus 1",620,26.9507000000,16709.4340000000,0.30
"2021-08-01 00:00:00","AQ Qwerty","Standard 2",583,23.9726000000,13976.0258000000,0.30
"2021-08-01 00:00:00","AQ Qwerty","Standard 1",414,24.5690000000,10171.5660000000,0.30
"2021-08-01 00:00:00","AQ Maxima","Premium 2",100,23.7678000000,2376.7800000000,0.30
"2021-08-01 00:00:00","AQ Maxima","Premium 1",139,23.0844000000,3208.7316000000,0.30
"2021-08-01 00:00:00","AQ Maxima","Plus 2",509,22.1341000000,11266.2569000000,0.30
"2021-08-01 00:00:00","AQ Maxima","Plus 1",389,20.8733000000,8119.7137000000,0.30
"2021-08-01 00:00:00","AQ Maxima","Standard 2",102,21.6988000000,2213.2776000000,0.30
"2021-08-01 00:00:00","AQ Maxima","Standard 1",845,20.3908000000,17230.2260000000,0.30
"2021-08-01 00:00:00","AQ Lite","Premium 2",456,20.0066000000,9123.0096000000,0.30
"2021-08-01 00:00:00","AQ Lite","Premium 1",840,18.9415000000,15910.8600000000,0.30
"2021-08-01 00:00:00","AQ Lite","Plus 2",146,18.4219000000,2689.5974000000,0.30
"2021-08-01 00:00:00","AQ Lite","Plus 1",500,18.5844000000,9292.2000000000,0.30
"2021-08-01 00:00:00","AQ Lite","Standard 2",803,18.7947000000,15092.1441000000,0.30
"2021-08-01 00:00:00","AQ Lite","Standard 1",475,18.4943000000,8784.7925000000,0.30
"2021-08-01 00:00:00","AQ Gamers","Premium 2",486,19.3003000000,9379.9458000000,0.30
"2021-08-01 00:00:00","AQ Gamers","Premium 1",118,16.3218000000,1925.9724000000,0.30
"2021-08-01 00:00:00","AQ Gamers","Plus 2",736,16.3792000000,12055.0912000000,0.30
"2021-08-01 00:00:00","AQ Gamers","Plus 1",688,16.2407000000,11173.6016000000,0.30
"2021-08-01 00:00:00","AQ Gamers","Standard 2",389,15.3071000000,5954.4619000000,0.30
"2021-08-01 00:00:00","AQ Gamers","Standard 1",287,13.5061000000,3876.2507000000,0.30
"2021-08-01 00:00:00","AQ Master wireless x1","Premium 2",720,13.0018000000,9361.2960000000,0.30
"2021-08-01 00:00:00","AQ Master wireless x1","Premium 1",319,12.0509000000,3844.2371000000,0.30
"2021-08-01 00:00:00","AQ Master wireless x1","Plus 2",741,11.6011000000,8596.4151000000,0.30
"2021-08-01 00:00:00","AQ Master wireless x1","Plus 1",312,12.3739000000,3860.6568000000,0.30
"2021-08-01 00:00:00","AQ Master wireless x1","Standard 2",385,11.0524000000,4255.1740000000,0.30
"2021-08-01 00:00:00","AQ Master wireless x1","Standard 1",836,10.7955000000,9025.0380000000,0.30
"2021-08-01 00:00:00","AQ Master wired x1","Premium 2",692,10.4188000000,7209.8096000000,0.30
"2021-08-01 00:00:00","AQ Master wired x1","Premium 1",801,9.4650000000,7581.4650000000,0.30
"2021-08-01 00:00:00","AQ Master wired x1","Plus 2",620,8.9514000000,5549.8680000000,0.30
"2021-08-01 00:00:00","AQ Master wired x1","Plus 1",825,7.7693000000,6409.6725000000,0.30
"2021-08-01 00:00:00","AQ Master wired x1","Standard 2",206,7.5979000000,1565.1674000000,0.30
"2021-08-01 00:00:00","AQ Master wired x1","Standard 1",561,6.8991000000,3870.3951000000,0.30
"2021-08-01 00:00:00","AQ Zion Saga",Premium,151,28.0059000000,4228.8909000000,0.30
"2021-08-01 00:00:00","AQ Zion Saga",Plus,75,27.1027000000,2032.7025000000,0.30
"2021-08-01 00:00:00","AQ Zion Saga",Standard,243,23.7223000000,5764.5189000000,0.30
"2021-08-01 00:00:00","AQ WereWolf NAS Internal Hard Drive HDD â€“ 8.89 cm",Premium,54,23.6154000000,1275.2316000000,0.30
"2021-08-01 00:00:00","AQ WereWolf NAS Internal Hard Drive HDD â€“ 8.89 cm",Plus,117,24.7312000000,2893.5504000000,0.30
"2021-08-01 00:00:00","AQ WereWolf NAS Internal Hard Drive HDD â€“ 8.89 cm",Standard,95,23.6987000000,2251.3765000000,0.30
"2021-08-01 00:00:00","AQ Dracula HDD â€“ 3.5 Inch SATA 6 Gb/s 5400 RPM 256 MB Cache","Premium Plus",29,22.9729000000,666.2141000000,0.30
"2021-08-01 00:00:00","AQ Dracula HDD â€“ 3.5 Inch SATA 6 Gb/s 5400 RPM 256 MB Cache",Premium,50,21.7795000000,1088.9750000000,0.30
"2021-08-01 00:00:00","AQ Dracula HDD â€“ 3.5 Inch SATA 6 Gb/s 5400 RPM 256 MB Cache",Plus,196,21.4565000000,4205.4740000000,0.30
"2021-08-01 00:00:00","AQ Dracula HDD â€“ 3.5 Inch SATA 6 Gb/s 5400 RPM 256 MB Cache",Standard,88,19.0573000000,1677.0424000000,0.30
"2021-08-01 00:00:00","AQ Marquee P4",Standard,125,45.0813000000,5635.1625000000,0.30
"2021-08-01 00:00:00","AQ Marquee P3",Premium,184,44.7044000000,8225.6096000000,0.30
"2021-08-01 00:00:00","AQ Marquee P3","Plus 2",176,42.3841000000,7459.6016000000,0.30
"2021-08-01 00:00:00","AQ Marquee P3","Plus 1",124,43.2966000000,5368.7784000000,0.30
"2021-08-01 00:00:00","AQ Marquee P3",Standard,138,40.5013000000,5589.1794000000,0.30
"2021-08-01 00:00:00","AQ GT 21",Premium,160,39.1215000000,6259.4400000000,0.30
"2021-08-01 00:00:00","AQ GT 21","Plus 2",126,39.2990000000,4951.6740000000,0.30
"2021-08-01 00:00:00","AQ GT 21","Plus 1",148,39.1465000000,5793.6820000000,0.30
"2021-08-01 00:00:00","AQ GT 21",Standard,129,39.3377000000,5074.5633000000,0.30
"2021-08-01 00:00:00","AQ Mforce Gen Z","Premium 2",140,39.3990000000,5515.8600000000,0.30
"2021-08-01 00:00:00","AQ Mforce Gen Z","Premium 1",120,36.2434000000,4349.2080000000,0.30
"2021-08-01 00:00:00","AQ Mforce Gen Z","Plus 3",122,37.5278000000,4578.3916000000,0.30
"2021-08-01 00:00:00","AQ Mforce Gen Z","Plus 2",28,36.5679000000,1023.9012000000,0.30
"2021-08-01 00:00:00","AQ Mforce Gen Z","Plus 1",76,37.5826000000,2856.2776000000,0.30
"2021-08-01 00:00:00","AQ Mforce Gen Z","Standard 3",94,34.2412000000,3218.6728000000,0.30
"2021-08-01 00:00:00","AQ Mforce Gen Z","Standard 2",198,34.0973000000,6751.2654000000,0.30
"2021-08-01 00:00:00","AQ Mforce Gen Z","Standard 1",52,30.4696000000,1584.4192000000,0.30
"2021-08-01 00:00:00","AQ Mforce Gen Y","Premium 2",64,30.5816000000,1957.2224000000,0.30
"2021-08-01 00:00:00","AQ Mforce Gen Y","Premium 1",105,32.4427000000,3406.4835000000,0.30
"2021-08-01 00:00:00","AQ Mforce Gen Y","Plus 3",196,31.2439000000,6123.8044000000,0.30
"2021-08-01 00:00:00","AQ Mforce Gen Y","Plus 2",82,29.7008000000,2435.4656000000,0.30
"2021-08-01 00:00:00","AQ Mforce Gen Y","Plus 1",135,26.1081000000,3524.5935000000,0.30
"2021-08-01 00:00:00","AQ Mforce Gen Y","Standard 3",93,26.5871000000,2472.6003000000,0.30
"2021-08-01 00:00:00","AQ Mforce Gen Y","Standard 2",167,24.9298000000,4163.2766000000,0.30
"2021-08-01 00:00:00","AQ Mforce Gen Y","Standard 1",187,22.3984000000,4188.5008000000,0.30
"2021-08-01 00:00:00","AQ Mforce Gen X","Plus 3",65,19.9365000000,1295.8725000000,0.30
"2021-08-01 00:00:00","AQ Mforce Gen X","Plus 2",163,20.0766000000,3272.4858000000,0.30
"2021-08-01 00:00:00","AQ Mforce Gen X","Plus 1",166,19.9239000000,3307.3674000000,0.30
"2021-08-01 00:00:00","AQ Mforce Gen X","Standard 3",140,19.5235000000,2733.2900000000,0.30
"2021-08-01 00:00:00","AQ Mx NB",Premium,44,31.7029000000,1394.9276000000,0.30
"2021-08-01 00:00:00","AQ Mx NB","Plus 3",76,28.5800000000,2172.0800000000,0.30
"2021-08-01 00:00:00","AQ Mx NB","Plus 2",34,29.9423000000,1018.0382000000,0.30
"2021-08-01 00:00:00","AQ Mx NB","Plus 1 ",72,28.4500000000,2048.4000000000,0.30
"2021-08-01 00:00:00","AQ Mx NB",Standard,62,26.9302000000,1669.6724000000,0.30
"2021-08-01 00:00:00","AQ LION x3",Premium,53,27.4546000000,1455.0938000000,0.30
"2021-08-01 00:00:00","AQ LION x3","Plus 3",71,25.0442000000,1778.1382000000,0.30
"2021-08-01 00:00:00","AQ LION x3","Plus 2",22,25.4670000000,560.2740000000,0.30
"2021-08-01 00:00:00","AQ LION x3","Plus 1 ",31,23.1520000000,717.7120000000,0.30
"2021-08-01 00:00:00","AQ LION x3",Standard,29,22.1454000000,642.2166000000,0.30
"2021-08-01 00:00:00","AQ LION x2",Premium,54,21.6066000000,1166.7564000000,0.30
"2021-08-01 00:00:00","AQ LION x2","Plus 3",56,21.1942000000,1186.8752000000,0.30
"2021-08-01 00:00:00","AQ LION x2","Plus 2",76,18.4533000000,1402.4508000000,0.30
"2021-08-01 00:00:00","AQ LION x2","Plus 1 ",21,17.5197000000,367.9137000000,0.30
"2021-08-01 00:00:00","AQ LION x2",Standard,71,17.2648000000,1225.8008000000,0.30
"2021-08-01 00:00:00","AQ LION x1",Premium,68,18.0312000000,1226.1216000000,0.30
"2021-08-01 00:00:00","AQ LION x1","Plus 2",38,17.5697000000,667.6486000000,0.30
"2021-08-01 00:00:00","AQ LION x1","Plus 1 ",55,16.1015000000,885.5825000000,0.30
"2021-08-01 00:00:00","AQ LION x1",Standard,53,16.5127000000,875.1731000000,0.30
"2021-06-01 00:00:00","AQ Gen Y","Plus Blue",20,349.2525000000,6985.0500000000,0.30
"2021-06-01 00:00:00","AQ Gen Y","Plus Grey",25,353.0982000000,8827.4550000000,0.30
"2021-06-01 00:00:00","AQ Gen Y","Standard Red",24,366.0459000000,8785.1016000000,0.30
"2021-06-01 00:00:00","AQ Gen Y","Standard Blue",27,346.6886000000,9360.5922000000,0.30
"2021-06-01 00:00:00","AQ Gen Y","Standard Grey",24,347.2474000000,8333.9376000000,0.30
"2021-06-01 00:00:00","AQ Gen X","Premium Misty Green",13,327.0930000000,4252.2090000000,0.30
"2021-06-01 00:00:00","AQ Gen X","Premium Black",7,322.9426000000,2260.5982000000,0.30
"2021-06-01 00:00:00","AQ Gen X","Plus Red",27,325.2561000000,8781.9147000000,0.30
"2021-06-01 00:00:00","AQ Gen X","Plus Blue",25,325.2156000000,8130.3900000000,0.30
"2021-06-01 00:00:00","AQ Gen X","Plus Grey",14,341.7343000000,4784.2802000000,0.30
"2021-06-01 00:00:00","AQ Gen X","Standard Red",20,306.9189000000,6138.3780000000,0.30
"2021-06-01 00:00:00","AQ Gen X","Standard Blue",30,300.3378000000,9010.1340000000,0.30
"2021-06-01 00:00:00","AQ Gen X","Standard Grey",7,311.8396000000,2182.8772000000,0.30
"2021-06-01 00:00:00","AQ Elite","Premium Misty Green",30,297.0277000000,8910.8310000000,0.30
"2021-06-01 00:00:00","AQ Elite","Premium Black",27,287.4934000000,7762.3218000000,0.30
"2021-06-01 00:00:00","AQ Elite","Plus Red",11,287.5666000000,3163.2326000000,0.30
"2021-06-01 00:00:00","AQ Elite","Plus Blue",32,291.2071000000,9318.6272000000,0.30
"2021-06-01 00:00:00","AQ Elite","Plus Grey",7,286.8973000000,2008.2811000000,0.30
"2021-06-01 00:00:00","AQ Elite","Standard Red",14,288.0503000000,4032.7042000000,0.30
"2021-06-01 00:00:00","AQ Elite","Standard Blue",28,281.9504000000,7894.6112000000,0.30
"2021-06-01 00:00:00","AQ Elite","Standard Grey",30,271.3471000000,8140.4130000000,0.30
"2021-06-01 00:00:00","AQ Velocity","Plus Red",40,275.8194000000,11032.7760000000,0.30
"2021-06-01 00:00:00","AQ Velocity","Plus Blue",9,277.8079000000,2500.2711000000,0.30
"2021-06-01 00:00:00","AQ Velocity","Plus Grey",12,267.0636000000,3204.7632000000,0.30
"2021-06-01 00:00:00","AQ Velocity","Standard Red",21,261.2305000000,5485.8405000000,0.30
"2021-06-01 00:00:00","AQ Velocity","Standard Blue",34,267.2091000000,9085.1094000000,0.30
"2021-06-01 00:00:00","AQ Velocity","Standard Grey",39,264.7000000000,10323.3000000000,0.30
"2021-06-01 00:00:00","AQ Digit","Premium Misty Green",39,243.0414000000,9478.6146000000,0.30
"2021-06-01 00:00:00","AQ Digit","Premium Black",38,249.1303000000,9466.9514000000,0.30
"2021-06-01 00:00:00","AQ Digit","Plus Red",40,237.0183000000,9480.7320000000,0.30
"2021-06-01 00:00:00","AQ Digit","Plus Blue",14,240.1403000000,3361.9642000000,0.30
"2021-06-01 00:00:00","AQ Digit","Plus Grey",12,232.1038000000,2785.2456000000,0.30
"2021-06-01 00:00:00","AQ Digit","Standard Red",26,236.8486000000,6158.0636000000,0.30
"2021-06-01 00:00:00","AQ Digit","Standard Blue",27,215.9341000000,5830.2207000000,0.30
"2021-06-01 00:00:00","AQ Digit","Standard Grey",15,200.2732000000,3004.0980000000,0.30
"2021-06-01 00:00:00","AQ Aspiron","Premium Black",30,195.7721000000,5873.1630000000,0.30
"2021-06-01 00:00:00","AQ Aspiron","Plus Red",11,187.7533000000,2065.2863000000,0.30
"2021-06-01 00:00:00","AQ Aspiron","Plus Blue",30,182.8932000000,5486.7960000000,0.30
"2021-06-01 00:00:00","AQ Electron 3 3600 Desktop Processor",Plus,98,185.4599000000,18175.0702000000,0.30
"2021-06-01 00:00:00","AQ Electron 3 3600 Desktop Processor",Standard,184,186.2917000000,34277.6728000000,0.30
"2021-06-01 00:00:00","AQ Electron 4 3600 Desktop Processor",Premium,92,176.4389000000,16232.3788000000,0.30
"2021-06-01 00:00:00","AQ Electron 4 3600 Desktop Processor",Plus,54,169.4999000000,9152.9946000000,0.30
"2021-06-01 00:00:00","AQ Electron 4 3600 Desktop Processor",Standard,48,160.5082000000,7704.3936000000,0.30
"2021-06-01 00:00:00","AQ Electron 5 3600 Desktop Processor",Premium,123,160.6912000000,19765.0176000000,0.30
"2021-06-01 00:00:00","AQ Electron 5 3600 Desktop Processor",Plus,64,150.2450000000,9615.6800000000,0.30
"2021-06-01 00:00:00","AQ Electron 5 3600 Desktop Processor",Standard,160,149.1034000000,23856.5440000000,0.30
"2021-06-01 00:00:00","AQ 5000 Series Ultron 8 5900X Desktop Processor",Premium,135,142.9402000000,19296.9270000000,0.30
"2021-06-01 00:00:00","AQ 5000 Series Ultron 8 5900X Desktop Processor",Plus,127,145.1474000000,18433.7198000000,0.30
"2021-06-01 00:00:00","AQ 5000 Series Ultron 8 5900X Desktop Processor",Standard,181,135.6822000000,24558.4782000000,0.30
"2021-06-01 00:00:00","AQ 5000 Series Electron 8 5900X Desktop Processor",Premium,77,139.8962000000,10772.0074000000,0.30
"2021-06-01 00:00:00","AQ 5000 Series Electron 8 5900X Desktop Processor",Plus,91,129.5836000000,11792.1076000000,0.30
"2021-06-01 00:00:00","AQ 5000 Series Electron 8 5900X Desktop Processor",Standard,24,124.2640000000,2982.3360000000,0.30
"2021-06-01 00:00:00","AQ 5000 Series Electron 9 5900X Desktop Processor",Premium,168,123.9315000000,20820.4920000000,0.30
"2021-06-01 00:00:00","AQ 5000 Series Electron 9 5900X Desktop Processor",Plus,86,123.4797000000,10619.2542000000,0.30
"2021-06-01 00:00:00","AQ 5000 Series Electron 9 5900X Desktop Processor",Standard,101,111.1036000000,11221.4636000000,0.30
"2021-06-01 00:00:00","AQ Lumina Ms","Standard 1",582,21.7118000000,12636.2676000000,0.30
"2021-06-01 00:00:00","AQ Trigger Ms","Premium 2",499,20.0537000000,10006.7963000000,0.30
"2021-06-01 00:00:00","AQ Trigger Ms","Premium 1",734,19.4042000000,14242.6828000000,0.30
"2021-06-01 00:00:00","AQ Trigger Ms","Plus 2",942,19.5860000000,18450.0120000000,0.30
"2021-06-01 00:00:00","AQ Trigger Ms","Plus 1",553,16.9353000000,9365.2209000000,0.30
"2021-06-01 00:00:00","AQ Trigger Ms","Standard 2",811,17.2368000000,13979.0448000000,0.30
"2021-06-01 00:00:00","AQ Trigger Ms","Standard 1",391,17.0917000000,6682.8547000000,0.30
"2021-06-01 00:00:00","AQ Qwerty Ms","Premium 2",626,16.7850000000,10507.4100000000,0.30
"2021-06-01 00:00:00","AQ Qwerty Ms","Premium 1",256,16.5882000000,4246.5792000000,0.30
"2021-06-01 00:00:00","AQ Qwerty Ms","Plus 2",971,16.5491000000,16069.1761000000,0.30
"2021-06-01 00:00:00","AQ Qwerty Ms","Plus 1",996,15.9792000000,15915.2832000000,0.30
"2021-06-01 00:00:00","AQ Qwerty Ms","Standard 2",480,15.8102000000,7588.8960000000,0.30
"2021-06-01 00:00:00","AQ Qwerty Ms","Standard 1",320,14.9013000000,4768.4160000000,0.30
"2021-06-01 00:00:00","AQ Maxima Ms","Premium 2",106,14.5677000000,1544.1762000000,0.30
"2021-06-01 00:00:00","AQ Maxima Ms","Premium 1",352,15.1762000000,5342.0224000000,0.30
"2021-06-01 00:00:00","AQ Maxima Ms","Plus 2",740,14.2800000000,10567.2000000000,0.30
"2021-06-01 00:00:00","AQ Maxima Ms","Plus 1",137,14.1682000000,1941.0434000000,0.30
"2021-06-01 00:00:00","AQ Maxima Ms","Standard 2",133,14.5267000000,1932.0511000000,0.30
"2021-06-01 00:00:00","AQ Maxima Ms","Standard 1",202,12.0689000000,2437.9178000000,0.30
"2021-06-01 00:00:00","AQ Lite Ms","Premium 2",1015,12.2979000000,12482.3685000000,0.30
"2021-06-01 00:00:00","AQ Lite Ms","Premium 1",909,12.7423000000,11582.7507000000,0.30
"2021-06-01 00:00:00","AQ Lite Ms","Plus 2",520,11.6332000000,6049.2640000000,0.30
"2021-06-01 00:00:00","AQ Lite Ms","Plus 1",277,10.8925000000,3017.2225000000,0.30
"2021-06-01 00:00:00","AQ Lite Ms","Standard 2",753,11.2819000000,8495.2707000000,0.30
"2021-06-01 00:00:00","AQ Lite Ms","Standard 1",310,11.4829000000,3559.6990000000,0.30
"2021-06-01 00:00:00","AQ Gamers Ms","Premium 2",256,10.8659000000,2781.6704000000,0.30
"2021-06-01 00:00:00","AQ Gamers Ms","Premium 1",270,10.4370000000,2817.9900000000,0.30
"2021-06-01 00:00:00","AQ Gamers Ms","Plus 2",327,10.4573000000,3419.5371000000,0.30
"2021-06-01 00:00:00","AQ Gamers Ms","Plus 1",237,9.3977000000,2227.2549000000,0.30
"2021-06-01 00:00:00","AQ Gamers Ms","Standard 2",1011,8.9901000000,9088.9911000000,0.30
"2021-06-01 00:00:00","AQ Gamers Ms","Standard 1",512,8.8044000000,4507.8528000000,0.30
"2021-06-01 00:00:00","AQ Master wireless x1 Ms","Premium 2",401,8.3193000000,3336.0393000000,0.30
"2021-06-01 00:00:00","AQ Master wireless x1 Ms","Premium 1",682,7.9813000000,5443.2466000000,0.30
"2021-06-01 00:00:00","AQ Master wireless x1 Ms","Plus 2",345,7.3526000000,2536.6470000000,0.30
"2021-06-01 00:00:00","AQ Master wireless x1 Ms","Plus 1",786,6.7301000000,5289.8586000000,0.30
"2021-06-01 00:00:00","AQ Master wireless x1 Ms","Standard 2",483,6.4054000000,3093.8082000000,0.30
"2021-06-01 00:00:00","AQ Master wireless x1 Ms","Standard 1",451,5.4383000000,2452.6733000000,0.30
"2021-06-01 00:00:00","AQ Master wired x1 Ms","Premium 2",701,5.2542000000,3683.1942000000,0.30
"2021-06-01 00:00:00","AQ Master wired x1 Ms","Premium 1",647,4.6904000000,3034.6888000000,0.30
"2021-06-01 00:00:00","AQ Master wired x1 Ms","Plus 2",892,5.0459000000,4500.9428000000,0.30
"2021-06-01 00:00:00","AQ Master wired x1 Ms","Plus 1",817,4.5295000000,3700.6015000000,0.30
"2021-06-01 00:00:00","AQ Master wired x1 Ms","Standard 2",778,3.9998000000,3111.8444000000,0.30
"2021-06-01 00:00:00","AQ Master wired x1 Ms","Standard 1",830,2.9434000000,2443.0220000000,0.30
"2021-06-01 00:00:00","AQ MB Lito 2","Plus 2",142,45.4377000000,6452.1534000000,0.30
"2021-06-01 00:00:00","AQ MB Lito 2","Plus 1",34,39.3932000000,1339.3688000000,0.30
"2021-06-01 00:00:00","AQ MB Lito 2",Standard,134,41.3696000000,5543.5264000000,0.30
"2021-06-01 00:00:00","AQ MB Lito",Premium,122,38.9780000000,4755.3160000000,0.30
"2021-06-01 00:00:00","AQ MB Lito","Plus 2",76,35.8350000000,2723.4600000000,0.30
"2021-06-01 00:00:00","AQ MB Lito","Plus 1",48,35.0256000000,1681.2288000000,0.30
"2021-06-01 00:00:00","AQ MB Lito",Standard,61,33.7609000000,2059.4149000000,0.30
"2021-06-01 00:00:00","AQ MB Crossx 2",Premium,51,32.2612000000,1645.3212000000,0.30
"2021-06-01 00:00:00","AQ MB Crossx 2","Plus 2",58,32.1924000000,1867.1592000000,0.30
"2021-06-01 00:00:00","AQ MB Crossx 2","Plus 1",29,31.9525000000,926.6225000000,0.30
"2021-06-01 00:00:00","AQ MB Crossx 2",Standard,98,28.8615000000,2828.4270000000,0.30
"2021-06-01 00:00:00","AQ MB Crossx",Premium,20,28.3991000000,567.9820000000,0.30
"2021-06-01 00:00:00","AQ MB Crossx","Plus 2",58,27.3445000000,1585.9810000000,0.30
"2021-06-01 00:00:00","AQ MB Crossx","Plus 1",103,22.8957000000,2358.2571000000,0.30
"2021-06-01 00:00:00","AQ MB Crossx",Standard,67,21.8879000000,1466.4893000000,0.30
"2021-06-01 00:00:00","AQ MB Elite",Premium,38,21.4489000000,815.0582000000,0.30
"2021-06-01 00:00:00","AQ MB Elite","Plus 2",116,21.2017000000,2459.3972000000,0.30
"2021-06-01 00:00:00","AQ MB Elite","Plus 1",124,20.4629000000,2537.3996000000,0.30
"2021-06-01 00:00:00","AQ MB Elite",Standard,124,19.6485000000,2436.4140000000,0.30
"2021-06-01 00:00:00","AQ Trigger","Premium 1",188,34.5114000000,6488.1432000000,0.30
"2021-06-01 00:00:00","AQ Trigger","Plus 2",396,33.6246000000,13315.3416000000,0.30
"2021-06-01 00:00:00","AQ Trigger","Plus 1",456,31.7665000000,14485.5240000000,0.30
"2021-06-01 00:00:00","AQ Trigger","Standard 2",671,30.3414000000,20359.0794000000,0.30
"2021-06-01 00:00:00","AQ Trigger","Standard 1",241,29.3872000000,7082.3152000000,0.30
"2021-06-01 00:00:00","AQ Qwerty","Premium 2",523,29.6709000000,15517.8807000000,0.30
"2021-06-01 00:00:00","AQ Qwerty","Premium 1",222,29.8692000000,6630.9624000000,0.30
"2021-06-01 00:00:00","AQ Qwerty","Plus 2",190,27.4152000000,5208.8880000000,0.30
"2021-06-01 00:00:00","AQ Qwerty","Plus 1",266,26.9507000000,7168.8862000000,0.30
"2021-06-01 00:00:00","AQ Qwerty","Standard 2",824,23.9726000000,19753.4224000000,0.30
"2021-06-01 00:00:00","AQ Qwerty","Standard 1",676,24.5690000000,16608.6440000000,0.30
"2021-06-01 00:00:00","AQ Maxima","Premium 2",414,23.7678000000,9839.8692000000,0.30
"2021-06-01 00:00:00","AQ Maxima","Premium 1",496,23.0844000000,11449.8624000000,0.30
"2021-06-01 00:00:00","AQ Maxima","Plus 2",604,22.1341000000,13368.9964000000,0.30
"2021-06-01 00:00:00","AQ Maxima","Plus 1",438,20.8733000000,9142.5054000000,0.30
"2021-06-01 00:00:00","AQ Maxima","Standard 2",431,21.6988000000,9352.1828000000,0.30
"2021-06-01 00:00:00","AQ Maxima","Standard 1",632,20.3908000000,12886.9856000000,0.30
"2021-06-01 00:00:00","AQ Lite","Premium 2",658,20.0066000000,13164.3428000000,0.30
"2021-06-01 00:00:00","AQ Lite","Premium 1",737,18.9415000000,13959.8855000000,0.30
"2021-06-01 00:00:00","AQ Lite","Plus 2",442,18.4219000000,8142.4798000000,0.30
"2021-06-01 00:00:00","AQ Lite","Plus 1",95,18.5844000000,1765.5180000000,0.30
"2021-06-01 00:00:00","AQ Lite","Standard 2",239,18.7947000000,4491.9333000000,0.30
"2021-06-01 00:00:00","AQ Lite","Standard 1",477,18.4943000000,8821.7811000000,0.30
"2021-06-01 00:00:00","AQ Gamers","Premium 2",736,19.3003000000,14205.0208000000,0.30
"2021-06-01 00:00:00","AQ Gamers","Premium 1",840,16.3218000000,13710.3120000000,0.30
"2021-06-01 00:00:00","AQ Gamers","Plus 2",593,16.3792000000,9712.8656000000,0.30
"2021-06-01 00:00:00","AQ Gamers","Plus 1",642,16.2407000000,10426.5294000000,0.30
"2021-06-01 00:00:00","AQ Gamers","Standard 2",815,15.3071000000,12475.2865000000,0.30
"2021-06-01 00:00:00","AQ Gamers","Standard 1",817,13.5061000000,11034.4837000000,0.30
"2021-06-01 00:00:00","AQ Master wireless x1","Premium 2",356,13.0018000000,4628.6408000000,0.30
"2021-06-01 00:00:00","AQ Master wireless x1","Premium 1",414,12.0509000000,4989.0726000000,0.30
"2021-06-01 00:00:00","AQ Master wireless x1","Plus 2",514,11.6011000000,5962.9654000000,0.30
"2021-06-01 00:00:00","AQ Master wireless x1","Plus 1",850,12.3739000000,10517.8150000000,0.30
"2021-06-01 00:00:00","AQ Master wireless x1","Standard 2",292,11.0524000000,3227.3008000000,0.30
"2021-06-01 00:00:00","AQ Master wireless x1","Standard 1",359,10.7955000000,3875.5845000000,0.30
"2021-06-01 00:00:00","AQ Master wired x1","Premium 2",625,10.4188000000,6511.7500000000,0.30
"2021-06-01 00:00:00","AQ Master wired x1","Premium 1",410,9.4650000000,3880.6500000000,0.30
"2021-06-01 00:00:00","AQ Master wired x1","Plus 2",194,8.9514000000,1736.5716000000,0.30
"2021-06-01 00:00:00","AQ Master wired x1","Plus 1",854,7.7693000000,6634.9822000000,0.30
"2021-06-01 00:00:00","AQ Master wired x1","Standard 2",440,7.5979000000,3343.0760000000,0.30
"2021-06-01 00:00:00","AQ Master wired x1","Standard 1",329,6.8991000000,2269.8039000000,0.30
"2021-06-01 00:00:00","AQ Zion Saga",Premium,145,28.0059000000,4060.8555000000,0.30
"2021-06-01 00:00:00","AQ Zion Saga",Plus,70,27.1027000000,1897.1890000000,0.30
"2021-06-01 00:00:00","AQ Zion Saga",Standard,91,23.7223000000,2158.7293000000,0.30
"2021-06-01 00:00:00","AQ WereWolf NAS Internal Hard Drive HDD â€“ 8.89 cm",Premium,31,23.6154000000,732.0774000000,0.30
"2021-06-01 00:00:00","AQ WereWolf NAS Internal Hard Drive HDD â€“ 8.89 cm",Plus,102,24.7312000000,2522.5824000000,0.30
"2021-06-01 00:00:00","AQ WereWolf NAS Internal Hard Drive HDD â€“ 8.89 cm",Standard,40,23.6987000000,947.9480000000,0.30
"2021-06-01 00:00:00","AQ Dracula HDD â€“ 3.5 Inch SATA 6 Gb/s 5400 RPM 256 MB Cache","Premium Plus",126,22.9729000000,2894.5854000000,0.30
"2021-06-01 00:00:00","AQ Dracula HDD â€“ 3.5 Inch SATA 6 Gb/s 5400 RPM 256 MB Cache",Premium,48,21.7795000000,1045.4160000000,0.30
"2021-06-01 00:00:00","AQ Dracula HDD â€“ 3.5 Inch SATA 6 Gb/s 5400 RPM 256 MB Cache",Plus,78,21.4565000000,1673.6070000000,0.30
"2021-06-01 00:00:00","AQ Dracula HDD â€“ 3.5 Inch SATA 6 Gb/s 5400 RPM 256 MB Cache",Standard,205,19.0573000000,3906.7465000000,0.30
"2021-06-01 00:00:00","AQ Marquee P4",Standard,132,45.0813000000,5950.7316000000,0.30
"2021-06-01 00:00:00","AQ Marquee P3",Premium,31,44.7044000000,1385.8364000000,0.30
"2021-06-01 00:00:00","AQ Marquee P3","Plus 2",154,42.3841000000,6527.1514000000,0.30
"2021-06-01 00:00:00","AQ Marquee P3","Plus 1",21,43.2966000000,909.2286000000,0.30
"2021-06-01 00:00:00","AQ Marquee P3",Standard,63,40.5013000000,2551.5819000000,0.30
"2021-06-01 00:00:00","AQ GT 21",Premium,81,39.1215000000,3168.8415000000,0.30
"2021-06-01 00:00:00","AQ GT 21","Plus 2",188,39.2990000000,7388.2120000000,0.30
"2021-06-01 00:00:00","AQ GT 21","Plus 1",60,39.1465000000,2348.7900000000,0.30
"2021-06-01 00:00:00","AQ GT 21",Standard,119,39.3377000000,4681.1863000000,0.30
"2021-06-01 00:00:00","AQ Mforce Gen Z","Premium 2",184,39.3990000000,7249.4160000000,0.30
"2021-06-01 00:00:00","AQ Mforce Gen Z","Premium 1",57,36.2434000000,2065.8738000000,0.30
"2021-06-01 00:00:00","AQ Mforce Gen Z","Plus 3",182,37.5278000000,6830.0596000000,0.30
"2021-06-01 00:00:00","AQ Mforce Gen Z","Plus 2",25,36.5679000000,914.1975000000,0.30
"2021-06-01 00:00:00","AQ Mforce Gen Z","Plus 1",122,37.5826000000,4585.0772000000,0.30
"2021-06-01 00:00:00","AQ Mforce Gen Z","Standard 3",87,34.2412000000,2978.9844000000,0.30
"2021-06-01 00:00:00","AQ Mforce Gen Z","Standard 2",149,34.0973000000,5080.4977000000,0.30
"2021-06-01 00:00:00","AQ Mforce Gen Z","Standard 1",119,30.4696000000,3625.8824000000,0.30
"2021-06-01 00:00:00","AQ Mforce Gen Y","Premium 2",94,30.5816000000,2874.6704000000,0.30
"2021-06-01 00:00:00","AQ Mforce Gen Y","Premium 1",126,32.4427000000,4087.7802000000,0.30
"2021-06-01 00:00:00","AQ Mforce Gen Y","Plus 3",161,31.2439000000,5030.2679000000,0.30
"2021-06-01 00:00:00","AQ Mforce Gen Y","Plus 2",144,29.7008000000,4276.9152000000,0.30
"2021-06-01 00:00:00","AQ Mforce Gen Y","Plus 1",78,26.1081000000,2036.4318000000,0.30
"2021-06-01 00:00:00","AQ Mforce Gen Y","Standard 3",156,26.5871000000,4147.5876000000,0.30
"2021-06-01 00:00:00","AQ Mforce Gen Y","Standard 2",107,24.9298000000,2667.4886000000,0.30
"2021-06-01 00:00:00","AQ Mforce Gen Y","Standard 1",58,22.3984000000,1299.1072000000,0.30
"2021-06-01 00:00:00","AQ Mforce Gen X","Plus 3",114,19.9365000000,2272.7610000000,0.30
"2021-06-01 00:00:00","AQ Mforce Gen X","Plus 2",84,20.0766000000,1686.4344000000,0.30
"2021-06-01 00:00:00","AQ Mforce Gen X","Plus 1",76,19.9239000000,1514.2164000000,0.30
"2021-06-01 00:00:00","AQ Mforce Gen X","Standard 3",108,19.5235000000,2108.5380000000,0.30
"2021-06-01 00:00:00","AQ Mx NB",Premium,36,31.7029000000,1141.3044000000,0.30
"2021-06-01 00:00:00","AQ Mx NB","Plus 3",45,28.5800000000,1286.1000000000,0.30
"2021-06-01 00:00:00","AQ Mx NB","Plus 2",41,29.9423000000,1227.6343000000,0.30
"2021-06-01 00:00:00","AQ Mx NB","Plus 1 ",10,28.4500000000,284.5000000000,0.30
"2021-06-01 00:00:00","AQ Mx NB",Standard,78,26.9302000000,2100.5556000000,0.30
"2021-06-01 00:00:00","AQ LION x3",Premium,74,27.4546000000,2031.6404000000,0.30
"2021-06-01 00:00:00","AQ LION x3","Plus 3",85,25.0442000000,2128.7570000000,0.30
"2021-06-01 00:00:00","AQ LION x3","Plus 2",69,25.4670000000,1757.2230000000,0.30
"2021-06-01 00:00:00","AQ LION x3","Plus 1 ",36,23.1520000000,833.4720000000,0.30
"2021-06-01 00:00:00","AQ LION x3",Standard,32,22.1454000000,708.6528000000,0.30
"2021-06-01 00:00:00","AQ LION x2",Premium,21,21.6066000000,453.7386000000,0.30
"2021-06-01 00:00:00","AQ LION x2","Plus 3",11,21.1942000000,233.1362000000,0.30
"2021-06-01 00:00:00","AQ LION x2","Plus 2",53,18.4533000000,978.0249000000,0.30
"2021-06-01 00:00:00","AQ LION x2","Plus 1 ",16,17.5197000000,280.3152000000,0.30
"2021-06-01 00:00:00","AQ LION x2",Standard,56,17.2648000000,966.8288000000,0.30
"2021-06-01 00:00:00","AQ LION x1",Premium,27,18.0312000000,486.8424000000,0.30
"2021-06-01 00:00:00","AQ LION x1","Plus 2",68,17.5697000000,1194.7396000000,0.30
"2021-06-01 00:00:00","AQ LION x1","Plus 1 ",65,16.1015000000,1046.5975000000,0.30
"2021-06-01 00:00:00","AQ LION x1",Standard,60,16.5127000000,990.7620000000,0.30
"2021-05-01 00:00:00","AQ Gen Y","Plus Blue",32,349.2525000000,11176.0800000000,0.30
"2021-05-01 00:00:00","AQ Gen Y","Plus Grey",17,353.0982000000,6002.6694000000,0.30
"2021-05-01 00:00:00","AQ Gen Y","Standard Red",8,366.0459000000,2928.3672000000,0.30
"2021-05-01 00:00:00","AQ Gen Y","Standard Blue",30,346.6886000000,10400.6580000000,0.30
"2021-05-01 00:00:00","AQ Gen Y","Standard Grey",19,347.2474000000,6597.7006000000,0.30
"2021-05-01 00:00:00","AQ Gen X","Premium Misty Green",27,327.0930000000,8831.5110000000,0.30
"2021-05-01 00:00:00","AQ Gen X","Premium Black",23,322.9426000000,7427.6798000000,0.30
"2021-05-01 00:00:00","AQ Gen X","Plus Red",7,325.2561000000,2276.7927000000,0.30
"2021-05-01 00:00:00","AQ Gen X","Plus Blue",10,325.2156000000,3252.1560000000,0.30
"2021-05-01 00:00:00","AQ Gen X","Plus Grey",7,341.7343000000,2392.1401000000,0.30
"2021-05-01 00:00:00","AQ Gen X","Standard Red",19,306.9189000000,5831.4591000000,0.30
"2021-05-01 00:00:00","AQ Gen X","Standard Blue",32,300.3378000000,9610.8096000000,0.30
"2021-05-01 00:00:00","AQ Gen X","Standard Grey",13,311.8396000000,4053.9148000000,0.30
"2021-05-01 00:00:00","AQ Elite","Premium Misty Green",9,297.0277000000,2673.2493000000,0.30
"2021-05-01 00:00:00","AQ Elite","Premium Black",30,287.4934000000,8624.8020000000,0.30
"2021-05-01 00:00:00","AQ Elite","Plus Red",27,287.5666000000,7764.2982000000,0.30
"2021-05-01 00:00:00","AQ Elite","Plus Blue",11,291.2071000000,3203.2781000000,0.30
"2021-05-01 00:00:00","AQ Elite","Plus Grey",27,286.8973000000,7746.2271000000,0.30
"2021-05-01 00:00:00","AQ Elite","Standard Red",33,288.0503000000,9505.6599000000,0.30
"2021-05-01 00:00:00","AQ Elite","Standard Blue",7,281.9504000000,1973.6528000000,0.30
"2021-05-01 00:00:00","AQ Elite","Standard Grey",32,271.3471000000,8683.1072000000,0.30
"2021-05-01 00:00:00","AQ Velocity","Plus Red",11,275.8194000000,3034.0134000000,0.30
"2021-05-01 00:00:00","AQ Velocity","Plus Blue",27,277.8079000000,7500.8133000000,0.30
"2021-05-01 00:00:00","AQ Velocity","Plus Grey",30,267.0636000000,8011.9080000000,0.30
"2021-05-01 00:00:00","AQ Velocity","Standard Red",30,261.2305000000,7836.9150000000,0.30
"2021-05-01 00:00:00","AQ Velocity","Standard Blue",13,267.2091000000,3473.7183000000,0.30
"2021-05-01 00:00:00","AQ Velocity","Standard Grey",28,264.7000000000,7411.6000000000,0.30
"2021-05-01 00:00:00","AQ Digit","Premium Misty Green",26,243.0414000000,6319.0764000000,0.30
"2021-05-01 00:00:00","AQ Digit","Premium Black",24,249.1303000000,5979.1272000000,0.30
"2021-05-01 00:00:00","AQ Digit","Plus Red",28,237.0183000000,6636.5124000000,0.30
"2021-05-01 00:00:00","AQ Digit","Plus Blue",16,240.1403000000,3842.2448000000,0.30
"2021-05-01 00:00:00","AQ Digit","Plus Grey",18,232.1038000000,4177.8684000000,0.30
"2021-05-01 00:00:00","AQ Digit","Standard Red",35,236.8486000000,8289.7010000000,0.30
"2021-05-01 00:00:00","AQ Digit","Standard Blue",39,215.9341000000,8421.4299000000,0.30
"2021-05-01 00:00:00","AQ Digit","Standard Grey",33,200.2732000000,6609.0156000000,0.30
"2021-05-01 00:00:00","AQ Aspiron","Premium Black",8,195.7721000000,1566.1768000000,0.30
"2021-05-01 00:00:00","AQ Aspiron","Plus Red",28,187.7533000000,5257.0924000000,0.30
"2021-05-01 00:00:00","AQ Aspiron","Plus Blue",38,182.8932000000,6949.9416000000,0.30
"2021-05-01 00:00:00","AQ Electron 3 3600 Desktop Processor",Plus,32,185.4599000000,5934.7168000000,0.30
"2021-05-01 00:00:00","AQ Electron 3 3600 Desktop Processor",Standard,42,186.2917000000,7824.2514000000,0.30
"2021-05-01 00:00:00","AQ Electron 4 3600 Desktop Processor",Premium,128,176.4389000000,22584.1792000000,0.30
"2021-05-01 00:00:00","AQ Electron 4 3600 Desktop Processor",Plus,91,169.4999000000,15424.4909000000,0.30
"2021-05-01 00:00:00","AQ Electron 4 3600 Desktop Processor",Standard,177,160.5082000000,28409.9514000000,0.30
"2021-05-01 00:00:00","AQ Electron 5 3600 Desktop Processor",Premium,22,160.6912000000,3535.2064000000,0.30
"2021-05-01 00:00:00","AQ Electron 5 3600 Desktop Processor",Plus,53,150.2450000000,7962.9850000000,0.30
"2021-05-01 00:00:00","AQ Electron 5 3600 Desktop Processor",Standard,197,149.1034000000,29373.3698000000,0.30
"2021-05-01 00:00:00","AQ 5000 Series Ultron 8 5900X Desktop Processor",Premium,171,142.9402000000,24442.7742000000,0.30
"2021-05-01 00:00:00","AQ 5000 Series Ultron 8 5900X Desktop Processor",Plus,35,145.1474000000,5080.1590000000,0.30
"2021-05-01 00:00:00","AQ 5000 Series Ultron 8 5900X Desktop Processor",Standard,129,135.6822000000,17503.0038000000,0.30
"2021-05-01 00:00:00","AQ 5000 Series Electron 8 5900X Desktop Processor",Premium,182,139.8962000000,25461.1084000000,0.30
"2021-05-01 00:00:00","AQ 5000 Series Electron 8 5900X Desktop Processor",Plus,52,129.5836000000,6738.3472000000,0.30
"2021-05-01 00:00:00","AQ 5000 Series Electron 8 5900X Desktop Processor",Standard,125,124.2640000000,15533.0000000000,0.30
"2021-05-01 00:00:00","AQ 5000 Series Electron 9 5900X Desktop Processor",Premium,128,123.9315000000,15863.2320000000,0.30
"2021-05-01 00:00:00","AQ 5000 Series Electron 9 5900X Desktop Processor",Plus,40,123.4797000000,4939.1880000000,0.30
"2021-05-01 00:00:00","AQ 5000 Series Electron 9 5900X Desktop Processor",Standard,41,111.1036000000,4555.2476000000,0.30
"2021-05-01 00:00:00","AQ Lumina Ms","Standard 1",649,21.7118000000,14090.9582000000,0.30
"2021-05-01 00:00:00","AQ Trigger Ms","Premium 2",730,20.0537000000,14639.2010000000,0.30
"2021-05-01 00:00:00","AQ Trigger Ms","Premium 1",599,19.4042000000,11623.1158000000,0.30
"2021-05-01 00:00:00","AQ Trigger Ms","Plus 2",838,19.5860000000,16413.0680000000,0.30
"2021-05-01 00:00:00","AQ Trigger Ms","Plus 1",139,16.9353000000,2354.0067000000,0.30
"2021-05-01 00:00:00","AQ Trigger Ms","Standard 2",632,17.2368000000,10893.6576000000,0.30
"2021-05-01 00:00:00","AQ Trigger Ms","Standard 1",921,17.0917000000,15741.4557000000,0.30
"2021-05-01 00:00:00","AQ Qwerty Ms","Premium 2",512,16.7850000000,8593.9200000000,0.30
"2021-05-01 00:00:00","AQ Qwerty Ms","Premium 1",501,16.5882000000,8310.6882000000,0.30
"2021-05-01 00:00:00","AQ Qwerty Ms","Plus 2",757,16.5491000000,12527.6687000000,0.30
"2021-05-01 00:00:00","AQ Qwerty Ms","Plus 1",470,15.9792000000,7510.2240000000,0.30
"2021-05-01 00:00:00","AQ Qwerty Ms","Standard 2",112,15.8102000000,1770.7424000000,0.30
"2021-05-01 00:00:00","AQ Qwerty Ms","Standard 1",584,14.9013000000,8702.3592000000,0.30
"2021-05-01 00:00:00","AQ Maxima Ms","Premium 2",820,14.5677000000,11945.5140000000,0.30
"2021-05-01 00:00:00","AQ Maxima Ms","Premium 1",412,15.1762000000,6252.5944000000,0.30
"2021-05-01 00:00:00","AQ Maxima Ms","Plus 2",518,14.2800000000,7397.0400000000,0.30
"2021-05-01 00:00:00","AQ Maxima Ms","Plus 1",795,14.1682000000,11263.7190000000,0.30
"2021-05-01 00:00:00","AQ Maxima Ms","Standard 2",349,14.5267000000,5069.8183000000,0.30
"2021-05-01 00:00:00","AQ Maxima Ms","Standard 1",549,12.0689000000,6625.8261000000,0.30
"2021-05-01 00:00:00","AQ Lite Ms","Premium 2",156,12.2979000000,1918.4724000000,0.30
"2021-05-01 00:00:00","AQ Lite Ms","Premium 1",965,12.7423000000,12296.3195000000,0.30
"2021-05-01 00:00:00","AQ Lite Ms","Plus 2",678,11.6332000000,7887.3096000000,0.30
"2021-05-01 00:00:00","AQ Lite Ms","Plus 1",647,10.8925000000,7047.4475000000,0.30
"2021-05-01 00:00:00","AQ Lite Ms","Standard 2",547,11.2819000000,6171.1993000000,0.30
"2021-05-01 00:00:00","AQ Lite Ms","Standard 1",166,11.4829000000,1906.1614000000,0.30
"2021-05-01 00:00:00","AQ Gamers Ms","Premium 2",892,10.8659000000,9692.3828000000,0.30
"2021-05-01 00:00:00","AQ Gamers Ms","Premium 1",154,10.4370000000,1607.2980000000,0.30
"2021-05-01 00:00:00","AQ Gamers Ms","Plus 2",867,10.4573000000,9066.4791000000,0.30
"2021-05-01 00:00:00","AQ Gamers Ms","Plus 1",137,9.3977000000,1287.4849000000,0.30
"2021-05-01 00:00:00","AQ Gamers Ms","Standard 2",564,8.9901000000,5070.4164000000,0.30
"2021-05-01 00:00:00","AQ Gamers Ms","Standard 1",125,8.8044000000,1100.5500000000,0.30
"2021-05-01 00:00:00","AQ Master wireless x1 Ms","Premium 2",836,8.3193000000,6954.9348000000,0.30
"2021-05-01 00:00:00","AQ Master wireless x1 Ms","Premium 1",381,7.9813000000,3040.8753000000,0.30
"2021-05-01 00:00:00","AQ Master wireless x1 Ms","Plus 2",946,7.3526000000,6955.5596000000,0.30
"2021-05-01 00:00:00","AQ Master wireless x1 Ms","Plus 1",861,6.7301000000,5794.6161000000,0.30
"2021-05-01 00:00:00","AQ Master wireless x1 Ms","Standard 2",659,6.4054000000,4221.1586000000,0.30
"2021-05-01 00:00:00","AQ Master wireless x1 Ms","Standard 1",961,5.4383000000,5226.2063000000,0.30
"2021-05-01 00:00:00","AQ Master wired x1 Ms","Premium 2",123,5.2542000000,646.2666000000,0.30
"2021-05-01 00:00:00","AQ Master wired x1 Ms","Premium 1",341,4.6904000000,1599.4264000000,0.30
"2021-05-01 00:00:00","AQ Master wired x1 Ms","Plus 2",514,5.0459000000,2593.5926000000,0.30
"2021-05-01 00:00:00","AQ Master wired x1 Ms","Plus 1",146,4.5295000000,661.3070000000,0.30
"2021-05-01 00:00:00","AQ Master wired x1 Ms","Standard 2",905,3.9998000000,3619.8190000000,0.30
"2021-05-01 00:00:00","AQ Master wired x1 Ms","Standard 1",982,2.9434000000,2890.4188000000,0.30
"2021-05-01 00:00:00","AQ MB Lito 2","Plus 2",73,45.4377000000,3316.9521000000,0.30
"2021-05-01 00:00:00","AQ MB Lito 2","Plus 1",64,39.3932000000,2521.1648000000,0.30
"2021-05-01 00:00:00","AQ MB Lito 2",Standard,86,41.3696000000,3557.7856000000,0.30
"2021-05-01 00:00:00","AQ MB Lito",Premium,71,38.9780000000,2767.4380000000,0.30
"2021-05-01 00:00:00","AQ MB Lito","Plus 2",132,35.8350000000,4730.2200000000,0.30
"2021-05-01 00:00:00","AQ MB Lito","Plus 1",37,35.0256000000,1295.9472000000,0.30
"2021-05-01 00:00:00","AQ MB Lito",Standard,68,33.7609000000,2295.7412000000,0.30
"2021-05-01 00:00:00","AQ MB Crossx 2",Premium,98,32.2612000000,3161.5976000000,0.30
"2021-05-01 00:00:00","AQ MB Crossx 2","Plus 2",48,32.1924000000,1545.2352000000,0.30
"2021-05-01 00:00:00","AQ MB Crossx 2","Plus 1",95,31.9525000000,3035.4875000000,0.30
"2021-05-01 00:00:00","AQ MB Crossx 2",Standard,107,28.8615000000,3088.1805000000,0.30
"2021-05-01 00:00:00","AQ MB Crossx",Premium,59,28.3991000000,1675.5469000000,0.30
"2021-05-01 00:00:00","AQ MB Crossx","Plus 2",39,27.3445000000,1066.4355000000,0.30
"2021-05-01 00:00:00","AQ MB Crossx","Plus 1",17,22.8957000000,389.2269000000,0.30
"2021-05-01 00:00:00","AQ MB Crossx",Standard,140,21.8879000000,3064.3060000000,0.30
"2021-05-01 00:00:00","AQ MB Elite",Premium,52,21.4489000000,1115.3428000000,0.30
"2021-05-01 00:00:00","AQ MB Elite","Plus 2",97,21.2017000000,2056.5649000000,0.30
"2021-05-01 00:00:00","AQ MB Elite","Plus 1",57,20.4629000000,1166.3853000000,0.30
"2021-05-01 00:00:00","AQ MB Elite",Standard,38,19.6485000000,746.6430000000,0.30
"2021-05-01 00:00:00","AQ Trigger","Premium 1",220,34.5114000000,7592.5080000000,0.30
"2021-05-01 00:00:00","AQ Trigger","Plus 2",150,33.6246000000,5043.6900000000,0.30
"2021-05-01 00:00:00","AQ Trigger","Plus 1",357,31.7665000000,11340.6405000000,0.30
"2021-05-01 00:00:00","AQ Trigger","Standard 2",211,30.3414000000,6402.0354000000,0.30
"2021-05-01 00:00:00","AQ Trigger","Standard 1",444,29.3872000000,13047.9168000000,0.30
"2021-05-01 00:00:00","AQ Qwerty","Premium 2",597,29.6709000000,17713.5273000000,0.30
"2021-05-01 00:00:00","AQ Qwerty","Premium 1",449,29.8692000000,13411.2708000000,0.30
"2021-05-01 00:00:00","AQ Qwerty","Plus 2",632,27.4152000000,17326.4064000000,0.30
"2021-05-01 00:00:00","AQ Qwerty","Plus 1",222,26.9507000000,5983.0554000000,0.30
"2021-05-01 00:00:00","AQ Qwerty","Standard 2",514,23.9726000000,12321.9164000000,0.30
"2021-05-01 00:00:00","AQ Qwerty","Standard 1",218,24.5690000000,5356.0420000000,0.30
"2021-05-01 00:00:00","AQ Maxima","Premium 2",313,23.7678000000,7439.3214000000,0.30
"2021-05-01 00:00:00","AQ Maxima","Premium 1",482,23.0844000000,11126.6808000000,0.30
"2021-05-01 00:00:00","AQ Maxima","Plus 2",92,22.1341000000,2036.3372000000,0.30
"2021-05-01 00:00:00","AQ Maxima","Plus 1",748,20.8733000000,15613.2284000000,0.30
"2021-05-01 00:00:00","AQ Maxima","Standard 2",686,21.6988000000,14885.3768000000,0.30
"2021-05-01 00:00:00","AQ Maxima","Standard 1",155,20.3908000000,3160.5740000000,0.30
"2021-05-01 00:00:00","AQ Lite","Premium 2",153,20.0066000000,3061.0098000000,0.30
"2021-05-01 00:00:00","AQ Lite","Premium 1",160,18.9415000000,3030.6400000000,0.30
"2021-05-01 00:00:00","AQ Lite","Plus 2",586,18.4219000000,10795.2334000000,0.30
"2021-05-01 00:00:00","AQ Lite","Plus 1",204,18.5844000000,3791.2176000000,0.30
"2021-05-01 00:00:00","AQ Lite","Standard 2",225,18.7947000000,4228.8075000000,0.30
"2021-05-01 00:00:00","AQ Lite","Standard 1",505,18.4943000000,9339.6215000000,0.30
"2021-05-01 00:00:00","AQ Gamers","Premium 2",708,19.3003000000,13664.6124000000,0.30
"2021-05-01 00:00:00","AQ Gamers","Premium 1",315,16.3218000000,5141.3670000000,0.30
"2021-05-01 00:00:00","AQ Gamers","Plus 2",345,16.3792000000,5650.8240000000,0.30
"2021-05-01 00:00:00","AQ Gamers","Plus 1",729,16.2407000000,11839.4703000000,0.30
"2021-05-01 00:00:00","AQ Gamers","Standard 2",377,15.3071000000,5770.7767000000,0.30
"2021-05-01 00:00:00","AQ Gamers","Standard 1",113,13.5061000000,1526.1893000000,0.30
"2021-05-01 00:00:00","AQ Master wireless x1","Premium 2",158,13.0018000000,2054.2844000000,0.30
"2021-05-01 00:00:00","AQ Master wireless x1","Premium 1",859,12.0509000000,10351.7231000000,0.30
"2021-05-01 00:00:00","AQ Master wireless x1","Plus 2",806,11.6011000000,9350.4866000000,0.30
"2021-05-01 00:00:00","AQ Master wireless x1","Plus 1",855,12.3739000000,10579.6845000000,0.30
"2021-05-01 00:00:00","AQ Master wireless x1","Standard 2",516,11.0524000000,5703.0384000000,0.30
"2021-05-01 00:00:00","AQ Master wireless x1","Standard 1",773,10.7955000000,8344.9215000000,0.30
"2021-05-01 00:00:00","AQ Master wired x1","Premium 2",774,10.4188000000,8064.1512000000,0.30
"2021-05-01 00:00:00","AQ Master wired x1","Premium 1",790,9.4650000000,7477.3500000000,0.30
"2021-05-01 00:00:00","AQ Master wired x1","Plus 2",428,8.9514000000,3831.1992000000,0.30
"2021-05-01 00:00:00","AQ Master wired x1","Plus 1",672,7.7693000000,5220.9696000000,0.30
"2021-05-01 00:00:00","AQ Master wired x1","Standard 2",662,7.5979000000,5029.8098000000,0.30
"2021-05-01 00:00:00","AQ Master wired x1","Standard 1",864,6.8991000000,5960.8224000000,0.30
"2021-05-01 00:00:00","AQ Zion Saga",Premium,84,28.0059000000,2352.4956000000,0.30
"2021-05-01 00:00:00","AQ Zion Saga",Plus,186,27.1027000000,5041.1022000000,0.30
"2021-05-01 00:00:00","AQ Zion Saga",Standard,223,23.7223000000,5290.0729000000,0.30
"2021-05-01 00:00:00","AQ WereWolf NAS Internal Hard Drive HDD â€“ 8.89 cm",Premium,225,23.6154000000,5313.4650000000,0.30
"2021-05-01 00:00:00","AQ WereWolf NAS Internal Hard Drive HDD â€“ 8.89 cm",Plus,246,24.7312000000,6083.8752000000,0.30
"2021-05-01 00:00:00","AQ WereWolf NAS Internal Hard Drive HDD â€“ 8.89 cm",Standard,197,23.6987000000,4668.6439000000,0.30
"2021-05-01 00:00:00","AQ Dracula HDD â€“ 3.5 Inch SATA 6 Gb/s 5400 RPM 256 MB Cache","Premium Plus",93,22.9729000000,2136.4797000000,0.30
"2021-05-01 00:00:00","AQ Dracula HDD â€“ 3.5 Inch SATA 6 Gb/s 5400 RPM 256 MB Cache",Premium,173,21.7795000000,3767.8535000000,0.30
"2021-05-01 00:00:00","AQ Dracula HDD â€“ 3.5 Inch SATA 6 Gb/s 5400 RPM 256 MB Cache",Plus,135,21.4565000000,2896.6275000000,0.30
"2021-05-01 00:00:00","AQ Dracula HDD â€“ 3.5 Inch SATA 6 Gb/s 5400 RPM 256 MB Cache",Standard,58,19.0573000000,1105.3234000000,0.30
"2021-05-01 00:00:00","AQ Marquee P4",Standard,146,45.0813000000,6581.8698000000,0.30
"2021-05-01 00:00:00","AQ Marquee P3",Premium,154,44.7044000000,6884.4776000000,0.30
"2021-05-01 00:00:00","AQ Marquee P3","Plus 2",162,42.3841000000,6866.2242000000,0.30
"2021-05-01 00:00:00","AQ Marquee P3","Plus 1",31,43.2966000000,1342.1946000000,0.30
"2021-05-01 00:00:00","AQ Marquee P3",Standard,166,40.5013000000,6723.2158000000,0.30
"2021-05-01 00:00:00","AQ GT 21",Premium,195,39.1215000000,7628.6925000000,0.30
"2021-05-01 00:00:00","AQ GT 21","Plus 2",103,39.2990000000,4047.7970000000,0.30
"2021-05-01 00:00:00","AQ GT 21","Plus 1",160,39.1465000000,6263.4400000000,0.30
"2021-05-01 00:00:00","AQ GT 21",Standard,101,39.3377000000,3973.1077000000,0.30
"2021-05-01 00:00:00","AQ Mforce Gen Z","Premium 2",78,39.3990000000,3073.1220000000,0.30
"2021-05-01 00:00:00","AQ Mforce Gen Z","Premium 1",138,36.2434000000,5001.5892000000,0.30
"2021-05-01 00:00:00","AQ Mforce Gen Z","Plus 3",84,37.5278000000,3152.3352000000,0.30
"2021-05-01 00:00:00","AQ Mforce Gen Z","Plus 2",189,36.5679000000,6911.3331000000,0.30
"2021-05-01 00:00:00","AQ Mforce Gen Z","Plus 1",64,37.5826000000,2405.2864000000,0.30
"2021-05-01 00:00:00","AQ Mforce Gen Z","Standard 3",75,34.2412000000,2568.0900000000,0.30
"2021-05-01 00:00:00","AQ Mforce Gen Z","Standard 2",86,34.0973000000,2932.3678000000,0.30
"2021-05-01 00:00:00","AQ Mforce Gen Z","Standard 1",116,30.4696000000,3534.4736000000,0.30
"2021-05-01 00:00:00","AQ Mforce Gen Y","Premium 2",182,30.5816000000,5565.8512000000,0.30
"2021-05-01 00:00:00","AQ Mforce Gen Y","Premium 1",43,32.4427000000,1395.0361000000,0.30
"2021-05-01 00:00:00","AQ Mforce Gen Y","Plus 3",104,31.2439000000,3249.3656000000,0.30
"2021-05-01 00:00:00","AQ Mforce Gen Y","Plus 2",138,29.7008000000,4098.7104000000,0.30
"2021-05-01 00:00:00","AQ Mforce Gen Y","Plus 1",178,26.1081000000,4647.2418000000,0.30
"2021-05-01 00:00:00","AQ Mforce Gen Y","Standard 3",122,26.5871000000,3243.6262000000,0.30
"2021-05-01 00:00:00","AQ Mforce Gen Y","Standard 2",91,24.9298000000,2268.6118000000,0.30
"2021-05-01 00:00:00","AQ Mforce Gen Y","Standard 1",134,22.3984000000,3001.3856000000,0.30
"2021-05-01 00:00:00","AQ Mforce Gen X","Plus 3",76,19.9365000000,1515.1740000000,0.30
"2021-05-01 00:00:00","AQ Mforce Gen X","Plus 2",190,20.0766000000,3814.5540000000,0.30
"2021-05-01 00:00:00","AQ Mforce Gen X","Plus 1",48,19.9239000000,956.3472000000,0.30
"2021-05-01 00:00:00","AQ Mforce Gen X","Standard 3",58,19.5235000000,1132.3630000000,0.30
"2021-05-01 00:00:00","AQ Mx NB",Premium,68,31.7029000000,2155.7972000000,0.30
"2021-05-01 00:00:00","AQ Mx NB","Plus 3",9,28.5800000000,257.2200000000,0.30
"2021-05-01 00:00:00","AQ Mx NB","Plus 2",36,29.9423000000,1077.9228000000,0.30
"2021-05-01 00:00:00","AQ Mx NB","Plus 1 ",84,28.4500000000,2389.8000000000,0.30
"2021-05-01 00:00:00","AQ Mx NB",Standard,17,26.9302000000,457.8134000000,0.30
"2021-05-01 00:00:00","AQ LION x3",Premium,65,27.4546000000,1784.5490000000,0.30
"2021-05-01 00:00:00","AQ LION x3","Plus 3",21,25.0442000000,525.9282000000,0.30
"2021-05-01 00:00:00","AQ LION x3","Plus 2",13,25.4670000000,331.0710000000,0.30
"2021-05-01 00:00:00","AQ LION x3","Plus 1 ",49,23.1520000000,1134.4480000000,0.30
"2021-05-01 00:00:00","AQ LION x3",Standard,62,22.1454000000,1373.0148000000,0.30
"2021-05-01 00:00:00","AQ LION x2",Premium,63,21.6066000000,1361.2158000000,0.30
"2021-05-01 00:00:00","AQ LION x2","Plus 3",30,21.1942000000,635.8260000000,0.30
"2021-05-01 00:00:00","AQ LION x2","Plus 2",85,18.4533000000,1568.5305000000,0.30
"2021-05-01 00:00:00","AQ LION x2","Plus 1 ",15,17.5197000000,262.7955000000,0.30
"2021-05-01 00:00:00","AQ LION x2",Standard,18,17.2648000000,310.7664000000,0.30
"2021-05-01 00:00:00","AQ LION x1",Premium,44,18.0312000000,793.3728000000,0.30
"2021-05-01 00:00:00","AQ LION x1","Plus 2",54,17.5697000000,948.7638000000,0.30
"2021-05-01 00:00:00","AQ LION x1","Plus 1 ",71,16.1015000000,1143.2065000000,0.30
"2021-05-01 00:00:00","AQ LION x1",Standard,69,16.5127000000,1139.3763000000,0.30
"2021-04-01 00:00:00","AQ Gen Y","Plus Blue",26,349.2525000000,9080.5650000000,0.30
"2021-04-01 00:00:00","AQ Gen Y","Plus Grey",11,353.0982000000,3884.0802000000,0.30
"2021-04-01 00:00:00","AQ Gen Y","Standard Red",21,366.0459000000,7686.9639000000,0.30
"2021-04-01 00:00:00","AQ Gen Y","Standard Blue",10,346.6886000000,3466.8860000000,0.30
"2021-04-01 00:00:00","AQ Gen Y","Standard Grey",30,347.2474000000,10417.4220000000,0.30
"2021-04-01 00:00:00","AQ Gen X","Premium Misty Green",13,327.0930000000,4252.2090000000,0.30
"2021-04-01 00:00:00","AQ Gen X","Premium Black",23,322.9426000000,7427.6798000000,0.30
"2021-04-01 00:00:00","AQ Gen X","Plus Red",8,325.2561000000,2602.0488000000,0.30
"2021-04-01 00:00:00","AQ Gen X","Plus Blue",25,325.2156000000,8130.3900000000,0.30
"2021-04-01 00:00:00","AQ Gen X","Plus Grey",19,341.7343000000,6492.9517000000,0.30
"2021-04-01 00:00:00","AQ Gen X","Standard Red",32,306.9189000000,9821.4048000000,0.30
"2021-04-01 00:00:00","AQ Gen X","Standard Blue",27,300.3378000000,8109.1206000000,0.30
"2021-04-01 00:00:00","AQ Gen X","Standard Grey",30,311.8396000000,9355.1880000000,0.30
"2021-04-01 00:00:00","AQ Elite","Premium Misty Green",26,297.0277000000,7722.7202000000,0.30
"2021-04-01 00:00:00","AQ Elite","Premium Black",28,287.4934000000,8049.8152000000,0.30
"2021-04-01 00:00:00","AQ Elite","Plus Red",17,287.5666000000,4888.6322000000,0.30
"2021-04-01 00:00:00","AQ Elite","Plus Blue",22,291.2071000000,6406.5562000000,0.30
"2021-04-01 00:00:00","AQ Elite","Plus Grey",18,286.8973000000,5164.1514000000,0.30
"2021-04-01 00:00:00","AQ Elite","Standard Red",26,288.0503000000,7489.3078000000,0.30
"2021-04-01 00:00:00","AQ Elite","Standard Blue",10,281.9504000000,2819.5040000000,0.30
"2021-04-01 00:00:00","AQ Elite","Standard Grey",24,271.3471000000,6512.3304000000,0.30
"2021-04-01 00:00:00","AQ Velocity","Plus Red",19,275.8194000000,5240.5686000000,0.30
"2021-04-01 00:00:00","AQ Velocity","Plus Blue",26,277.8079000000,7223.0054000000,0.30
"2021-04-01 00:00:00","AQ Velocity","Plus Grey",18,267.0636000000,4807.1448000000,0.30
"2021-04-01 00:00:00","AQ Velocity","Standard Red",27,261.2305000000,7053.2235000000,0.30
"2021-04-01 00:00:00","AQ Velocity","Standard Blue",25,267.2091000000,6680.2275000000,0.30
"2021-04-01 00:00:00","AQ Velocity","Standard Grey",10,264.7000000000,2647.0000000000,0.30
"2021-04-01 00:00:00","AQ Digit","Premium Misty Green",33,243.0414000000,8020.3662000000,0.30
"2021-04-01 00:00:00","AQ Digit","Premium Black",30,249.1303000000,7473.9090000000,0.30
"2021-04-01 00:00:00","AQ Digit","Plus Red",22,237.0183000000,5214.4026000000,0.30
"2021-04-01 00:00:00","AQ Digit","Plus Blue",36,240.1403000000,8645.0508000000,0.30
"2021-04-01 00:00:00","AQ Digit","Plus Grey",33,232.1038000000,7659.4254000000,0.30
"2021-04-01 00:00:00","AQ Digit","Standard Red",13,236.8486000000,3079.0318000000,0.30
"2021-04-01 00:00:00","AQ Digit","Standard Blue",30,215.9341000000,6478.0230000000,0.30
"2021-04-01 00:00:00","AQ Digit","Standard Grey",12,200.2732000000,2403.2784000000,0.30
"2021-04-01 00:00:00","AQ Aspiron","Premium Black",17,195.7721000000,3328.1257000000,0.30
"2021-04-01 00:00:00","AQ Aspiron","Plus Red",38,187.7533000000,7134.6254000000,0.30
"2021-04-01 00:00:00","AQ Aspiron","Plus Blue",15,182.8932000000,2743.3980000000,0.30
"2021-04-01 00:00:00","AQ Electron 3 3600 Desktop Processor",Plus,45,185.4599000000,8345.6955000000,0.30
"2021-04-01 00:00:00","AQ Electron 3 3600 Desktop Processor",Standard,95,186.2917000000,17697.7115000000,0.30
"2021-04-01 00:00:00","AQ Electron 4 3600 Desktop Processor",Premium,102,176.4389000000,17996.7678000000,0.30
"2021-04-01 00:00:00","AQ Electron 4 3600 Desktop Processor",Plus,172,169.4999000000,29153.9828000000,0.30
"2021-04-01 00:00:00","AQ Electron 4 3600 Desktop Processor",Standard,123,160.5082000000,19742.5086000000,0.30
"2021-04-01 00:00:00","AQ Electron 5 3600 Desktop Processor",Premium,89,160.6912000000,14301.5168000000,0.30
"2021-04-01 00:00:00","AQ Electron 5 3600 Desktop Processor",Plus,96,150.2450000000,14423.5200000000,0.30
"2021-04-01 00:00:00","AQ Electron 5 3600 Desktop Processor",Standard,30,149.1034000000,4473.1020000000,0.30
"2021-04-01 00:00:00","AQ 5000 Series Ultron 8 5900X Desktop Processor",Premium,169,142.9402000000,24156.8938000000,0.30
"2021-04-01 00:00:00","AQ 5000 Series Ultron 8 5900X Desktop Processor",Plus,161,145.1474000000,23368.7314000000,0.30
"2021-04-01 00:00:00","AQ 5000 Series Ultron 8 5900X Desktop Processor",Standard,39,135.6822000000,5291.6058000000,0.30
"2021-04-01 00:00:00","AQ 5000 Series Electron 8 5900X Desktop Processor",Premium,163,139.8962000000,22803.0806000000,0.30
"2021-04-01 00:00:00","AQ 5000 Series Electron 8 5900X Desktop Processor",Plus,101,129.5836000000,13087.9436000000,0.30
"2021-04-01 00:00:00","AQ 5000 Series Electron 8 5900X Desktop Processor",Standard,143,124.2640000000,17769.7520000000,0.30
"2021-04-01 00:00:00","AQ 5000 Series Electron 9 5900X Desktop Processor",Premium,114,123.9315000000,14128.1910000000,0.30
"2021-04-01 00:00:00","AQ 5000 Series Electron 9 5900X Desktop Processor",Plus,52,123.4797000000,6420.9444000000,0.30
"2021-04-01 00:00:00","AQ 5000 Series Electron 9 5900X Desktop Processor",Standard,45,111.1036000000,4999.6620000000,0.30
"2021-04-01 00:00:00","AQ Lumina Ms","Standard 1",283,21.7118000000,6144.4394000000,0.30
"2021-04-01 00:00:00","AQ Trigger Ms","Premium 2",229,20.0537000000,4592.2973000000,0.30
"2021-04-01 00:00:00","AQ Trigger Ms","Premium 1",599,19.4042000000,11623.1158000000,0.30
"2021-04-01 00:00:00","AQ Trigger Ms","Plus 2",156,19.5860000000,3055.4160000000,0.30
"2021-04-01 00:00:00","AQ Trigger Ms","Plus 1",782,16.9353000000,13243.4046000000,0.30
"2021-04-01 00:00:00","AQ Trigger Ms","Standard 2",370,17.2368000000,6377.6160000000,0.30
"2021-04-01 00:00:00","AQ Trigger Ms","Standard 1",239,17.0917000000,4084.9163000000,0.30
"2021-04-01 00:00:00","AQ Qwerty Ms","Premium 2",327,16.7850000000,5488.6950000000,0.30
"2021-04-01 00:00:00","AQ Qwerty Ms","Premium 1",266,16.5882000000,4412.4612000000,0.30
"2021-04-01 00:00:00","AQ Qwerty Ms","Plus 2",572,16.5491000000,9466.0852000000,0.30
"2021-04-01 00:00:00","AQ Qwerty Ms","Plus 1",428,15.9792000000,6839.0976000000,0.30
"2021-04-01 00:00:00","AQ Qwerty Ms","Standard 2",343,15.8102000000,5422.8986000000,0.30
"2021-04-01 00:00:00","AQ Qwerty Ms","Standard 1",206,14.9013000000,3069.6678000000,0.30
"2021-04-01 00:00:00","AQ Maxima Ms","Premium 2",597,14.5677000000,8696.9169000000,0.30
"2021-04-01 00:00:00","AQ Maxima Ms","Premium 1",788,15.1762000000,11958.8456000000,0.30
"2021-04-01 00:00:00","AQ Maxima Ms","Plus 2",911,14.2800000000,13009.0800000000,0.30
"2021-04-01 00:00:00","AQ Maxima Ms","Plus 1",376,14.1682000000,5327.2432000000,0.30
"2021-04-01 00:00:00","AQ Maxima Ms","Standard 2",204,14.5267000000,2963.4468000000,0.30
"2021-04-01 00:00:00","AQ Maxima Ms","Standard 1",470,12.0689000000,5672.3830000000,0.30
"2021-04-01 00:00:00","AQ Lite Ms","Premium 2",851,12.2979000000,10465.5129000000,0.30
"2021-04-01 00:00:00","AQ Lite Ms","Premium 1",745,12.7423000000,9493.0135000000,0.30
"2021-04-01 00:00:00","AQ Lite Ms","Plus 2",449,11.6332000000,5223.3068000000,0.30
"2021-04-01 00:00:00","AQ Lite Ms","Plus 1",262,10.8925000000,2853.8350000000,0.30
"2021-04-01 00:00:00","AQ Lite Ms","Standard 2",1025,11.2819000000,11563.9475000000,0.30
"2021-04-01 00:00:00","AQ Lite Ms","Standard 1",295,11.4829000000,3387.4555000000,0.30
"2021-04-01 00:00:00","AQ Gamers Ms","Premium 2",362,10.8659000000,3933.4558000000,0.30
"2021-04-01 00:00:00","AQ Gamers Ms","Premium 1",256,10.4370000000,2671.8720000000,0.30
"2021-04-01 00:00:00","AQ Gamers Ms","Plus 2",462,10.4573000000,4831.2726000000,0.30
"2021-04-01 00:00:00","AQ Gamers Ms","Plus 1",576,9.3977000000,5413.0752000000,0.30
"2021-04-01 00:00:00","AQ Gamers Ms","Standard 2",428,8.9901000000,3847.7628000000,0.30
"2021-04-01 00:00:00","AQ Gamers Ms","Standard 1",508,8.8044000000,4472.6352000000,0.30
"2021-04-01 00:00:00","AQ Master wireless x1 Ms","Premium 2",256,8.3193000000,2129.7408000000,0.30
"2021-04-01 00:00:00","AQ Master wireless x1 Ms","Premium 1",682,7.9813000000,5443.2466000000,0.30
"2021-04-01 00:00:00","AQ Master wireless x1 Ms","Plus 2",131,7.3526000000,963.1906000000,0.30
"2021-04-01 00:00:00","AQ Master wireless x1 Ms","Plus 1",930,6.7301000000,6258.9930000000,0.30
"2021-04-01 00:00:00","AQ Master wireless x1 Ms","Standard 2",495,6.4054000000,3170.6730000000,0.30
"2021-04-01 00:00:00","AQ Master wireless x1 Ms","Standard 1",173,5.4383000000,940.8259000000,0.30
"2021-04-01 00:00:00","AQ Master wired x1 Ms","Premium 2",940,5.2542000000,4938.9480000000,0.30
"2021-04-01 00:00:00","AQ Master wired x1 Ms","Premium 1",362,4.6904000000,1697.9248000000,0.30
"2021-04-01 00:00:00","AQ Master wired x1 Ms","Plus 2",907,5.0459000000,4576.6313000000,0.30
"2021-04-01 00:00:00","AQ Master wired x1 Ms","Plus 1",944,4.5295000000,4275.8480000000,0.30
"2021-04-01 00:00:00","AQ Master wired x1 Ms","Standard 2",657,3.9998000000,2627.8686000000,0.30
"2021-04-01 00:00:00","AQ Master wired x1 Ms","Standard 1",291,2.9434000000,856.5294000000,0.30
"2021-04-01 00:00:00","AQ MB Lito 2","Plus 2",98,45.4377000000,4452.8946000000,0.30
"2021-04-01 00:00:00","AQ MB Lito 2","Plus 1",79,39.3932000000,3112.0628000000,0.30
"2021-04-01 00:00:00","AQ MB Lito 2",Standard,78,41.3696000000,3226.8288000000,0.30
"2021-04-01 00:00:00","AQ MB Lito",Premium,47,38.9780000000,1831.9660000000,0.30
"2021-04-01 00:00:00","AQ MB Lito","Plus 2",73,35.8350000000,2615.9550000000,0.30
"2021-04-01 00:00:00","AQ MB Lito","Plus 1",45,35.0256000000,1576.1520000000,0.30
"2021-04-01 00:00:00","AQ MB Lito",Standard,50,33.7609000000,1688.0450000000,0.30
"2021-04-01 00:00:00","AQ MB Crossx 2",Premium,85,32.2612000000,2742.2020000000,0.30
"2021-04-01 00:00:00","AQ MB Crossx 2","Plus 2",36,32.1924000000,1158.9264000000,0.30
"2021-04-01 00:00:00","AQ MB Crossx 2","Plus 1",143,31.9525000000,4569.2075000000,0.30
"2021-04-01 00:00:00","AQ MB Crossx 2",Standard,40,28.8615000000,1154.4600000000,0.30
"2021-04-01 00:00:00","AQ MB Crossx",Premium,132,28.3991000000,3748.6812000000,0.30
"2021-04-01 00:00:00","AQ MB Crossx","Plus 2",76,27.3445000000,2078.1820000000,0.30
"2021-04-01 00:00:00","AQ MB Crossx","Plus 1",101,22.8957000000,2312.4657000000,0.30
"2021-04-01 00:00:00","AQ MB Crossx",Standard,81,21.8879000000,1772.9199000000,0.30
"2021-04-01 00:00:00","AQ MB Elite",Premium,141,21.4489000000,3024.2949000000,0.30
"2021-04-01 00:00:00","AQ MB Elite","Plus 2",110,21.2017000000,2332.1870000000,0.30
"2021-04-01 00:00:00","AQ MB Elite","Plus 1",83,20.4629000000,1698.4207000000,0.30
"2021-04-01 00:00:00","AQ MB Elite",Standard,83,19.6485000000,1630.8255000000,0.30
"2021-04-01 00:00:00","AQ Trigger","Premium 1",852,34.5114000000,29403.7128000000,0.30
"2021-04-01 00:00:00","AQ Trigger","Plus 2",655,33.6246000000,22024.1130000000,0.30
"2021-04-01 00:00:00","AQ Trigger","Plus 1",480,31.7665000000,15247.9200000000,0.30
"2021-04-01 00:00:00","AQ Trigger","Standard 2",171,30.3414000000,5188.3794000000,0.30
"2021-04-01 00:00:00","AQ Trigger","Standard 1",239,29.3872000000,7023.5408000000,0.30
"2021-04-01 00:00:00","AQ Qwerty","Premium 2",317,29.6709000000,9405.6753000000,0.30
"2021-04-01 00:00:00","AQ Qwerty","Premium 1",685,29.8692000000,20460.4020000000,0.30
"2021-04-01 00:00:00","AQ Qwerty","Plus 2",107,27.4152000000,2933.4264000000,0.30
"2021-04-01 00:00:00","AQ Qwerty","Plus 1",391,26.9507000000,10537.7237000000,0.30
"2021-04-01 00:00:00","AQ Qwerty","Standard 2",387,23.9726000000,9277.3962000000,0.30
"2021-04-01 00:00:00","AQ Qwerty","Standard 1",852,24.5690000000,20932.7880000000,0.30
"2021-04-01 00:00:00","AQ Maxima","Premium 2",815,23.7678000000,19370.7570000000,0.30
"2021-04-01 00:00:00","AQ Maxima","Premium 1",257,23.0844000000,5932.6908000000,0.30
"2021-04-01 00:00:00","AQ Maxima","Plus 2",834,22.1341000000,18459.8394000000,0.30
"2021-04-01 00:00:00","AQ Maxima","Plus 1",188,20.8733000000,3924.1804000000,0.30
"2021-04-01 00:00:00","AQ Maxima","Standard 2",818,21.6988000000,17749.6184000000,0.30
"2021-04-01 00:00:00","AQ Maxima","Standard 1",442,20.3908000000,9012.7336000000,0.30
"2021-04-01 00:00:00","AQ Lite","Premium 2",813,20.0066000000,16265.3658000000,0.30
"2021-04-01 00:00:00","AQ Lite","Premium 1",401,18.9415000000,7595.5415000000,0.30
"2021-04-01 00:00:00","AQ Lite","Plus 2",759,18.4219000000,13982.2221000000,0.30
"2021-04-01 00:00:00","AQ Lite","Plus 1",787,18.5844000000,14625.9228000000,0.30
"2021-04-01 00:00:00","AQ Lite","Standard 2",396,18.7947000000,7442.7012000000,0.30
"2021-04-01 00:00:00","AQ Lite","Standard 1",171,18.4943000000,3162.5253000000,0.30
"2021-04-01 00:00:00","AQ Gamers","Premium 2",444,19.3003000000,8569.3332000000,0.30
"2021-04-01 00:00:00","AQ Gamers","Premium 1",357,16.3218000000,5826.8826000000,0.30
"2021-04-01 00:00:00","AQ Gamers","Plus 2",419,16.3792000000,6862.8848000000,0.30
"2021-04-01 00:00:00","AQ Gamers","Plus 1",296,16.2407000000,4807.2472000000,0.30
"2021-04-01 00:00:00","AQ Gamers","Standard 2",577,15.3071000000,8832.1967000000,0.30
"2021-04-01 00:00:00","AQ Gamers","Standard 1",208,13.5061000000,2809.2688000000,0.30
"2021-04-01 00:00:00","AQ Master wireless x1","Premium 2",320,13.0018000000,4160.5760000000,0.30
"2021-04-01 00:00:00","AQ Master wireless x1","Premium 1",377,12.0509000000,4543.1893000000,0.30
"2021-04-01 00:00:00","AQ Master wireless x1","Plus 2",544,11.6011000000,6310.9984000000,0.30
"2021-04-01 00:00:00","AQ Master wireless x1","Plus 1",385,12.3739000000,4763.9515000000,0.30
"2021-04-01 00:00:00","AQ Master wireless x1","Standard 2",667,11.0524000000,7371.9508000000,0.30
"2021-04-01 00:00:00","AQ Master wireless x1","Standard 1",815,10.7955000000,8798.3325000000,0.30
"2021-04-01 00:00:00","AQ Master wired x1","Premium 2",428,10.4188000000,4459.2464000000,0.30
"2021-04-01 00:00:00","AQ Master wired x1","Premium 1",730,9.4650000000,6909.4500000000,0.30
"2021-04-01 00:00:00","AQ Master wired x1","Plus 2",699,8.9514000000,6257.0286000000,0.30
"2021-04-01 00:00:00","AQ Master wired x1","Plus 1",648,7.7693000000,5034.5064000000,0.30
"2021-04-01 00:00:00","AQ Master wired x1","Standard 2",130,7.5979000000,987.7270000000,0.30
"2021-04-01 00:00:00","AQ Master wired x1","Standard 1",561,6.8991000000,3870.3951000000,0.30
"2021-04-01 00:00:00","AQ Zion Saga",Premium,95,28.0059000000,2660.5605000000,0.30
"2021-04-01 00:00:00","AQ Zion Saga",Plus,86,27.1027000000,2330.8322000000,0.30
"2021-04-01 00:00:00","AQ Zion Saga",Standard,232,23.7223000000,5503.5736000000,0.30
"2021-04-01 00:00:00","AQ WereWolf NAS Internal Hard Drive HDD â€“ 8.89 cm",Premium,188,23.6154000000,4439.6952000000,0.30
"2021-04-01 00:00:00","AQ WereWolf NAS Internal Hard Drive HDD â€“ 8.89 cm",Plus,38,24.7312000000,939.7856000000,0.30
"2021-04-01 00:00:00","AQ WereWolf NAS Internal Hard Drive HDD â€“ 8.89 cm",Standard,81,23.6987000000,1919.5947000000,0.30
"2021-04-01 00:00:00","AQ Dracula HDD â€“ 3.5 Inch SATA 6 Gb/s 5400 RPM 256 MB Cache","Premium Plus",27,22.9729000000,620.2683000000,0.30
"2021-04-01 00:00:00","AQ Dracula HDD â€“ 3.5 Inch SATA 6 Gb/s 5400 RPM 256 MB Cache",Premium,186,21.7795000000,4050.9870000000,0.30
"2021-04-01 00:00:00","AQ Dracula HDD â€“ 3.5 Inch SATA 6 Gb/s 5400 RPM 256 MB Cache",Plus,247,21.4565000000,5299.7555000000,0.30
"2021-04-01 00:00:00","AQ Dracula HDD â€“ 3.5 Inch SATA 6 Gb/s 5400 RPM 256 MB Cache",Standard,199,19.0573000000,3792.4027000000,0.30
"2021-04-01 00:00:00","AQ Marquee P4",Standard,160,45.0813000000,7213.0080000000,0.30
"2021-04-01 00:00:00","AQ Marquee P3",Premium,169,44.7044000000,7555.0436000000,0.30
"2021-04-01 00:00:00","AQ Marquee P3","Plus 2",113,42.3841000000,4789.4033000000,0.30
"2021-04-01 00:00:00","AQ Marquee P3","Plus 1",196,43.2966000000,8486.1336000000,0.30
"2021-04-01 00:00:00","AQ Marquee P3",Standard,164,40.5013000000,6642.2132000000,0.30
"2021-04-01 00:00:00","AQ GT 21",Premium,44,39.1215000000,1721.3460000000,0.30
"2021-04-01 00:00:00","AQ GT 21","Plus 2",136,39.2990000000,5344.6640000000,0.30
"2021-04-01 00:00:00","AQ GT 21","Plus 1",22,39.1465000000,861.2230000000,0.30
"2021-04-01 00:00:00","AQ GT 21",Standard,170,39.3377000000,6687.4090000000,0.30
"2021-04-01 00:00:00","AQ Mforce Gen Z","Premium 2",154,39.3990000000,6067.4460000000,0.30
"2021-04-01 00:00:00","AQ Mforce Gen Z","Premium 1",165,36.2434000000,5980.1610000000,0.30
"2021-04-01 00:00:00","AQ Mforce Gen Z","Plus 3",56,37.5278000000,2101.5568000000,0.30
"2021-04-01 00:00:00","AQ Mforce Gen Z","Plus 2",182,36.5679000000,6655.3578000000,0.30
"2021-04-01 00:00:00","AQ Mforce Gen Z","Plus 1",94,37.5826000000,3532.7644000000,0.30
"2021-04-01 00:00:00","AQ Mforce Gen Z","Standard 3",114,34.2412000000,3903.4968000000,0.30
"2021-04-01 00:00:00","AQ Mforce Gen Z","Standard 2",101,34.0973000000,3443.8273000000,0.30
"2021-04-01 00:00:00","AQ Mforce Gen Z","Standard 1",42,30.4696000000,1279.7232000000,0.30
"2021-04-01 00:00:00","AQ Mforce Gen Y","Premium 2",130,30.5816000000,3975.6080000000,0.30
"2021-04-01 00:00:00","AQ Mforce Gen Y","Premium 1",119,32.4427000000,3860.6813000000,0.30
"2021-04-01 00:00:00","AQ Mforce Gen Y","Plus 3",64,31.2439000000,1999.6096000000,0.30
"2021-04-01 00:00:00","AQ Mforce Gen Y","Plus 2",70,29.7008000000,2079.0560000000,0.30
"2021-04-01 00:00:00","AQ Mforce Gen Y","Plus 1",174,26.1081000000,4542.8094000000,0.30
"2021-04-01 00:00:00","AQ Mforce Gen Y","Standard 3",31,26.5871000000,824.2001000000,0.30
"2021-04-01 00:00:00","AQ Mforce Gen Y","Standard 2",151,24.9298000000,3764.3998000000,0.30
"2021-04-01 00:00:00","AQ Mforce Gen Y","Standard 1",50,22.3984000000,1119.9200000000,0.30
"2021-04-01 00:00:00","AQ Mforce Gen X","Plus 3",88,19.9365000000,1754.4120000000,0.30
"2021-04-01 00:00:00","AQ Mforce Gen X","Plus 2",186,20.0766000000,3734.2476000000,0.30
"2021-04-01 00:00:00","AQ Mforce Gen X","Plus 1",32,19.9239000000,637.5648000000,0.30
"2021-04-01 00:00:00","AQ Mforce Gen X","Standard 3",33,19.5235000000,644.2755000000,0.30
"2021-04-01 00:00:00","AQ Mx NB",Premium,25,31.7029000000,792.5725000000,0.30
"2021-04-01 00:00:00","AQ Mx NB","Plus 3",14,28.5800000000,400.1200000000,0.30
"2021-04-01 00:00:00","AQ Mx NB","Plus 2",70,29.9423000000,2095.9610000000,0.30
"2021-04-01 00:00:00","AQ Mx NB","Plus 1 ",20,28.4500000000,569.0000000000,0.30
"2021-04-01 00:00:00","AQ Mx NB",Standard,62,26.9302000000,1669.6724000000,0.30
"2021-04-01 00:00:00","AQ LION x3",Premium,86,27.4546000000,2361.0956000000,0.30
"2021-04-01 00:00:00","AQ LION x3","Plus 3",42,25.0442000000,1051.8564000000,0.30
"2021-04-01 00:00:00","AQ LION x3","Plus 2",88,25.4670000000,2241.0960000000,0.30
"2021-04-01 00:00:00","AQ LION x3","Plus 1 ",42,23.1520000000,972.3840000000,0.30
"2021-04-01 00:00:00","AQ LION x3",Standard,65,22.1454000000,1439.4510000000,0.30
"2021-04-01 00:00:00","AQ LION x2",Premium,39,21.6066000000,842.6574000000,0.30
"2021-04-01 00:00:00","AQ LION x2","Plus 3",63,21.1942000000,1335.2346000000,0.30
"2021-04-01 00:00:00","AQ LION x2","Plus 2",70,18.4533000000,1291.7310000000,0.30
"2021-04-01 00:00:00","AQ LION x2","Plus 1 ",51,17.5197000000,893.5047000000,0.30
"2021-04-01 00:00:00","AQ LION x2",Standard,62,17.2648000000,1070.4176000000,0.30
"2021-04-01 00:00:00","AQ LION x1",Premium,63,18.0312000000,1135.9656000000,0.30
"2021-04-01 00:00:00","AQ LION x1","Plus 2",79,17.5697000000,1388.0063000000,0.30
"2021-04-01 00:00:00","AQ LION x1","Plus 1 ",13,16.1015000000,209.3195000000,0.30
"2021-04-01 00:00:00","AQ LION x1",Standard,20,16.5127000000,330.2540000000,0.30
"2021-02-01 00:00:00","AQ Gen Y","Plus Blue",7,349.2525000000,2444.7675000000,0.30
"2021-02-01 00:00:00","AQ Gen Y","Plus Grey",38,353.0982000000,13417.7316000000,0.30
"2021-02-01 00:00:00","AQ Gen Y","Standard Red",32,366.0459000000,11713.4688000000,0.30
"2021-02-01 00:00:00","AQ Gen Y","Standard Blue",37,346.6886000000,12827.4782000000,0.30
"2021-02-01 00:00:00","AQ Gen Y","Standard Grey",7,347.2474000000,2430.7318000000,0.30
"2021-02-01 00:00:00","AQ Gen X","Premium Misty Green",28,327.0930000000,9158.6040000000,0.30
"2021-02-01 00:00:00","AQ Gen X","Premium Black",21,322.9426000000,6781.7946000000,0.30
"2021-02-01 00:00:00","AQ Gen X","Plus Red",25,325.2561000000,8131.4025000000,0.30
"2021-02-01 00:00:00","AQ Gen X","Plus Blue",19,325.2156000000,6179.0964000000,0.30
"2021-02-01 00:00:00","AQ Gen X","Plus Grey",19,341.7343000000,6492.9517000000,0.30
"2021-02-01 00:00:00","AQ Gen X","Standard Red",7,306.9189000000,2148.4323000000,0.30
"2021-02-01 00:00:00","AQ Gen X","Standard Blue",16,300.3378000000,4805.4048000000,0.30
"2021-02-01 00:00:00","AQ Gen X","Standard Grey",35,311.8396000000,10914.3860000000,0.30
"2021-02-01 00:00:00","AQ Elite","Premium Misty Green",12,297.0277000000,3564.3324000000,0.30
"2021-02-01 00:00:00","AQ Elite","Premium Black",17,287.4934000000,4887.3878000000,0.30
"2021-02-01 00:00:00","AQ Elite","Plus Red",34,287.5666000000,9777.2644000000,0.30
"2021-02-01 00:00:00","AQ Elite","Plus Blue",37,291.2071000000,10774.6627000000,0.30
"2021-02-01 00:00:00","AQ Elite","Plus Grey",10,286.8973000000,2868.9730000000,0.30
"2021-02-01 00:00:00","AQ Elite","Standard Red",36,288.0503000000,10369.8108000000,0.30
"2021-02-01 00:00:00","AQ Elite","Standard Blue",22,281.9504000000,6202.9088000000,0.30
"2021-02-01 00:00:00","AQ Elite","Standard Grey",11,271.3471000000,2984.8181000000,0.30
"2021-02-01 00:00:00","AQ Velocity","Plus Red",35,275.8194000000,9653.6790000000,0.30
"2021-02-01 00:00:00","AQ Velocity","Plus Blue",33,277.8079000000,9167.6607000000,0.30
"2021-02-01 00:00:00","AQ Velocity","Plus Grey",28,267.0636000000,7477.7808000000,0.30
"2021-02-01 00:00:00","AQ Velocity","Standard Red",24,261.2305000000,6269.5320000000,0.30
"2021-02-01 00:00:00","AQ Velocity","Standard Blue",36,267.2091000000,9619.5276000000,0.30
"2021-02-01 00:00:00","AQ Velocity","Standard Grey",36,264.7000000000,9529.2000000000,0.30
"2021-02-01 00:00:00","AQ Digit","Premium Misty Green",14,243.0414000000,3402.5796000000,0.30
"2021-02-01 00:00:00","AQ Digit","Premium Black",9,249.1303000000,2242.1727000000,0.30
"2021-02-01 00:00:00","AQ Digit","Plus Red",11,237.0183000000,2607.2013000000,0.30
"2021-02-01 00:00:00","AQ Digit","Plus Blue",24,240.1403000000,5763.3672000000,0.30
"2021-02-01 00:00:00","AQ Digit","Plus Grey",36,232.1038000000,8355.7368000000,0.30
"2021-02-01 00:00:00","AQ Digit","Standard Red",40,236.8486000000,9473.9440000000,0.30
"2021-02-01 00:00:00","AQ Digit","Standard Blue",31,215.9341000000,6693.9571000000,0.30
"2021-02-01 00:00:00","AQ Digit","Standard Grey",23,200.2732000000,4606.2836000000,0.30
"2021-02-01 00:00:00","AQ Aspiron","Premium Black",32,195.7721000000,6264.7072000000,0.30
"2021-02-01 00:00:00","AQ Aspiron","Plus Red",16,187.7533000000,3004.0528000000,0.30
"2021-02-01 00:00:00","AQ Aspiron","Plus Blue",22,182.8932000000,4023.6504000000,0.30
"2021-02-01 00:00:00","AQ Electron 3 3600 Desktop Processor",Plus,55,185.4599000000,10200.2945000000,0.30
"2021-02-01 00:00:00","AQ Electron 3 3600 Desktop Processor",Standard,69,186.2917000000,12854.1273000000,0.30
"2021-02-01 00:00:00","AQ Electron 4 3600 Desktop Processor",Premium,178,176.4389000000,31406.1242000000,0.30
"2021-02-01 00:00:00","AQ Electron 4 3600 Desktop Processor",Plus,98,169.4999000000,16610.9902000000,0.30
"2021-02-01 00:00:00","AQ Electron 4 3600 Desktop Processor",Standard,190,160.5082000000,30496.5580000000,0.30
"2021-02-01 00:00:00","AQ Electron 5 3600 Desktop Processor",Premium,176,160.6912000000,28281.6512000000,0.30
"2021-02-01 00:00:00","AQ Electron 5 3600 Desktop Processor",Plus,104,150.2450000000,15625.4800000000,0.30
"2021-02-01 00:00:00","AQ Electron 5 3600 Desktop Processor",Standard,136,149.1034000000,20278.0624000000,0.30
"2021-02-01 00:00:00","AQ 5000 Series Ultron 8 5900X Desktop Processor",Premium,56,142.9402000000,8004.6512000000,0.30
"2021-02-01 00:00:00","AQ 5000 Series Ultron 8 5900X Desktop Processor",Plus,36,145.1474000000,5225.3064000000,0.30
"2021-02-01 00:00:00","AQ 5000 Series Ultron 8 5900X Desktop Processor",Standard,27,135.6822000000,3663.4194000000,0.30
"2021-02-01 00:00:00","AQ 5000 Series Electron 8 5900X Desktop Processor",Premium,117,139.8962000000,16367.8554000000,0.30
"2021-02-01 00:00:00","AQ 5000 Series Electron 8 5900X Desktop Processor",Plus,134,129.5836000000,17364.2024000000,0.30
"2021-02-01 00:00:00","AQ 5000 Series Electron 8 5900X Desktop Processor",Standard,32,124.2640000000,3976.4480000000,0.30
"2021-02-01 00:00:00","AQ 5000 Series Electron 9 5900X Desktop Processor",Premium,92,123.9315000000,11401.6980000000,0.30
"2021-02-01 00:00:00","AQ 5000 Series Electron 9 5900X Desktop Processor",Plus,60,123.4797000000,7408.7820000000,0.30
"2021-02-01 00:00:00","AQ 5000 Series Electron 9 5900X Desktop Processor",Standard,86,111.1036000000,9554.9096000000,0.30
"2021-02-01 00:00:00","AQ Lumina Ms","Standard 1",938,21.7118000000,20365.6684000000,0.30
"2021-02-01 00:00:00","AQ Trigger Ms","Premium 2",106,20.0537000000,2125.6922000000,0.30
"2021-02-01 00:00:00","AQ Trigger Ms","Premium 1",166,19.4042000000,3221.0972000000,0.30
"2021-02-01 00:00:00","AQ Trigger Ms","Plus 2",701,19.5860000000,13729.7860000000,0.30
"2021-02-01 00:00:00","AQ Trigger Ms","Plus 1",788,16.9353000000,13345.0164000000,0.30
"2021-02-01 00:00:00","AQ Trigger Ms","Standard 2",137,17.2368000000,2361.4416000000,0.30
"2021-02-01 00:00:00","AQ Trigger Ms","Standard 1",560,17.0917000000,9571.3520000000,0.30
"2021-02-01 00:00:00","AQ Qwerty Ms","Premium 2",347,16.7850000000,5824.3950000000,0.30
"2021-02-01 00:00:00","AQ Qwerty Ms","Premium 1",302,16.5882000000,5009.6364000000,0.30
"2021-02-01 00:00:00","AQ Qwerty Ms","Plus 2",686,16.5491000000,11352.6826000000,0.30
"2021-02-01 00:00:00","AQ Qwerty Ms","Plus 1",218,15.9792000000,3483.4656000000,0.30
"2021-02-01 00:00:00","AQ Qwerty Ms","Standard 2",183,15.8102000000,2893.2666000000,0.30
"2021-02-01 00:00:00","AQ Qwerty Ms","Standard 1",352,14.9013000000,5245.2576000000,0.30
"2021-02-01 00:00:00","AQ Maxima Ms","Premium 2",262,14.5677000000,3816.7374000000,0.30
"2021-02-01 00:00:00","AQ Maxima Ms","Premium 1",447,15.1762000000,6783.7614000000,0.30
"2021-02-01 00:00:00","AQ Maxima Ms","Plus 2",279,14.2800000000,3984.1200000000,0.30
"2021-02-01 00:00:00","AQ Maxima Ms","Plus 1",341,14.1682000000,4831.3562000000,0.30
"2021-02-01 00:00:00","AQ Maxima Ms","Standard 2",555,14.5267000000,8062.3185000000,0.30
"2021-02-01 00:00:00","AQ Maxima Ms","Standard 1",701,12.0689000000,8460.2989000000,0.30
"2021-02-01 00:00:00","AQ Lite Ms","Premium 2",119,12.2979000000,1463.4501000000,0.30
"2021-02-01 00:00:00","AQ Lite Ms","Premium 1",867,12.7423000000,11047.5741000000,0.30
"2021-02-01 00:00:00","AQ Lite Ms","Plus 2",682,11.6332000000,7933.8424000000,0.30
"2021-02-01 00:00:00","AQ Lite Ms","Plus 1",661,10.8925000000,7199.9425000000,0.30
"2021-02-01 00:00:00","AQ Lite Ms","Standard 2",264,11.2819000000,2978.4216000000,0.30
"2021-02-01 00:00:00","AQ Lite Ms","Standard 1",208,11.4829000000,2388.4432000000,0.30
"2021-02-01 00:00:00","AQ Gamers Ms","Premium 2",605,10.8659000000,6573.8695000000,0.30
"2021-02-01 00:00:00","AQ Gamers Ms","Premium 1",497,10.4370000000,5187.1890000000,0.30
"2021-02-01 00:00:00","AQ Gamers Ms","Plus 2",1000,10.4573000000,10457.3000000000,0.30
"2021-02-01 00:00:00","AQ Gamers Ms","Plus 1",730,9.3977000000,6860.3210000000,0.30
"2021-02-01 00:00:00","AQ Gamers Ms","Standard 2",743,8.9901000000,6679.6443000000,0.30
"2021-02-01 00:00:00","AQ Gamers Ms","Standard 1",693,8.8044000000,6101.4492000000,0.30
"2021-02-01 00:00:00","AQ Master wireless x1 Ms","Premium 2",372,8.3193000000,3094.7796000000,0.30
"2021-02-01 00:00:00","AQ Master wireless x1 Ms","Premium 1",1015,7.9813000000,8101.0195000000,0.30
"2021-02-01 00:00:00","AQ Master wireless x1 Ms","Plus 2",948,7.3526000000,6970.2648000000,0.30
"2021-02-01 00:00:00","AQ Master wireless x1 Ms","Plus 1",268,6.7301000000,1803.6668000000,0.30
"2021-02-01 00:00:00","AQ Master wireless x1 Ms","Standard 2",892,6.4054000000,5713.6168000000,0.30
"2021-02-01 00:00:00","AQ Master wireless x1 Ms","Standard 1",1038,5.4383000000,5644.9554000000,0.30
"2021-02-01 00:00:00","AQ Master wired x1 Ms","Premium 2",374,5.2542000000,1965.0708000000,0.30
"2021-02-01 00:00:00","AQ Master wired x1 Ms","Premium 1",963,4.6904000000,4516.8552000000,0.30
"2021-02-01 00:00:00","AQ Master wired x1 Ms","Plus 2",1005,5.0459000000,5071.1295000000,0.30
"2021-02-01 00:00:00","AQ Master wired x1 Ms","Plus 1",934,4.5295000000,4230.5530000000,0.30
"2021-02-01 00:00:00","AQ Master wired x1 Ms","Standard 2",765,3.9998000000,3059.8470000000,0.30
"2021-02-01 00:00:00","AQ Master wired x1 Ms","Standard 1",485,2.9434000000,1427.5490000000,0.30
"2021-02-01 00:00:00","AQ MB Lito 2","Plus 2",37,45.4377000000,1681.1949000000,0.30
"2021-02-01 00:00:00","AQ MB Lito 2","Plus 1",92,39.3932000000,3624.1744000000,0.30
"2021-02-01 00:00:00","AQ MB Lito 2",Standard,99,41.3696000000,4095.5904000000,0.30
"2021-02-01 00:00:00","AQ MB Lito",Premium,111,38.9780000000,4326.5580000000,0.30
"2021-02-01 00:00:00","AQ MB Lito","Plus 2",131,35.8350000000,4694.3850000000,0.30
"2021-02-01 00:00:00","AQ MB Lito","Plus 1",30,35.0256000000,1050.7680000000,0.30
"2021-02-01 00:00:00","AQ MB Lito",Standard,58,33.7609000000,1958.1322000000,0.30
"2021-02-01 00:00:00","AQ MB Crossx 2",Premium,35,32.2612000000,1129.1420000000,0.30
"2021-02-01 00:00:00","AQ MB Crossx 2","Plus 2",36,32.1924000000,1158.9264000000,0.30
"2021-02-01 00:00:00","AQ MB Crossx 2","Plus 1",18,31.9525000000,575.1450000000,0.30
"2021-02-01 00:00:00","AQ MB Crossx 2",Standard,46,28.8615000000,1327.6290000000,0.30
"2021-02-01 00:00:00","AQ MB Crossx",Premium,122,28.3991000000,3464.6902000000,0.30
"2021-02-01 00:00:00","AQ MB Crossx","Plus 2",37,27.3445000000,1011.7465000000,0.30
"2021-02-01 00:00:00","AQ MB Crossx","Plus 1",137,22.8957000000,3136.7109000000,0.30
"2021-02-01 00:00:00","AQ MB Crossx",Standard,81,21.8879000000,1772.9199000000,0.30
"2021-02-01 00:00:00","AQ MB Elite",Premium,88,21.4489000000,1887.5032000000,0.30
"2021-02-01 00:00:00","AQ MB Elite","Plus 2",91,21.2017000000,1929.3547000000,0.30
"2021-02-01 00:00:00","AQ MB Elite","Plus 1",134,20.4629000000,2742.0286000000,0.30
"2021-02-01 00:00:00","AQ MB Elite",Standard,45,19.6485000000,884.1825000000,0.30
"2021-02-01 00:00:00","AQ Trigger","Premium 1",327,34.5114000000,11285.2278000000,0.30
"2021-02-01 00:00:00","AQ Trigger","Plus 2",623,33.6246000000,20948.1258000000,0.30
"2021-02-01 00:00:00","AQ Trigger","Plus 1",312,31.7665000000,9911.1480000000,0.30
"2021-02-01 00:00:00","AQ Trigger","Standard 2",363,30.3414000000,11013.9282000000,0.30
"2021-02-01 00:00:00","AQ Trigger","Standard 1",475,29.3872000000,13958.9200000000,0.30
"2021-02-01 00:00:00","AQ Qwerty","Premium 2",209,29.6709000000,6201.2181000000,0.30
"2021-02-01 00:00:00","AQ Qwerty","Premium 1",825,29.8692000000,24642.0900000000,0.30
"2021-02-01 00:00:00","AQ Qwerty","Plus 2",820,27.4152000000,22480.4640000000,0.30
"2021-02-01 00:00:00","AQ Qwerty","Plus 1",442,26.9507000000,11912.2094000000,0.30
"2021-02-01 00:00:00","AQ Qwerty","Standard 2",324,23.9726000000,7767.1224000000,0.30
"2021-02-01 00:00:00","AQ Qwerty","Standard 1",799,24.5690000000,19630.6310000000,0.30
"2021-02-01 00:00:00","AQ Maxima","Premium 2",762,23.7678000000,18111.0636000000,0.30
"2021-02-01 00:00:00","AQ Maxima","Premium 1",623,23.0844000000,14381.5812000000,0.30
"2021-02-01 00:00:00","AQ Maxima","Plus 2",482,22.1341000000,10668.6362000000,0.30
"2021-02-01 00:00:00","AQ Maxima","Plus 1",565,20.8733000000,11793.4145000000,0.30
"2021-02-01 00:00:00","AQ Maxima","Standard 2",225,21.6988000000,4882.2300000000,0.30
"2021-02-01 00:00:00","AQ Maxima","Standard 1",442,20.3908000000,9012.7336000000,0.30
"2021-02-01 00:00:00","AQ Lite","Premium 2",618,20.0066000000,12364.0788000000,0.30
"2021-02-01 00:00:00","AQ Lite","Premium 1",540,18.9415000000,10228.4100000000,0.30
"2021-02-01 00:00:00","AQ Lite","Plus 2",783,18.4219000000,14424.3477000000,0.30
"2021-02-01 00:00:00","AQ Lite","Plus 1",227,18.5844000000,4218.6588000000,0.30
"2021-02-01 00:00:00","AQ Lite","Standard 2",720,18.7947000000,13532.1840000000,0.30
"2021-02-01 00:00:00","AQ Lite","Standard 1",120,18.4943000000,2219.3160000000,0.30
"2021-02-01 00:00:00","AQ Gamers","Premium 2",588,19.3003000000,11348.5764000000,0.30
"2021-02-01 00:00:00","AQ Gamers","Premium 1",649,16.3218000000,10592.8482000000,0.30
"2021-02-01 00:00:00","AQ Gamers","Plus 2",225,16.3792000000,3685.3200000000,0.30
"2021-02-01 00:00:00","AQ Gamers","Plus 1",818,16.2407000000,13284.8926000000,0.30
"2021-02-01 00:00:00","AQ Gamers","Standard 2",818,15.3071000000,12521.2078000000,0.30
"2021-02-01 00:00:00","AQ Gamers","Standard 1",565,13.5061000000,7630.9465000000,0.30
"2021-02-01 00:00:00","AQ Master wireless x1","Premium 2",644,13.0018000000,8373.1592000000,0.30
"2021-02-01 00:00:00","AQ Master wireless x1","Premium 1",563,12.0509000000,6784.6567000000,0.30
"2021-02-01 00:00:00","AQ Master wireless x1","Plus 2",95,11.6011000000,1102.1045000000,0.30
"2021-02-01 00:00:00","AQ Master wireless x1","Plus 1",808,12.3739000000,9998.1112000000,0.30
"2021-02-01 00:00:00","AQ Master wireless x1","Standard 2",788,11.0524000000,8709.2912000000,0.30
"2021-02-01 00:00:00","AQ Master wireless x1","Standard 1",822,10.7955000000,8873.9010000000,0.30
"2021-02-01 00:00:00","AQ Master wired x1","Premium 2",519,10.4188000000,5407.3572000000,0.30
"2021-02-01 00:00:00","AQ Master wired x1","Premium 1",535,9.4650000000,5063.7750000000,0.30
"2021-02-01 00:00:00","AQ Master wired x1","Plus 2",727,8.9514000000,6507.6678000000,0.30
"2021-02-01 00:00:00","AQ Master wired x1","Plus 1",709,7.7693000000,5508.4337000000,0.30
"2021-02-01 00:00:00","AQ Master wired x1","Standard 2",364,7.5979000000,2765.6356000000,0.30
"2021-02-01 00:00:00","AQ Master wired x1","Standard 1",326,6.8991000000,2249.1066000000,0.30
"2021-02-01 00:00:00","AQ Zion Saga",Premium,119,28.0059000000,3332.7021000000,0.30
"2021-02-01 00:00:00","AQ Zion Saga",Plus,42,27.1027000000,1138.3134000000,0.30
"2021-02-01 00:00:00","AQ Zion Saga",Standard,184,23.7223000000,4364.9032000000,0.30
"2021-02-01 00:00:00","AQ WereWolf NAS Internal Hard Drive HDD â€“ 8.89 cm",Premium,121,23.6154000000,2857.4634000000,0.30
"2021-02-01 00:00:00","AQ WereWolf NAS Internal Hard Drive HDD â€“ 8.89 cm",Plus,155,24.7312000000,3833.3360000000,0.30
"2021-02-01 00:00:00","AQ WereWolf NAS Internal Hard Drive HDD â€“ 8.89 cm",Standard,112,23.6987000000,2654.2544000000,0.30
"2021-02-01 00:00:00","AQ Dracula HDD â€“ 3.5 Inch SATA 6 Gb/s 5400 RPM 256 MB Cache","Premium Plus",141,22.9729000000,3239.1789000000,0.30
"2021-02-01 00:00:00","AQ Dracula HDD â€“ 3.5 Inch SATA 6 Gb/s 5400 RPM 256 MB Cache",Premium,192,21.7795000000,4181.6640000000,0.30
"2021-02-01 00:00:00","AQ Dracula HDD â€“ 3.5 Inch SATA 6 Gb/s 5400 RPM 256 MB Cache",Plus,77,21.4565000000,1652.1505000000,0.30
"2021-02-01 00:00:00","AQ Dracula HDD â€“ 3.5 Inch SATA 6 Gb/s 5400 RPM 256 MB Cache",Standard,208,19.0573000000,3963.9184000000,0.30
"2021-02-01 00:00:00","AQ Marquee P4",Standard,156,45.0813000000,7032.6828000000,0.30
"2021-02-01 00:00:00","AQ Marquee P3",Premium,185,44.7044000000,8270.3140000000,0.30
"2021-02-01 00:00:00","AQ Marquee P3","Plus 2",160,42.3841000000,6781.4560000000,0.30
"2021-02-01 00:00:00","AQ Marquee P3","Plus 1",196,43.2966000000,8486.1336000000,0.30
"2021-02-01 00:00:00","AQ Marquee P3",Standard,40,40.5013000000,1620.0520000000,0.30
"2021-02-01 00:00:00","AQ GT 21",Premium,140,39.1215000000,5477.0100000000,0.30
"2021-02-01 00:00:00","AQ GT 21","Plus 2",114,39.2990000000,4480.0860000000,0.30
"2021-02-01 00:00:00","AQ GT 21","Plus 1",193,39.1465000000,7555.2745000000,0.30
"2021-02-01 00:00:00","AQ GT 21",Standard,99,39.3377000000,3894.4323000000,0.30
"2021-02-01 00:00:00","AQ Mforce Gen Z","Premium 2",101,39.3990000000,3979.2990000000,0.30
"2021-02-01 00:00:00","AQ Mforce Gen Z","Premium 1",50,36.2434000000,1812.1700000000,0.30
"2021-02-01 00:00:00","AQ Mforce Gen Z","Plus 3",142,37.5278000000,5328.9476000000,0.30
"2021-02-01 00:00:00","AQ Mforce Gen Z","Plus 2",146,36.5679000000,5338.9134000000,0.30
"2021-02-01 00:00:00","AQ Mforce Gen Z","Plus 1",92,37.5826000000,3457.5992000000,0.30
"2021-02-01 00:00:00","AQ Mforce Gen Z","Standard 3",64,34.2412000000,2191.4368000000,0.30
"2021-02-01 00:00:00","AQ Mforce Gen Z","Standard 2",198,34.0973000000,6751.2654000000,0.30
"2021-02-01 00:00:00","AQ Mforce Gen Z","Standard 1",32,30.4696000000,975.0272000000,0.30
"2021-02-01 00:00:00","AQ Mforce Gen Y","Premium 2",118,30.5816000000,3608.6288000000,0.30
"2021-02-01 00:00:00","AQ Mforce Gen Y","Premium 1",176,32.4427000000,5709.9152000000,0.30
"2021-02-01 00:00:00","AQ Mforce Gen Y","Plus 3",109,31.2439000000,3405.5851000000,0.30
"2021-02-01 00:00:00","AQ Mforce Gen Y","Plus 2",108,29.7008000000,3207.6864000000,0.30
"2021-02-01 00:00:00","AQ Mforce Gen Y","Plus 1",80,26.1081000000,2088.6480000000,0.30
"2021-02-01 00:00:00","AQ Mforce Gen Y","Standard 3",156,26.5871000000,4147.5876000000,0.30
"2021-02-01 00:00:00","AQ Mforce Gen Y","Standard 2",50,24.9298000000,1246.4900000000,0.30
"2021-02-01 00:00:00","AQ Mforce Gen Y","Standard 1",64,22.3984000000,1433.4976000000,0.30
"2021-02-01 00:00:00","AQ Mforce Gen X","Plus 3",176,19.9365000000,3508.8240000000,0.30
"2021-02-01 00:00:00","AQ Mforce Gen X","Plus 2",130,20.0766000000,2609.9580000000,0.30
"2021-02-01 00:00:00","AQ Mforce Gen X","Plus 1",96,19.9239000000,1912.6944000000,0.30
"2021-02-01 00:00:00","AQ Mforce Gen X","Standard 3",68,19.5235000000,1327.5980000000,0.30
"2021-02-01 00:00:00","AQ Mx NB",Premium,34,31.7029000000,1077.8986000000,0.30
"2021-02-01 00:00:00","AQ Mx NB","Plus 3",58,28.5800000000,1657.6400000000,0.30
"2021-02-01 00:00:00","AQ Mx NB","Plus 2",69,29.9423000000,2066.0187000000,0.30
"2021-02-01 00:00:00","AQ Mx NB","Plus 1 ",69,28.4500000000,1963.0500000000,0.30
"2021-02-01 00:00:00","AQ Mx NB",Standard,49,26.9302000000,1319.5798000000,0.30
"2021-02-01 00:00:00","AQ LION x3",Premium,28,27.4546000000,768.7288000000,0.30
"2021-02-01 00:00:00","AQ LION x3","Plus 3",30,25.0442000000,751.3260000000,0.30
"2021-02-01 00:00:00","AQ LION x3","Plus 2",36,25.4670000000,916.8120000000,0.30
"2021-02-01 00:00:00","AQ LION x3","Plus 1 ",13,23.1520000000,300.9760000000,0.30
"2021-02-01 00:00:00","AQ LION x3",Standard,27,22.1454000000,597.9258000000,0.30
"2021-02-01 00:00:00","AQ LION x2",Premium,59,21.6066000000,1274.7894000000,0.30
"2021-02-01 00:00:00","AQ LION x2","Plus 3",38,21.1942000000,805.3796000000,0.30
"2021-02-01 00:00:00","AQ LION x2","Plus 2",10,18.4533000000,184.5330000000,0.30
"2021-02-01 00:00:00","AQ LION x2","Plus 1 ",61,17.5197000000,1068.7017000000,0.30
"2021-02-01 00:00:00","AQ LION x2",Standard,36,17.2648000000,621.5328000000,0.30
"2021-02-01 00:00:00","AQ LION x1",Premium,69,18.0312000000,1244.1528000000,0.30
"2021-02-01 00:00:00","AQ LION x1","Plus 2",64,17.5697000000,1124.4608000000,0.30
"2021-02-01 00:00:00","AQ LION x1","Plus 1 ",74,16.1015000000,1191.5110000000,0.30
"2021-02-01 00:00:00","AQ LION x1",Standard,46,16.5127000000,759.5842000000,0.30
"2021-01-01 00:00:00","AQ Gen Y","Plus Blue",16,349.2525000000,5588.0400000000,0.30
"2021-01-01 00:00:00","AQ Gen Y","Plus Grey",37,353.0982000000,13064.6334000000,0.30
"2021-01-01 00:00:00","AQ Gen Y","Standard Red",34,366.0459000000,12445.5606000000,0.30
"2021-01-01 00:00:00","AQ Gen Y","Standard Blue",7,346.6886000000,2426.8202000000,0.30
"2021-01-01 00:00:00","AQ Gen Y","Standard Grey",9,347.2474000000,3125.2266000000,0.30
"2021-01-01 00:00:00","AQ Gen X","Premium Misty Green",15,327.0930000000,4906.3950000000,0.30
"2021-01-01 00:00:00","AQ Gen X","Premium Black",38,322.9426000000,12271.8188000000,0.30
"2021-01-01 00:00:00","AQ Gen X","Plus Red",40,325.2561000000,13010.2440000000,0.30
"2021-01-01 00:00:00","AQ Gen X","Plus Blue",15,325.2156000000,4878.2340000000,0.30
"2021-01-01 00:00:00","AQ Gen X","Plus Grey",32,341.7343000000,10935.4976000000,0.30
"2021-01-01 00:00:00","AQ Gen X","Standard Red",38,306.9189000000,11662.9182000000,0.30
"2021-01-01 00:00:00","AQ Gen X","Standard Blue",28,300.3378000000,8409.4584000000,0.30
"2021-01-01 00:00:00","AQ Gen X","Standard Grey",31,311.8396000000,9667.0276000000,0.30
"2021-01-01 00:00:00","AQ Elite","Premium Misty Green",38,297.0277000000,11287.0526000000,0.30
"2021-01-01 00:00:00","AQ Elite","Premium Black",9,287.4934000000,2587.4406000000,0.30
"2021-01-01 00:00:00","AQ Elite","Plus Red",21,287.5666000000,6038.8986000000,0.30
"2021-01-01 00:00:00","AQ Elite","Plus Blue",13,291.2071000000,3785.6923000000,0.30
"2021-01-01 00:00:00","AQ Elite","Plus Grey",34,286.8973000000,9754.5082000000,0.30
"2021-01-01 00:00:00","AQ Elite","Standard Red",36,288.0503000000,10369.8108000000,0.30
"2021-01-01 00:00:00","AQ Elite","Standard Blue",30,281.9504000000,8458.5120000000,0.30
"2021-01-01 00:00:00","AQ Elite","Standard Grey",36,271.3471000000,9768.4956000000,0.30
"2021-01-01 00:00:00","AQ Velocity","Plus Red",9,275.8194000000,2482.3746000000,0.30
"2021-01-01 00:00:00","AQ Velocity","Plus Blue",36,277.8079000000,10001.0844000000,0.30
"2021-01-01 00:00:00","AQ Velocity","Plus Grey",26,267.0636000000,6943.6536000000,0.30
"2021-01-01 00:00:00","AQ Velocity","Standard Red",21,261.2305000000,5485.8405000000,0.30
"2021-01-01 00:00:00","AQ Velocity","Standard Blue",9,267.2091000000,2404.8819000000,0.30
"2021-01-01 00:00:00","AQ Velocity","Standard Grey",31,264.7000000000,8205.7000000000,0.30
"2021-01-01 00:00:00","AQ Digit","Premium Misty Green",39,243.0414000000,9478.6146000000,0.30
"2021-01-01 00:00:00","AQ Digit","Premium Black",17,249.1303000000,4235.2151000000,0.30
"2021-01-01 00:00:00","AQ Digit","Plus Red",23,237.0183000000,5451.4209000000,0.30
"2021-01-01 00:00:00","AQ Digit","Plus Blue",10,240.1403000000,2401.4030000000,0.30
"2021-01-01 00:00:00","AQ Digit","Plus Grey",17,232.1038000000,3945.7646000000,0.30
"2021-01-01 00:00:00","AQ Digit","Standard Red",38,236.8486000000,9000.2468000000,0.30
"2021-01-01 00:00:00","AQ Digit","Standard Blue",25,215.9341000000,5398.3525000000,0.30
"2021-01-01 00:00:00","AQ Digit","Standard Grey",14,200.2732000000,2803.8248000000,0.30
"2021-01-01 00:00:00","AQ Aspiron","Premium Black",12,195.7721000000,2349.2652000000,0.30
"2021-01-01 00:00:00","AQ Aspiron","Plus Red",24,187.7533000000,4506.0792000000,0.30
"2021-01-01 00:00:00","AQ Aspiron","Plus Blue",24,182.8932000000,4389.4368000000,0.30
"2021-01-01 00:00:00","AQ Electron 3 3600 Desktop Processor",Plus,68,185.4599000000,12611.2732000000,0.30
"2021-01-01 00:00:00","AQ Electron 3 3600 Desktop Processor",Standard,121,186.2917000000,22541.2957000000,0.30
"2021-01-01 00:00:00","AQ Electron 4 3600 Desktop Processor",Premium,28,176.4389000000,4940.2892000000,0.30
"2021-01-01 00:00:00","AQ Electron 4 3600 Desktop Processor",Plus,164,169.4999000000,27797.9836000000,0.30
"2021-01-01 00:00:00","AQ Electron 4 3600 Desktop Processor",Standard,116,160.5082000000,18618.9512000000,0.30
"2021-01-01 00:00:00","AQ Electron 5 3600 Desktop Processor",Premium,59,160.6912000000,9480.7808000000,0.30
"2021-01-01 00:00:00","AQ Electron 5 3600 Desktop Processor",Plus,65,150.2450000000,9765.9250000000,0.30
"2021-01-01 00:00:00","AQ Electron 5 3600 Desktop Processor",Standard,158,149.1034000000,23558.3372000000,0.30
"2021-01-01 00:00:00","AQ 5000 Series Ultron 8 5900X Desktop Processor",Premium,34,142.9402000000,4859.9668000000,0.30
"2021-01-01 00:00:00","AQ 5000 Series Ultron 8 5900X Desktop Processor",Plus,177,145.1474000000,25691.0898000000,0.30
"2021-01-01 00:00:00","AQ 5000 Series Ultron 8 5900X Desktop Processor",Standard,193,135.6822000000,26186.6646000000,0.30
"2021-01-01 00:00:00","AQ 5000 Series Electron 8 5900X Desktop Processor",Premium,75,139.8962000000,10492.2150000000,0.30
"2021-01-01 00:00:00","AQ 5000 Series Electron 8 5900X Desktop Processor",Plus,184,129.5836000000,23843.3824000000,0.30
"2021-01-01 00:00:00","AQ 5000 Series Electron 8 5900X Desktop Processor",Standard,46,124.2640000000,5716.1440000000,0.30
"2021-01-01 00:00:00","AQ 5000 Series Electron 9 5900X Desktop Processor",Premium,48,123.9315000000,5948.7120000000,0.30
"2021-01-01 00:00:00","AQ 5000 Series Electron 9 5900X Desktop Processor",Plus,37,123.4797000000,4568.7489000000,0.30
"2021-01-01 00:00:00","AQ 5000 Series Electron 9 5900X Desktop Processor",Standard,82,111.1036000000,9110.4952000000,0.30
"2021-01-01 00:00:00","AQ Lumina Ms","Standard 1",129,21.7118000000,2800.8222000000,0.30
"2021-01-01 00:00:00","AQ Trigger Ms","Premium 2",231,20.0537000000,4632.4047000000,0.30
"2021-01-01 00:00:00","AQ Trigger Ms","Premium 1",1038,19.4042000000,20141.5596000000,0.30
"2021-01-01 00:00:00","AQ Trigger Ms","Plus 2",807,19.5860000000,15805.9020000000,0.30
"2021-01-01 00:00:00","AQ Trigger Ms","Plus 1",842,16.9353000000,14259.5226000000,0.30
"2021-01-01 00:00:00","AQ Trigger Ms","Standard 2",200,17.2368000000,3447.3600000000,0.30
"2021-01-01 00:00:00","AQ Trigger Ms","Standard 1",722,17.0917000000,12340.2074000000,0.30
"2021-01-01 00:00:00","AQ Qwerty Ms","Premium 2",387,16.7850000000,6495.7950000000,0.30
"2021-01-01 00:00:00","AQ Qwerty Ms","Premium 1",676,16.5882000000,11213.6232000000,0.30
"2021-01-01 00:00:00","AQ Qwerty Ms","Plus 2",813,16.5491000000,13454.4183000000,0.30
"2021-01-01 00:00:00","AQ Qwerty Ms","Plus 1",578,15.9792000000,9235.9776000000,0.30
"2021-01-01 00:00:00","AQ Qwerty Ms","Standard 2",659,15.8102000000,10418.9218000000,0.30
"2021-01-01 00:00:00","AQ Qwerty Ms","Standard 1",372,14.9013000000,5543.2836000000,0.30
"2021-01-01 00:00:00","AQ Maxima Ms","Premium 2",164,14.5677000000,2389.1028000000,0.30
"2021-01-01 00:00:00","AQ Maxima Ms","Premium 1",849,15.1762000000,12884.5938000000,0.30
"2021-01-01 00:00:00","AQ Maxima Ms","Plus 2",478,14.2800000000,6825.8400000000,0.30
"2021-01-01 00:00:00","AQ Maxima Ms","Plus 1",193,14.1682000000,2734.4626000000,0.30
"2021-01-01 00:00:00","AQ Maxima Ms","Standard 2",982,14.5267000000,14265.2194000000,0.30
"2021-01-01 00:00:00","AQ Maxima Ms","Standard 1",329,12.0689000000,3970.6681000000,0.30
"2021-01-01 00:00:00","AQ Lite Ms","Premium 2",892,12.2979000000,10969.7268000000,0.30
"2021-01-01 00:00:00","AQ Lite Ms","Premium 1",121,12.7423000000,1541.8183000000,0.30
"2021-01-01 00:00:00","AQ Lite Ms","Plus 2",978,11.6332000000,11377.2696000000,0.30
"2021-01-01 00:00:00","AQ Lite Ms","Plus 1",917,10.8925000000,9988.4225000000,0.30
"2021-01-01 00:00:00","AQ Lite Ms","Standard 2",300,11.2819000000,3384.5700000000,0.30
"2021-01-01 00:00:00","AQ Lite Ms","Standard 1",971,11.4829000000,11149.8959000000,0.30
"2021-01-01 00:00:00","AQ Gamers Ms","Premium 2",666,10.8659000000,7236.6894000000,0.30
"2021-01-01 00:00:00","AQ Gamers Ms","Premium 1",678,10.4370000000,7076.2860000000,0.30
"2021-01-01 00:00:00","AQ Gamers Ms","Plus 2",924,10.4573000000,9662.5452000000,0.30
"2021-01-01 00:00:00","AQ Gamers Ms","Plus 1",584,9.3977000000,5488.2568000000,0.30
"2021-01-01 00:00:00","AQ Gamers Ms","Standard 2",699,8.9901000000,6284.0799000000,0.30
"2021-01-01 00:00:00","AQ Gamers Ms","Standard 1",1011,8.8044000000,8901.2484000000,0.30
"2021-01-01 00:00:00","AQ Master wireless x1 Ms","Premium 2",337,8.3193000000,2803.6041000000,0.30
"2021-01-01 00:00:00","AQ Master wireless x1 Ms","Premium 1",223,7.9813000000,1779.8299000000,0.30
"2021-01-01 00:00:00","AQ Master wireless x1 Ms","Plus 2",248,7.3526000000,1823.4448000000,0.30
"2021-01-01 00:00:00","AQ Master wireless x1 Ms","Plus 1",266,6.7301000000,1790.2066000000,0.30
"2021-01-01 00:00:00","AQ Master wireless x1 Ms","Standard 2",753,6.4054000000,4823.2662000000,0.30
"2021-01-01 00:00:00","AQ Master wireless x1 Ms","Standard 1",349,5.4383000000,1897.9667000000,0.30
"2021-01-01 00:00:00","AQ Master wired x1 Ms","Premium 2",647,5.2542000000,3399.4674000000,0.30
"2021-01-01 00:00:00","AQ Master wired x1 Ms","Premium 1",869,4.6904000000,4075.9576000000,0.30
"2021-01-01 00:00:00","AQ Master wired x1 Ms","Plus 2",851,5.0459000000,4294.0609000000,0.30
"2021-01-01 00:00:00","AQ Master wired x1 Ms","Plus 1",915,4.5295000000,4144.4925000000,0.30
"2021-01-01 00:00:00","AQ Master wired x1 Ms","Standard 2",797,3.9998000000,3187.8406000000,0.30
"2021-01-01 00:00:00","AQ Master wired x1 Ms","Standard 1",306,2.9434000000,900.6804000000,0.30
"2021-01-01 00:00:00","AQ MB Lito 2","Plus 2",26,45.4377000000,1181.3802000000,0.30
"2021-01-01 00:00:00","AQ MB Lito 2","Plus 1",77,39.3932000000,3033.2764000000,0.30
"2021-01-01 00:00:00","AQ MB Lito 2",Standard,130,41.3696000000,5378.0480000000,0.30
"2021-01-01 00:00:00","AQ MB Lito",Premium,26,38.9780000000,1013.4280000000,0.30
"2021-01-01 00:00:00","AQ MB Lito","Plus 2",107,35.8350000000,3834.3450000000,0.30
"2021-01-01 00:00:00","AQ MB Lito","Plus 1",97,35.0256000000,3397.4832000000,0.30
"2021-01-01 00:00:00","AQ MB Lito",Standard,52,33.7609000000,1755.5668000000,0.30
"2021-01-01 00:00:00","AQ MB Crossx 2",Premium,113,32.2612000000,3645.5156000000,0.30
"2021-01-01 00:00:00","AQ MB Crossx 2","Plus 2",38,32.1924000000,1223.3112000000,0.30
"2021-01-01 00:00:00","AQ MB Crossx 2","Plus 1",17,31.9525000000,543.1925000000,0.30
"2021-01-01 00:00:00","AQ MB Crossx 2",Standard,121,28.8615000000,3492.2415000000,0.30
"2021-01-01 00:00:00","AQ MB Crossx",Premium,39,28.3991000000,1107.5649000000,0.30
"2021-01-01 00:00:00","AQ MB Crossx","Plus 2",92,27.3445000000,2515.6940000000,0.30
"2021-01-01 00:00:00","AQ MB Crossx","Plus 1",109,22.8957000000,2495.6313000000,0.30
"2021-01-01 00:00:00","AQ MB Crossx",Standard,108,21.8879000000,2363.8932000000,0.30
"2021-01-01 00:00:00","AQ MB Elite",Premium,91,21.4489000000,1951.8499000000,0.30
"2021-01-01 00:00:00","AQ MB Elite","Plus 2",57,21.2017000000,1208.4969000000,0.30
"2021-01-01 00:00:00","AQ MB Elite","Plus 1",90,20.4629000000,1841.6610000000,0.30
"2021-01-01 00:00:00","AQ MB Elite",Standard,131,19.6485000000,2573.9535000000,0.30
"2021-01-01 00:00:00","AQ Trigger","Premium 1",723,34.5114000000,24951.7422000000,0.30
"2021-01-01 00:00:00","AQ Trigger","Plus 2",736,33.6246000000,24747.7056000000,0.30
"2021-01-01 00:00:00","AQ Trigger","Plus 1",185,31.7665000000,5876.8025000000,0.30
"2021-01-01 00:00:00","AQ Trigger","Standard 2",255,30.3414000000,7737.0570000000,0.30
"2021-01-01 00:00:00","AQ Trigger","Standard 1",114,29.3872000000,3350.1408000000,0.30
"2021-01-01 00:00:00","AQ Qwerty","Premium 2",153,29.6709000000,4539.6477000000,0.30
"2021-01-01 00:00:00","AQ Qwerty","Premium 1",644,29.8692000000,19235.7648000000,0.30
"2021-01-01 00:00:00","AQ Qwerty","Plus 2",614,27.4152000000,16832.9328000000,0.30
"2021-01-01 00:00:00","AQ Qwerty","Plus 1",495,26.9507000000,13340.5965000000,0.30
"2021-01-01 00:00:00","AQ Qwerty","Standard 2",686,23.9726000000,16445.2036000000,0.30
"2021-01-01 00:00:00","AQ Qwerty","Standard 1",310,24.5690000000,7616.3900000000,0.30
"2021-01-01 00:00:00","AQ Maxima","Premium 2",715,23.7678000000,16993.9770000000,0.30
"2021-01-01 00:00:00","AQ Maxima","Premium 1",852,23.0844000000,19667.9088000000,0.30
"2021-01-01 00:00:00","AQ Maxima","Plus 2",370,22.1341000000,8189.6170000000,0.30
"2021-01-01 00:00:00","AQ Maxima","Plus 1",447,20.8733000000,9330.3651000000,0.30
"2021-01-01 00:00:00","AQ Maxima","Standard 2",783,21.6988000000,16990.1604000000,0.30
"2021-01-01 00:00:00","AQ Maxima","Standard 1",172,20.3908000000,3507.2176000000,0.30
"2021-01-01 00:00:00","AQ Lite","Premium 2",185,20.0066000000,3701.2210000000,0.30
"2021-01-01 00:00:00","AQ Lite","Premium 1",516,18.9415000000,9773.8140000000,0.30
"2021-01-01 00:00:00","AQ Lite","Plus 2",546,18.4219000000,10058.3574000000,0.30
"2021-01-01 00:00:00","AQ Lite","Plus 1",730,18.5844000000,13566.6120000000,0.30
"2021-01-01 00:00:00","AQ Lite","Standard 2",876,18.7947000000,16464.1572000000,0.30
"2021-01-01 00:00:00","AQ Lite","Standard 1",498,18.4943000000,9210.1614000000,0.30
"2021-01-01 00:00:00","AQ Gamers","Premium 2",118,19.3003000000,2277.4354000000,0.30
"2021-01-01 00:00:00","AQ Gamers","Premium 1",699,16.3218000000,11408.9382000000,0.30
"2021-01-01 00:00:00","AQ Gamers","Plus 2",264,16.3792000000,4324.1088000000,0.30
"2021-01-01 00:00:00","AQ Gamers","Plus 1",832,16.2407000000,13512.2624000000,0.30
"2021-01-01 00:00:00","AQ Gamers","Standard 2",201,15.3071000000,3076.7271000000,0.30
"2021-01-01 00:00:00","AQ Gamers","Standard 1",222,13.5061000000,2998.3542000000,0.30
"2021-01-01 00:00:00","AQ Master wireless x1","Premium 2",591,13.0018000000,7684.0638000000,0.30
"2021-01-01 00:00:00","AQ Master wireless x1","Premium 1",400,12.0509000000,4820.3600000000,0.30
"2021-01-01 00:00:00","AQ Master wireless x1","Plus 2",572,11.6011000000,6635.8292000000,0.30
"2021-01-01 00:00:00","AQ Master wireless x1","Plus 1",706,12.3739000000,8735.9734000000,0.30
"2021-01-01 00:00:00","AQ Master wireless x1","Standard 2",794,11.0524000000,8775.6056000000,0.30
"2021-01-01 00:00:00","AQ Master wireless x1","Standard 1",741,10.7955000000,7999.4655000000,0.30
"2021-01-01 00:00:00","AQ Master wired x1","Premium 2",160,10.4188000000,1667.0080000000,0.30
"2021-01-01 00:00:00","AQ Master wired x1","Premium 1",727,9.4650000000,6881.0550000000,0.30
"2021-01-01 00:00:00","AQ Master wired x1","Plus 2",535,8.9514000000,4788.9990000000,0.30
"2021-01-01 00:00:00","AQ Master wired x1","Plus 1",234,7.7693000000,1818.0162000000,0.30
"2021-01-01 00:00:00","AQ Master wired x1","Standard 2",769,7.5979000000,5842.7851000000,0.30
"2021-01-01 00:00:00","AQ Master wired x1","Standard 1",498,6.8991000000,3435.7518000000,0.30
"2021-01-01 00:00:00","AQ Zion Saga",Premium,172,28.0059000000,4817.0148000000,0.30
"2021-01-01 00:00:00","AQ Zion Saga",Plus,164,27.1027000000,4444.8428000000,0.30
"2021-01-01 00:00:00","AQ Zion Saga",Standard,121,23.7223000000,2870.3983000000,0.30
"2021-01-01 00:00:00","AQ WereWolf NAS Internal Hard Drive HDD â€“ 8.89 cm",Premium,41,23.6154000000,968.2314000000,0.30
"2021-01-01 00:00:00","AQ WereWolf NAS Internal Hard Drive HDD â€“ 8.89 cm",Plus,241,24.7312000000,5960.2192000000,0.30
"2021-01-01 00:00:00","AQ WereWolf NAS Internal Hard Drive HDD â€“ 8.89 cm",Standard,161,23.6987000000,3815.4907000000,0.30
"2021-01-01 00:00:00","AQ Dracula HDD â€“ 3.5 Inch SATA 6 Gb/s 5400 RPM 256 MB Cache","Premium Plus",35,22.9729000000,804.0515000000,0.30
"2021-01-01 00:00:00","AQ Dracula HDD â€“ 3.5 Inch SATA 6 Gb/s 5400 RPM 256 MB Cache",Premium,142,21.7795000000,3092.6890000000,0.30
"2021-01-01 00:00:00","AQ Dracula HDD â€“ 3.5 Inch SATA 6 Gb/s 5400 RPM 256 MB Cache",Plus,121,21.4565000000,2596.2365000000,0.30
"2021-01-01 00:00:00","AQ Dracula HDD â€“ 3.5 Inch SATA 6 Gb/s 5400 RPM 256 MB Cache",Standard,182,19.0573000000,3468.4286000000,0.30
"2021-01-01 00:00:00","AQ Marquee P4",Standard,104,45.0813000000,4688.4552000000,0.30
"2021-01-01 00:00:00","AQ Marquee P3",Premium,132,44.7044000000,5900.9808000000,0.30
"2021-01-01 00:00:00","AQ Marquee P3","Plus 2",73,42.3841000000,3094.0393000000,0.30
"2021-01-01 00:00:00","AQ Marquee P3","Plus 1",161,43.2966000000,6970.7526000000,0.30
"2021-01-01 00:00:00","AQ Marquee P3",Standard,86,40.5013000000,3483.1118000000,0.30
"2021-01-01 00:00:00","AQ GT 21",Premium,126,39.1215000000,4929.3090000000,0.30
"2021-01-01 00:00:00","AQ GT 21","Plus 2",48,39.2990000000,1886.3520000000,0.30
"2021-01-01 00:00:00","AQ GT 21","Plus 1",120,39.1465000000,4697.5800000000,0.30
"2021-01-01 00:00:00","AQ GT 21",Standard,72,39.3377000000,2832.3144000000,0.30
"2021-01-01 00:00:00","AQ Mforce Gen Z","Premium 2",188,39.3990000000,7407.0120000000,0.30
"2021-01-01 00:00:00","AQ Mforce Gen Z","Premium 1",126,36.2434000000,4566.6684000000,0.30
"2021-01-01 00:00:00","AQ Mforce Gen Z","Plus 3",79,37.5278000000,2964.6962000000,0.30
"2021-01-01 00:00:00","AQ Mforce Gen Z","Plus 2",190,36.5679000000,6947.9010000000,0.30
"2021-01-01 00:00:00","AQ Mforce Gen Z","Plus 1",152,37.5826000000,5712.5552000000,0.30
"2021-01-01 00:00:00","AQ Mforce Gen Z","Standard 3",42,34.2412000000,1438.1304000000,0.30
"2021-01-01 00:00:00","AQ Mforce Gen Z","Standard 2",27,34.0973000000,920.6271000000,0.30
"2021-01-01 00:00:00","AQ Mforce Gen Z","Standard 1",123,30.4696000000,3747.7608000000,0.30
"2021-01-01 00:00:00","AQ Mforce Gen Y","Premium 2",72,30.5816000000,2201.8752000000,0.30
"2021-01-01 00:00:00","AQ Mforce Gen Y","Premium 1",20,32.4427000000,648.8540000000,0.30
"2021-01-01 00:00:00","AQ Mforce Gen Y","Plus 3",120,31.2439000000,3749.2680000000,0.30
"2021-01-01 00:00:00","AQ Mforce Gen Y","Plus 2",166,29.7008000000,4930.3328000000,0.30
"2021-01-01 00:00:00","AQ Mforce Gen Y","Plus 1",114,26.1081000000,2976.3234000000,0.30
"2021-01-01 00:00:00","AQ Mforce Gen Y","Standard 3",144,26.5871000000,3828.5424000000,0.30
"2021-01-01 00:00:00","AQ Mforce Gen Y","Standard 2",65,24.9298000000,1620.4370000000,0.30
"2021-01-01 00:00:00","AQ Mforce Gen Y","Standard 1",81,22.3984000000,1814.2704000000,0.30
"2021-01-01 00:00:00","AQ Mforce Gen X","Plus 3",121,19.9365000000,2412.3165000000,0.30
"2021-01-01 00:00:00","AQ Mforce Gen X","Plus 2",176,20.0766000000,3533.4816000000,0.30
"2021-01-01 00:00:00","AQ Mforce Gen X","Plus 1",155,19.9239000000,3088.2045000000,0.30
"2021-01-01 00:00:00","AQ Mforce Gen X","Standard 3",133,19.5235000000,2596.6255000000,0.30
"2021-01-01 00:00:00","AQ Mx NB",Premium,82,31.7029000000,2599.6378000000,0.30
"2021-01-01 00:00:00","AQ Mx NB","Plus 3",16,28.5800000000,457.2800000000,0.30
"2021-01-01 00:00:00","AQ Mx NB","Plus 2",16,29.9423000000,479.0768000000,0.30
"2021-01-01 00:00:00","AQ Mx NB","Plus 1 ",22,28.4500000000,625.9000000000,0.30
"2021-01-01 00:00:00","AQ Mx NB",Standard,81,26.9302000000,2181.3462000000,0.30
"2021-01-01 00:00:00","AQ LION x3",Premium,44,27.4546000000,1208.0024000000,0.30
"2021-01-01 00:00:00","AQ LION x3","Plus 3",12,25.0442000000,300.5304000000,0.30
"2021-01-01 00:00:00","AQ LION x3","Plus 2",70,25.4670000000,1782.6900000000,0.30
"2021-01-01 00:00:00","AQ LION x3","Plus 1 ",80,23.1520000000,1852.1600000000,0.30
"2021-01-01 00:00:00","AQ LION x3",Standard,9,22.1454000000,199.3086000000,0.30
"2021-01-01 00:00:00","AQ LION x2",Premium,74,21.6066000000,1598.8884000000,0.30
"2021-01-01 00:00:00","AQ LION x2","Plus 3",28,21.1942000000,593.4376000000,0.30
"2021-01-01 00:00:00","AQ LION x2","Plus 2",69,18.4533000000,1273.2777000000,0.30
"2021-01-01 00:00:00","AQ LION x2","Plus 1 ",12,17.5197000000,210.2364000000,0.30
"2021-01-01 00:00:00","AQ LION x2",Standard,13,17.2648000000,224.4424000000,0.30
"2021-01-01 00:00:00","AQ LION x1",Premium,30,18.0312000000,540.9360000000,0.30
"2021-01-01 00:00:00","AQ LION x1","Plus 2",13,17.5697000000,228.4061000000,0.30
"2021-01-01 00:00:00","AQ LION x1","Plus 1 ",11,16.1015000000,177.1165000000,0.30
"2021-01-01 00:00:00","AQ LION x1",Standard,39,16.5127000000,643.9953000000,0.30
"2020-12-01 00:00:00","AQ Gen Y","Plus Blue",16,349.2525000000,5588.0400000000,0.30
"2020-12-01 00:00:00","AQ Gen Y","Plus Grey",56,353.0982000000,19773.4992000000,0.30
"2020-12-01 00:00:00","AQ Gen Y","Standard Red",37,366.0459000000,13543.6983000000,0.30
"2020-12-01 00:00:00","AQ Gen Y","Standard Blue",31,346.6886000000,10747.3466000000,0.30
"2020-12-01 00:00:00","AQ Gen Y","Standard Grey",24,347.2474000000,8333.9376000000,0.30
"2020-12-01 00:00:00","AQ Gen X","Premium Misty Green",70,327.0930000000,22896.5100000000,0.30
"2020-12-01 00:00:00","AQ Gen X","Premium Black",68,322.9426000000,21960.0968000000,0.30
"2020-12-01 00:00:00","AQ Gen X","Plus Red",21,325.2561000000,6830.3781000000,0.30
"2020-12-01 00:00:00","AQ Gen X","Plus Blue",15,325.2156000000,4878.2340000000,0.30
"2020-12-01 00:00:00","AQ Gen X","Plus Grey",40,341.7343000000,13669.3720000000,0.30
"2020-12-01 00:00:00","AQ Gen X","Standard Red",68,306.9189000000,20870.4852000000,0.30
"2020-12-01 00:00:00","AQ Gen X","Standard Blue",54,300.3378000000,16218.2412000000,0.30
"2020-12-01 00:00:00","AQ Gen X","Standard Grey",44,311.8396000000,13720.9424000000,0.30
"2020-12-01 00:00:00","AQ Elite","Premium Misty Green",62,297.0277000000,18415.7174000000,0.30
"2020-12-01 00:00:00","AQ Elite","Premium Black",16,287.4934000000,4599.8944000000,0.30
"2020-12-01 00:00:00","AQ Elite","Plus Red",27,287.5666000000,7764.2982000000,0.30
"2020-12-01 00:00:00","AQ Elite","Plus Blue",39,291.2071000000,11357.0769000000,0.30
"2020-12-01 00:00:00","AQ Elite","Plus Grey",51,286.8973000000,14631.7623000000,0.30
"2020-12-01 00:00:00","AQ Elite","Standard Red",17,288.0503000000,4896.8551000000,0.30
"2020-12-01 00:00:00","AQ Elite","Standard Blue",70,281.9504000000,19736.5280000000,0.30
"2020-12-01 00:00:00","AQ Elite","Standard Grey",67,271.3471000000,18180.2557000000,0.30
"2020-12-01 00:00:00","AQ Velocity","Plus Red",62,275.8194000000,17100.8028000000,0.30
"2020-12-01 00:00:00","AQ Velocity","Plus Blue",12,277.8079000000,3333.6948000000,0.30
"2020-12-01 00:00:00","AQ Velocity","Plus Grey",73,267.0636000000,19495.6428000000,0.30
"2020-12-01 00:00:00","AQ Velocity","Standard Red",56,261.2305000000,14628.9080000000,0.30
"2020-12-01 00:00:00","AQ Velocity","Standard Blue",33,267.2091000000,8817.9003000000,0.30
"2020-12-01 00:00:00","AQ Velocity","Standard Grey",42,264.7000000000,11117.4000000000,0.30
"2020-12-01 00:00:00","AQ Digit","Premium Misty Green",57,243.0414000000,13853.3598000000,0.30
"2020-12-01 00:00:00","AQ Digit","Premium Black",46,249.1303000000,11459.9938000000,0.30
"2020-12-01 00:00:00","AQ Digit","Plus Red",18,237.0183000000,4266.3294000000,0.30
"2020-12-01 00:00:00","AQ Digit","Plus Blue",40,240.1403000000,9605.6120000000,0.30
"2020-12-01 00:00:00","AQ Digit","Plus Grey",41,232.1038000000,9516.2558000000,0.30
"2020-12-01 00:00:00","AQ Digit","Standard Red",48,236.8486000000,11368.7328000000,0.30
"2020-12-01 00:00:00","AQ Digit","Standard Blue",42,215.9341000000,9069.2322000000,0.30
"2020-12-01 00:00:00","AQ Digit","Standard Grey",35,200.2732000000,7009.5620000000,0.30
"2020-12-01 00:00:00","AQ Aspiron","Premium Black",30,195.7721000000,5873.1630000000,0.30
"2020-12-01 00:00:00","AQ Aspiron","Plus Red",54,187.7533000000,10138.6782000000,0.30
"2020-12-01 00:00:00","AQ Aspiron","Plus Blue",57,182.8932000000,10424.9124000000,0.30
"2020-12-01 00:00:00","AQ Electron 3 3600 Desktop Processor",Plus,210,185.4599000000,38946.5790000000,0.30
"2020-12-01 00:00:00","AQ Electron 3 3600 Desktop Processor",Standard,297,186.2917000000,55328.6349000000,0.30
"2020-12-01 00:00:00","AQ Electron 4 3600 Desktop Processor",Premium,88,176.4389000000,15526.6232000000,0.30
"2020-12-01 00:00:00","AQ Electron 4 3600 Desktop Processor",Plus,174,169.4999000000,29492.9826000000,0.30
"2020-12-01 00:00:00","AQ Electron 4 3600 Desktop Processor",Standard,41,160.5082000000,6580.8362000000,0.30
"2020-12-01 00:00:00","AQ Electron 5 3600 Desktop Processor",Premium,79,160.6912000000,12694.6048000000,0.30
"2020-12-01 00:00:00","AQ Electron 5 3600 Desktop Processor",Plus,262,150.2450000000,39364.1900000000,0.30
"2020-12-01 00:00:00","AQ Electron 5 3600 Desktop Processor",Standard,353,149.1034000000,52633.5002000000,0.30
"2020-12-01 00:00:00","AQ 5000 Series Ultron 8 5900X Desktop Processor",Premium,349,142.9402000000,49886.1298000000,0.30
"2020-12-01 00:00:00","AQ 5000 Series Ultron 8 5900X Desktop Processor",Plus,279,145.1474000000,40496.1246000000,0.30
"2020-12-01 00:00:00","AQ 5000 Series Ultron 8 5900X Desktop Processor",Standard,50,135.6822000000,6784.1100000000,0.30
"2020-12-01 00:00:00","AQ 5000 Series Electron 8 5900X Desktop Processor",Premium,108,139.8962000000,15108.7896000000,0.30
"2020-12-01 00:00:00","AQ 5000 Series Electron 8 5900X Desktop Processor",Plus,46,129.5836000000,5960.8456000000,0.30
"2020-12-01 00:00:00","AQ 5000 Series Electron 8 5900X Desktop Processor",Standard,264,124.2640000000,32805.6960000000,0.30
"2020-12-01 00:00:00","AQ 5000 Series Electron 9 5900X Desktop Processor",Premium,350,123.9315000000,43376.0250000000,0.30
"2020-12-01 00:00:00","AQ 5000 Series Electron 9 5900X Desktop Processor",Plus,166,123.4797000000,20497.6302000000,0.30
"2020-12-01 00:00:00","AQ 5000 Series Electron 9 5900X Desktop Processor",Standard,281,111.1036000000,31220.1116000000,0.30
"2020-12-01 00:00:00","AQ Lumina Ms","Standard 1",1142,21.7118000000,24794.8756000000,0.30
"2020-12-01 00:00:00","AQ Trigger Ms","Premium 2",573,20.0537000000,11490.7701000000,0.30
"2020-12-01 00:00:00","AQ Trigger Ms","Premium 1",464,19.4042000000,9003.5488000000,0.30
"2020-12-01 00:00:00","AQ Trigger Ms","Plus 2",977,19.5860000000,19135.5220000000,0.30
"2020-12-01 00:00:00","AQ Trigger Ms","Plus 1",970,16.9353000000,16427.2410000000,0.30
"2020-12-01 00:00:00","AQ Trigger Ms","Standard 2",1501,17.2368000000,25872.4368000000,0.30
"2020-12-01 00:00:00","AQ Trigger Ms","Standard 1",565,17.0917000000,9656.8105000000,0.30
"2020-12-01 00:00:00","AQ Qwerty Ms","Premium 2",651,16.7850000000,10927.0350000000,0.30
"2020-12-01 00:00:00","AQ Qwerty Ms","Premium 1",318,16.5882000000,5275.0476000000,0.30
"2020-12-01 00:00:00","AQ Qwerty Ms","Plus 2",726,16.5491000000,12014.6466000000,0.30
"2020-12-01 00:00:00","AQ Qwerty Ms","Plus 1",1269,15.9792000000,20277.6048000000,0.30
"2020-12-01 00:00:00","AQ Qwerty Ms","Standard 2",1584,15.8102000000,25043.3568000000,0.30
"2020-12-01 00:00:00","AQ Qwerty Ms","Standard 1",513,14.9013000000,7644.3669000000,0.30
"2020-12-01 00:00:00","AQ Maxima Ms","Premium 2",1101,14.5677000000,16039.0377000000,0.30
"2020-12-01 00:00:00","AQ Maxima Ms","Premium 1",1692,15.1762000000,25678.1304000000,0.30
"2020-12-01 00:00:00","AQ Maxima Ms","Plus 2",1587,14.2800000000,22662.3600000000,0.30
"2020-12-01 00:00:00","AQ Maxima Ms","Plus 1",1194,14.1682000000,16916.8308000000,0.30
"2020-12-01 00:00:00","AQ Maxima Ms","Standard 2",1760,14.5267000000,25566.9920000000,0.30
"2020-12-01 00:00:00","AQ Maxima Ms","Standard 1",1363,12.0689000000,16449.9107000000,0.30
"2020-12-01 00:00:00","AQ Lite Ms","Premium 2",1179,12.2979000000,14499.2241000000,0.30
"2020-12-01 00:00:00","AQ Lite Ms","Premium 1",846,12.7423000000,10779.9858000000,0.30
"2020-12-01 00:00:00","AQ Lite Ms","Plus 2",1183,11.6332000000,13762.0756000000,0.30
"2020-12-01 00:00:00","AQ Lite Ms","Plus 1",711,10.8925000000,7744.5675000000,0.30
"2020-12-01 00:00:00","AQ Lite Ms","Standard 2",1483,11.2819000000,16731.0577000000,0.30
"2020-12-01 00:00:00","AQ Lite Ms","Standard 1",513,11.4829000000,5890.7277000000,0.30
"2020-12-01 00:00:00","AQ Gamers Ms","Premium 2",389,10.8659000000,4226.8351000000,0.30
"2020-12-01 00:00:00","AQ Gamers Ms","Premium 1",1209,10.4370000000,12618.3330000000,0.30
"2020-12-01 00:00:00","AQ Gamers Ms","Plus 2",1430,10.4573000000,14953.9390000000,0.30
"2020-12-01 00:00:00","AQ Gamers Ms","Plus 1",341,9.3977000000,3204.6157000000,0.30
"2020-12-01 00:00:00","AQ Gamers Ms","Standard 2",1250,8.9901000000,11237.6250000000,0.30
"2020-12-01 00:00:00","AQ Gamers Ms","Standard 1",1587,8.8044000000,13972.5828000000,0.30
"2020-12-01 00:00:00","AQ Master wireless x1 Ms","Premium 2",401,8.3193000000,3336.0393000000,0.30
"2020-12-01 00:00:00","AQ Master wireless x1 Ms","Premium 1",1595,7.9813000000,12730.1735000000,0.30
"2020-12-01 00:00:00","AQ Master wireless x1 Ms","Plus 2",1842,7.3526000000,13543.4892000000,0.30
"2020-12-01 00:00:00","AQ Master wireless x1 Ms","Plus 1",1333,6.7301000000,8971.2233000000,0.30
"2020-12-01 00:00:00","AQ Master wireless x1 Ms","Standard 2",640,6.4054000000,4099.4560000000,0.30
"2020-12-01 00:00:00","AQ Master wireless x1 Ms","Standard 1",1827,5.4383000000,9935.7741000000,0.30
"2020-12-01 00:00:00","AQ Master wired x1 Ms","Premium 2",749,5.2542000000,3935.3958000000,0.30
"2020-12-01 00:00:00","AQ Master wired x1 Ms","Premium 1",1123,4.6904000000,5267.3192000000,0.30
"2020-12-01 00:00:00","AQ Master wired x1 Ms","Plus 2",584,5.0459000000,2946.8056000000,0.30
"2020-12-01 00:00:00","AQ Master wired x1 Ms","Plus 1",1771,4.5295000000,8021.7445000000,0.30
"2020-12-01 00:00:00","AQ Master wired x1 Ms","Standard 2",1816,3.9998000000,7263.6368000000,0.30
"2020-12-01 00:00:00","AQ Master wired x1 Ms","Standard 1",921,2.9434000000,2710.8714000000,0.30
"2020-12-01 00:00:00","AQ MB Lito 2","Plus 2",187,45.4377000000,8496.8499000000,0.30
"2020-12-01 00:00:00","AQ MB Lito 2","Plus 1",148,39.3932000000,5830.1936000000,0.30
"2020-12-01 00:00:00","AQ MB Lito 2",Standard,34,41.3696000000,1406.5664000000,0.30
"2020-12-01 00:00:00","AQ MB Lito",Premium,207,38.9780000000,8068.4460000000,0.30
"2020-12-01 00:00:00","AQ MB Lito","Plus 2",73,35.8350000000,2615.9550000000,0.30
"2020-12-01 00:00:00","AQ MB Lito","Plus 1",131,35.0256000000,4588.3536000000,0.30
"2020-12-01 00:00:00","AQ MB Lito",Standard,41,33.7609000000,1384.1969000000,0.30
"2020-12-01 00:00:00","AQ MB Crossx 2",Premium,102,32.2612000000,3290.6424000000,0.30
"2020-12-01 00:00:00","AQ MB Crossx 2","Plus 2",126,32.1924000000,4056.2424000000,0.30
"2020-12-01 00:00:00","AQ MB Crossx 2","Plus 1",53,31.9525000000,1693.4825000000,0.30
"2020-12-01 00:00:00","AQ MB Crossx 2",Standard,57,28.8615000000,1645.1055000000,0.30
"2020-12-01 00:00:00","AQ MB Crossx",Premium,191,28.3991000000,5424.2281000000,0.30
"2020-12-01 00:00:00","AQ MB Crossx","Plus 2",127,27.3445000000,3472.7515000000,0.30
"2020-12-01 00:00:00","AQ MB Crossx","Plus 1",142,22.8957000000,3251.1894000000,0.30
"2020-12-01 00:00:00","AQ MB Crossx",Standard,164,21.8879000000,3589.6156000000,0.30
"2020-12-01 00:00:00","AQ MB Elite",Premium,167,21.4489000000,3581.9663000000,0.30
"2020-12-01 00:00:00","AQ MB Elite","Plus 2",208,21.2017000000,4409.9536000000,0.30
"2020-12-01 00:00:00","AQ MB Elite","Plus 1",80,20.4629000000,1637.0320000000,0.30
"2020-12-01 00:00:00","AQ MB Elite",Standard,167,19.6485000000,3281.2995000000,0.30
"2020-12-01 00:00:00","AQ Trigger","Premium 1",897,34.5114000000,30956.7258000000,0.30
"2020-12-01 00:00:00","AQ Trigger","Plus 2",304,33.6246000000,10221.8784000000,0.30
"2020-12-01 00:00:00","AQ Trigger","Plus 1",827,31.7665000000,26270.8955000000,0.30
"2020-12-01 00:00:00","AQ Trigger","Standard 2",1049,30.3414000000,31828.1286000000,0.30
"2020-12-01 00:00:00","AQ Trigger","Standard 1",1188,29.3872000000,34911.9936000000,0.30
"2020-12-01 00:00:00","AQ Qwerty","Premium 2",744,29.6709000000,22075.1496000000,0.30
"2020-12-01 00:00:00","AQ Qwerty","Premium 1",1128,29.8692000000,33692.4576000000,0.30
"2020-12-01 00:00:00","AQ Qwerty","Plus 2",1350,27.4152000000,37010.5200000000,0.30
"2020-12-01 00:00:00","AQ Qwerty","Plus 1",523,26.9507000000,14095.2161000000,0.30
"2020-12-01 00:00:00","AQ Qwerty","Standard 2",336,23.9726000000,8054.7936000000,0.30
"2020-12-01 00:00:00","AQ Qwerty","Standard 1",310,24.5690000000,7616.3900000000,0.30
"2020-12-01 00:00:00","AQ Maxima","Premium 2",1198,23.7678000000,28473.8244000000,0.30
"2020-12-01 00:00:00","AQ Maxima","Premium 1",247,23.0844000000,5701.8468000000,0.30
"2020-12-01 00:00:00","AQ Maxima","Plus 2",539,22.1341000000,11930.2799000000,0.30
"2020-12-01 00:00:00","AQ Maxima","Plus 1",377,20.8733000000,7869.2341000000,0.30
"2020-12-01 00:00:00","AQ Maxima","Standard 2",1191,21.6988000000,25843.2708000000,0.30
"2020-12-01 00:00:00","AQ Maxima","Standard 1",228,20.3908000000,4649.1024000000,0.30
"2020-12-01 00:00:00","AQ Lite","Premium 2",1020,20.0066000000,20406.7320000000,0.30
"2020-12-01 00:00:00","AQ Lite","Premium 1",1147,18.9415000000,21725.9005000000,0.30
"2020-12-01 00:00:00","AQ Lite","Plus 2",950,18.4219000000,17500.8050000000,0.30
"2020-12-01 00:00:00","AQ Lite","Plus 1",596,18.5844000000,11076.3024000000,0.30
"2020-12-01 00:00:00","AQ Lite","Standard 2",577,18.7947000000,10844.5419000000,0.30
"2020-12-01 00:00:00","AQ Lite","Standard 1",1118,18.4943000000,20676.6274000000,0.30
"2020-12-01 00:00:00","AQ Gamers","Premium 2",744,19.3003000000,14359.4232000000,0.30
"2020-12-01 00:00:00","AQ Gamers","Premium 1",681,16.3218000000,11115.1458000000,0.30
"2020-12-01 00:00:00","AQ Gamers","Plus 2",1384,16.3792000000,22668.8128000000,0.30
"2020-12-01 00:00:00","AQ Gamers","Plus 1",317,16.2407000000,5148.3019000000,0.30
"2020-12-01 00:00:00","AQ Gamers","Standard 2",507,15.3071000000,7760.6997000000,0.30
"2020-12-01 00:00:00","AQ Gamers","Standard 1",247,13.5061000000,3336.0067000000,0.30
"2020-12-01 00:00:00","AQ Master wireless x1","Premium 2",348,13.0018000000,4524.6264000000,0.30
"2020-12-01 00:00:00","AQ Master wireless x1","Premium 1",1236,12.0509000000,14894.9124000000,0.30
"2020-12-01 00:00:00","AQ Master wireless x1","Plus 2",1324,11.6011000000,15359.8564000000,0.30
"2020-12-01 00:00:00","AQ Master wireless x1","Plus 1",431,12.3739000000,5333.1509000000,0.30
"2020-12-01 00:00:00","AQ Master wireless x1","Standard 2",1498,11.0524000000,16556.4952000000,0.30
"2020-12-01 00:00:00","AQ Master wireless x1","Standard 1",1543,10.7955000000,16657.4565000000,0.30
"2020-12-01 00:00:00","AQ Master wired x1","Premium 2",627,10.4188000000,6532.5876000000,0.30
"2020-12-01 00:00:00","AQ Master wired x1","Premium 1",1315,9.4650000000,12446.4750000000,0.30
"2020-12-01 00:00:00","AQ Master wired x1","Plus 2",1071,8.9514000000,9586.9494000000,0.30
"2020-12-01 00:00:00","AQ Master wired x1","Plus 1",706,7.7693000000,5485.1258000000,0.30
"2020-12-01 00:00:00","AQ Master wired x1","Standard 2",748,7.5979000000,5683.2292000000,0.30
"2020-12-01 00:00:00","AQ Master wired x1","Standard 1",1568,6.8991000000,10817.7888000000,0.30
"2020-12-01 00:00:00","AQ Zion Saga",Premium,275,28.0059000000,7701.6225000000,0.30
"2020-12-01 00:00:00","AQ Zion Saga",Plus,339,27.1027000000,9187.8153000000,0.30
"2020-12-01 00:00:00","AQ Zion Saga",Standard,364,23.7223000000,8634.9172000000,0.30
"2020-12-01 00:00:00","AQ WereWolf NAS Internal Hard Drive HDD â€“ 8.89 cm",Premium,121,23.6154000000,2857.4634000000,0.30
"2020-12-01 00:00:00","AQ WereWolf NAS Internal Hard Drive HDD â€“ 8.89 cm",Plus,409,24.7312000000,10115.0608000000,0.30
"2020-12-01 00:00:00","AQ WereWolf NAS Internal Hard Drive HDD â€“ 8.89 cm",Standard,362,23.6987000000,8578.9294000000,0.30
"2020-12-01 00:00:00","AQ Dracula HDD â€“ 3.5 Inch SATA 6 Gb/s 5400 RPM 256 MB Cache","Premium Plus",199,22.9729000000,4571.6071000000,0.30
"2020-12-01 00:00:00","AQ Dracula HDD â€“ 3.5 Inch SATA 6 Gb/s 5400 RPM 256 MB Cache",Premium,383,21.7795000000,8341.5485000000,0.30
"2020-12-01 00:00:00","AQ Dracula HDD â€“ 3.5 Inch SATA 6 Gb/s 5400 RPM 256 MB Cache",Plus,172,21.4565000000,3690.5180000000,0.30
"2020-12-01 00:00:00","AQ Dracula HDD â€“ 3.5 Inch SATA 6 Gb/s 5400 RPM 256 MB Cache",Standard,113,19.0573000000,2153.4749000000,0.30
"2020-12-01 00:00:00","AQ Marquee P4",Standard,147,45.0813000000,6626.9511000000,0.30
"2020-12-01 00:00:00","AQ Marquee P3",Premium,193,44.7044000000,8627.9492000000,0.30
"2020-12-01 00:00:00","AQ Marquee P3","Plus 2",208,42.3841000000,8815.8928000000,0.30
"2020-12-01 00:00:00","AQ Marquee P3","Plus 1",80,43.2966000000,3463.7280000000,0.30
"2020-12-01 00:00:00","AQ Marquee P3",Standard,333,40.5013000000,13486.9329000000,0.30
"2020-12-01 00:00:00","AQ GT 21",Premium,99,39.1215000000,3873.0285000000,0.30
"2020-12-01 00:00:00","AQ GT 21","Plus 2",149,39.2990000000,5855.5510000000,0.30
"2020-12-01 00:00:00","AQ GT 21","Plus 1",198,39.1465000000,7751.0070000000,0.30
"2020-12-01 00:00:00","AQ GT 21",Standard,287,39.3377000000,11289.9199000000,0.30
"2020-12-01 00:00:00","AQ Mforce Gen Z","Premium 2",343,39.3990000000,13513.8570000000,0.30
"2020-12-01 00:00:00","AQ Mforce Gen Z","Premium 1",352,36.2434000000,12757.6768000000,0.30
"2020-12-01 00:00:00","AQ Mforce Gen Z","Plus 3",332,37.5278000000,12459.2296000000,0.30
"2020-12-01 00:00:00","AQ Mforce Gen Z","Plus 2",335,36.5679000000,12250.2465000000,0.30
"2020-12-01 00:00:00","AQ Mforce Gen Z","Plus 1",92,37.5826000000,3457.5992000000,0.30
"2020-12-01 00:00:00","AQ Mforce Gen Z","Standard 3",325,34.2412000000,11128.3900000000,0.30
"2020-12-01 00:00:00","AQ Mforce Gen Z","Standard 2",235,34.0973000000,8012.8655000000,0.30
"2020-12-01 00:00:00","AQ Mforce Gen Z","Standard 1",84,30.4696000000,2559.4464000000,0.30
"2020-12-01 00:00:00","AQ Mforce Gen Y","Premium 2",184,30.5816000000,5627.0144000000,0.30
"2020-12-01 00:00:00","AQ Mforce Gen Y","Premium 1",48,32.4427000000,1557.2496000000,0.30
"2020-12-01 00:00:00","AQ Mforce Gen Y","Plus 3",125,31.2439000000,3905.4875000000,0.30
"2020-12-01 00:00:00","AQ Mforce Gen Y","Plus 2",178,29.7008000000,5286.7424000000,0.30
"2020-12-01 00:00:00","AQ Mforce Gen Y","Plus 1",101,26.1081000000,2636.9181000000,0.30
"2020-12-01 00:00:00","AQ Mforce Gen Y","Standard 3",356,26.5871000000,9465.0076000000,0.30
"2020-12-01 00:00:00","AQ Mforce Gen Y","Standard 2",174,24.9298000000,4337.7852000000,0.30
"2020-12-01 00:00:00","AQ Mforce Gen Y","Standard 1",126,22.3984000000,2822.1984000000,0.30
"2020-12-01 00:00:00","AQ Mforce Gen X","Plus 3",248,19.9365000000,4944.2520000000,0.30
"2020-12-01 00:00:00","AQ Mforce Gen X","Plus 2",329,20.0766000000,6605.2014000000,0.30
"2020-12-01 00:00:00","AQ Mforce Gen X","Plus 1",110,19.9239000000,2191.6290000000,0.30
"2020-12-01 00:00:00","AQ Mforce Gen X","Standard 3",230,19.5235000000,4490.4050000000,0.30
"2020-12-01 00:00:00","AQ Mx NB",Premium,68,31.7029000000,2155.7972000000,0.30
"2020-12-01 00:00:00","AQ Mx NB","Plus 3",89,28.5800000000,2543.6200000000,0.30
"2020-12-01 00:00:00","AQ Mx NB","Plus 2",86,29.9423000000,2575.0378000000,0.30
"2020-12-01 00:00:00","AQ Mx NB","Plus 1 ",62,28.4500000000,1763.9000000000,0.30
"2020-12-01 00:00:00","AQ Mx NB",Standard,105,26.9302000000,2827.6710000000,0.30
"2020-12-01 00:00:00","AQ LION x3",Premium,82,27.4546000000,2251.2772000000,0.30
"2020-12-01 00:00:00","AQ LION x3","Plus 3",128,25.0442000000,3205.6576000000,0.30
"2020-12-01 00:00:00","AQ LION x3","Plus 2",152,25.4670000000,3870.9840000000,0.30
"2020-12-01 00:00:00","AQ LION x3","Plus 1 ",55,23.1520000000,1273.3600000000,0.30
"2020-12-01 00:00:00","AQ LION x3",Standard,45,22.1454000000,996.5430000000,0.30
"2020-12-01 00:00:00","AQ LION x2",Premium,61,21.6066000000,1318.0026000000,0.30
"2020-12-01 00:00:00","AQ LION x2","Plus 3",98,21.1942000000,2077.0316000000,0.30
"2020-12-01 00:00:00","AQ LION x2","Plus 2",68,18.4533000000,1254.8244000000,0.30
"2020-12-01 00:00:00","AQ LION x2","Plus 1 ",127,17.5197000000,2225.0019000000,0.30
"2020-12-01 00:00:00","AQ LION x2",Standard,138,17.2648000000,2382.5424000000,0.30
"2020-12-01 00:00:00","AQ LION x1",Premium,57,18.0312000000,1027.7784000000,0.30
"2020-12-01 00:00:00","AQ LION x1","Plus 2",62,17.5697000000,1089.3214000000,0.30
"2020-12-01 00:00:00","AQ LION x1","Plus 1 ",149,16.1015000000,2399.1235000000,0.30
"2020-12-01 00:00:00","AQ LION x1",Standard,114,16.5127000000,1882.4478000000,0.30
"2020-10-01 00:00:00","AQ Gen Y","Plus Blue",14,349.2525000000,4889.5350000000,0.30
"2020-10-01 00:00:00","AQ Gen Y","Plus Grey",37,353.0982000000,13064.6334000000,0.30
"2020-10-01 00:00:00","AQ Gen Y","Standard Red",14,366.0459000000,5124.6426000000,0.30
"2020-10-01 00:00:00","AQ Gen Y","Standard Blue",31,346.6886000000,10747.3466000000,0.30
"2020-10-01 00:00:00","AQ Gen Y","Standard Grey",21,347.2474000000,7292.1954000000,0.30
"2020-10-01 00:00:00","AQ Gen X","Premium Misty Green",43,327.0930000000,14064.9990000000,0.30
"2020-10-01 00:00:00","AQ Gen X","Premium Black",15,322.9426000000,4844.1390000000,0.30
"2020-10-01 00:00:00","AQ Gen X","Plus Red",24,325.2561000000,7806.1464000000,0.30
"2020-10-01 00:00:00","AQ Gen X","Plus Blue",26,325.2156000000,8455.6056000000,0.30
"2020-10-01 00:00:00","AQ Gen X","Plus Grey",35,341.7343000000,11960.7005000000,0.30
"2020-10-01 00:00:00","AQ Gen X","Standard Red",42,306.9189000000,12890.5938000000,0.30
"2020-10-01 00:00:00","AQ Gen X","Standard Blue",36,300.3378000000,10812.1608000000,0.30
"2020-10-01 00:00:00","AQ Gen X","Standard Grey",9,311.8396000000,2806.5564000000,0.30
"2020-10-01 00:00:00","AQ Elite","Premium Misty Green",24,297.0277000000,7128.6648000000,0.30
"2020-10-01 00:00:00","AQ Elite","Premium Black",21,287.4934000000,6037.3614000000,0.30
"2020-10-01 00:00:00","AQ Elite","Plus Red",10,287.5666000000,2875.6660000000,0.30
"2020-10-01 00:00:00","AQ Elite","Plus Blue",38,291.2071000000,11065.8698000000,0.30
"2020-10-01 00:00:00","AQ Elite","Plus Grey",40,286.8973000000,11475.8920000000,0.30
"2020-10-01 00:00:00","AQ Elite","Standard Red",11,288.0503000000,3168.5533000000,0.30
"2020-10-01 00:00:00","AQ Elite","Standard Blue",12,281.9504000000,3383.4048000000,0.30
"2020-10-01 00:00:00","AQ Elite","Standard Grey",30,271.3471000000,8140.4130000000,0.30
"2020-10-01 00:00:00","AQ Velocity","Plus Red",38,275.8194000000,10481.1372000000,0.30
"2020-10-01 00:00:00","AQ Velocity","Plus Blue",36,277.8079000000,10001.0844000000,0.30
"2020-10-01 00:00:00","AQ Velocity","Plus Grey",44,267.0636000000,11750.7984000000,0.30
"2020-10-01 00:00:00","AQ Velocity","Standard Red",14,261.2305000000,3657.2270000000,0.30
"2020-10-01 00:00:00","AQ Velocity","Standard Blue",24,267.2091000000,6413.0184000000,0.30
"2020-10-01 00:00:00","AQ Velocity","Standard Grey",45,264.7000000000,11911.5000000000,0.30
"2020-10-01 00:00:00","AQ Digit","Premium Misty Green",35,243.0414000000,8506.4490000000,0.30
"2020-10-01 00:00:00","AQ Digit","Premium Black",37,249.1303000000,9217.8211000000,0.30
"2020-10-01 00:00:00","AQ Digit","Plus Red",19,237.0183000000,4503.3477000000,0.30
"2020-10-01 00:00:00","AQ Digit","Plus Blue",44,240.1403000000,10566.1732000000,0.30
"2020-10-01 00:00:00","AQ Digit","Plus Grey",28,232.1038000000,6498.9064000000,0.30
"2020-10-01 00:00:00","AQ Digit","Standard Red",50,236.8486000000,11842.4300000000,0.30
"2020-10-01 00:00:00","AQ Digit","Standard Blue",48,215.9341000000,10364.8368000000,0.30
"2020-10-01 00:00:00","AQ Digit","Standard Grey",48,200.2732000000,9613.1136000000,0.30
"2020-10-01 00:00:00","AQ Aspiron","Premium Black",44,195.7721000000,8613.9724000000,0.30
"2020-10-01 00:00:00","AQ Aspiron","Plus Red",48,187.7533000000,9012.1584000000,0.30
"2020-10-01 00:00:00","AQ Aspiron","Plus Blue",38,182.8932000000,6949.9416000000,0.30
"2020-10-01 00:00:00","AQ Electron 3 3600 Desktop Processor",Plus,251,185.4599000000,46550.4349000000,0.30
"2020-10-01 00:00:00","AQ Electron 3 3600 Desktop Processor",Standard,99,186.2917000000,18442.8783000000,0.30
"2020-10-01 00:00:00","AQ Electron 4 3600 Desktop Processor",Premium,136,176.4389000000,23995.6904000000,0.30
"2020-10-01 00:00:00","AQ Electron 4 3600 Desktop Processor",Plus,41,169.4999000000,6949.4959000000,0.30
"2020-10-01 00:00:00","AQ Electron 4 3600 Desktop Processor",Standard,97,160.5082000000,15569.2954000000,0.30
"2020-10-01 00:00:00","AQ Electron 5 3600 Desktop Processor",Premium,136,160.6912000000,21854.0032000000,0.30
"2020-10-01 00:00:00","AQ Electron 5 3600 Desktop Processor",Plus,55,150.2450000000,8263.4750000000,0.30
"2020-10-01 00:00:00","AQ Electron 5 3600 Desktop Processor",Standard,132,149.1034000000,19681.6488000000,0.30
"2020-10-01 00:00:00","AQ 5000 Series Ultron 8 5900X Desktop Processor",Premium,83,142.9402000000,11864.0366000000,0.30
"2020-10-01 00:00:00","AQ 5000 Series Ultron 8 5900X Desktop Processor",Plus,258,145.1474000000,37448.0292000000,0.30
"2020-10-01 00:00:00","AQ 5000 Series Ultron 8 5900X Desktop Processor",Standard,97,135.6822000000,13161.1734000000,0.30
"2020-10-01 00:00:00","AQ 5000 Series Electron 8 5900X Desktop Processor",Premium,220,139.8962000000,30777.1640000000,0.30
"2020-10-01 00:00:00","AQ 5000 Series Electron 8 5900X Desktop Processor",Plus,108,129.5836000000,13995.0288000000,0.30
"2020-10-01 00:00:00","AQ 5000 Series Electron 8 5900X Desktop Processor",Standard,138,124.2640000000,17148.4320000000,0.30
"2020-10-01 00:00:00","AQ 5000 Series Electron 9 5900X Desktop Processor",Premium,196,123.9315000000,24290.5740000000,0.30
"2020-10-01 00:00:00","AQ 5000 Series Electron 9 5900X Desktop Processor",Plus,226,123.4797000000,27906.4122000000,0.30
"2020-10-01 00:00:00","AQ 5000 Series Electron 9 5900X Desktop Processor",Standard,132,111.1036000000,14665.6752000000,0.30
"2020-10-01 00:00:00","AQ Lumina Ms","Standard 1",438,21.7118000000,9509.7684000000,0.30
"2020-10-01 00:00:00","AQ Trigger Ms","Premium 2",241,20.0537000000,4832.9417000000,0.30
"2020-10-01 00:00:00","AQ Trigger Ms","Premium 1",654,19.4042000000,12690.3468000000,0.30
"2020-10-01 00:00:00","AQ Trigger Ms","Plus 2",560,19.5860000000,10968.1600000000,0.30
"2020-10-01 00:00:00","AQ Trigger Ms","Plus 1",1090,16.9353000000,18459.4770000000,0.30
"2020-10-01 00:00:00","AQ Trigger Ms","Standard 2",276,17.2368000000,4757.3568000000,0.30
"2020-10-01 00:00:00","AQ Trigger Ms","Standard 1",1236,17.0917000000,21125.3412000000,0.30
"2020-10-01 00:00:00","AQ Qwerty Ms","Premium 2",1071,16.7850000000,17976.7350000000,0.30
"2020-10-01 00:00:00","AQ Qwerty Ms","Premium 1",1136,16.5882000000,18844.1952000000,0.30
"2020-10-01 00:00:00","AQ Qwerty Ms","Plus 2",884,16.5491000000,14629.4044000000,0.30
"2020-10-01 00:00:00","AQ Qwerty Ms","Plus 1",138,15.9792000000,2205.1296000000,0.30
"2020-10-01 00:00:00","AQ Qwerty Ms","Standard 2",1176,15.8102000000,18592.7952000000,0.30
"2020-10-01 00:00:00","AQ Qwerty Ms","Standard 1",160,14.9013000000,2384.2080000000,0.30
"2020-10-01 00:00:00","AQ Maxima Ms","Premium 2",776,14.5677000000,11304.5352000000,0.30
"2020-10-01 00:00:00","AQ Maxima Ms","Premium 1",727,15.1762000000,11033.0974000000,0.30
"2020-10-01 00:00:00","AQ Maxima Ms","Plus 2",1133,14.2800000000,16179.2400000000,0.30
"2020-10-01 00:00:00","AQ Maxima Ms","Plus 1",833,14.1682000000,11802.1106000000,0.30
"2020-10-01 00:00:00","AQ Maxima Ms","Standard 2",779,14.5267000000,11316.2993000000,0.30
"2020-10-01 00:00:00","AQ Maxima Ms","Standard 1",511,12.0689000000,6167.2079000000,0.30
"2020-10-01 00:00:00","AQ Lite Ms","Premium 2",465,12.2979000000,5718.5235000000,0.30
"2020-10-01 00:00:00","AQ Lite Ms","Premium 1",708,12.7423000000,9021.5484000000,0.30
"2020-10-01 00:00:00","AQ Lite Ms","Plus 2",324,11.6332000000,3769.1568000000,0.30
"2020-10-01 00:00:00","AQ Lite Ms","Plus 1",784,10.8925000000,8539.7200000000,0.30
"2020-10-01 00:00:00","AQ Lite Ms","Standard 2",273,11.2819000000,3079.9587000000,0.30
"2020-10-01 00:00:00","AQ Lite Ms","Standard 1",397,11.4829000000,4558.7113000000,0.30
"2020-10-01 00:00:00","AQ Gamers Ms","Premium 2",787,10.8659000000,8551.4633000000,0.30
"2020-10-01 00:00:00","AQ Gamers Ms","Premium 1",571,10.4370000000,5959.5270000000,0.30
"2020-10-01 00:00:00","AQ Gamers Ms","Plus 2",1179,10.4573000000,12329.1567000000,0.30
"2020-10-01 00:00:00","AQ Gamers Ms","Plus 1",906,9.3977000000,8514.3162000000,0.30
"2020-10-01 00:00:00","AQ Gamers Ms","Standard 2",1333,8.9901000000,11983.8033000000,0.30
"2020-10-01 00:00:00","AQ Gamers Ms","Standard 1",297,8.8044000000,2614.9068000000,0.30
"2020-10-01 00:00:00","AQ Master wireless x1 Ms","Premium 2",308,8.3193000000,2562.3444000000,0.30
"2020-10-01 00:00:00","AQ Master wireless x1 Ms","Premium 1",992,7.9813000000,7917.4496000000,0.30
"2020-10-01 00:00:00","AQ Master wireless x1 Ms","Plus 2",979,7.3526000000,7198.1954000000,0.30
"2020-10-01 00:00:00","AQ Master wireless x1 Ms","Plus 1",817,6.7301000000,5498.4917000000,0.30
"2020-10-01 00:00:00","AQ Master wireless x1 Ms","Standard 2",584,6.4054000000,3740.7536000000,0.30
"2020-10-01 00:00:00","AQ Master wireless x1 Ms","Standard 1",368,5.4383000000,2001.2944000000,0.30
"2020-10-01 00:00:00","AQ Master wired x1 Ms","Premium 2",860,5.2542000000,4518.6120000000,0.30
"2020-10-01 00:00:00","AQ Master wired x1 Ms","Premium 1",600,4.6904000000,2814.2400000000,0.30
"2020-10-01 00:00:00","AQ Master wired x1 Ms","Plus 2",979,5.0459000000,4939.9361000000,0.30
"2020-10-01 00:00:00","AQ Master wired x1 Ms","Plus 1",352,4.5295000000,1594.3840000000,0.30
"2020-10-01 00:00:00","AQ Master wired x1 Ms","Standard 2",1111,3.9998000000,4443.7778000000,0.30
"2020-10-01 00:00:00","AQ Master wired x1 Ms","Standard 1",1036,2.9434000000,3049.3624000000,0.30
"2020-10-01 00:00:00","AQ MB Lito 2","Plus 2",179,45.4377000000,8133.3483000000,0.30
"2020-10-01 00:00:00","AQ MB Lito 2","Plus 1",168,39.3932000000,6618.0576000000,0.30
"2020-10-01 00:00:00","AQ MB Lito 2",Standard,26,41.3696000000,1075.6096000000,0.30
"2020-10-01 00:00:00","AQ MB Lito",Premium,117,38.9780000000,4560.4260000000,0.30
"2020-10-01 00:00:00","AQ MB Lito","Plus 2",79,35.8350000000,2830.9650000000,0.30
"2020-10-01 00:00:00","AQ MB Lito","Plus 1",88,35.0256000000,3082.2528000000,0.30
"2020-10-01 00:00:00","AQ MB Lito",Standard,108,33.7609000000,3646.1772000000,0.30
"2020-10-01 00:00:00","AQ MB Crossx 2",Premium,167,32.2612000000,5387.6204000000,0.30
"2020-10-01 00:00:00","AQ MB Crossx 2","Plus 2",153,32.1924000000,4925.4372000000,0.30
"2020-10-01 00:00:00","AQ MB Crossx 2","Plus 1",127,31.9525000000,4057.9675000000,0.30
"2020-10-01 00:00:00","AQ MB Crossx 2",Standard,46,28.8615000000,1327.6290000000,0.30
"2020-10-01 00:00:00","AQ MB Crossx",Premium,66,28.3991000000,1874.3406000000,0.30
"2020-10-01 00:00:00","AQ MB Crossx","Plus 2",76,27.3445000000,2078.1820000000,0.30
"2020-10-01 00:00:00","AQ MB Crossx","Plus 1",25,22.8957000000,572.3925000000,0.30
"2020-10-01 00:00:00","AQ MB Crossx",Standard,158,21.8879000000,3458.2882000000,0.30
"2020-10-01 00:00:00","AQ MB Elite",Premium,94,21.4489000000,2016.1966000000,0.30
"2020-10-01 00:00:00","AQ MB Elite","Plus 2",137,21.2017000000,2904.6329000000,0.30
"2020-10-01 00:00:00","AQ MB Elite","Plus 1",146,20.4629000000,2987.5834000000,0.30
"2020-10-01 00:00:00","AQ MB Elite",Standard,104,19.6485000000,2043.4440000000,0.30
"2020-10-01 00:00:00","AQ Trigger","Premium 1",165,34.5114000000,5694.3810000000,0.30
"2020-10-01 00:00:00","AQ Trigger","Plus 2",718,33.6246000000,24142.4628000000,0.30
"2020-10-01 00:00:00","AQ Trigger","Plus 1",819,31.7665000000,26016.7635000000,0.30
"2020-10-01 00:00:00","AQ Trigger","Standard 2",888,30.3414000000,26943.1632000000,0.30
"2020-10-01 00:00:00","AQ Trigger","Standard 1",183,29.3872000000,5377.8576000000,0.30
"2020-10-01 00:00:00","AQ Qwerty","Premium 2",773,29.6709000000,22935.6057000000,0.30
"2020-10-01 00:00:00","AQ Qwerty","Premium 1",963,29.8692000000,28764.0396000000,0.30
"2020-10-01 00:00:00","AQ Qwerty","Plus 2",700,27.4152000000,19190.6400000000,0.30
"2020-10-01 00:00:00","AQ Qwerty","Plus 1",272,26.9507000000,7330.5904000000,0.30
"2020-10-01 00:00:00","AQ Qwerty","Standard 2",908,23.9726000000,21767.1208000000,0.30
"2020-10-01 00:00:00","AQ Qwerty","Standard 1",371,24.5690000000,9115.0990000000,0.30
"2020-10-01 00:00:00","AQ Maxima","Premium 2",988,23.7678000000,23482.5864000000,0.30
"2020-10-01 00:00:00","AQ Maxima","Premium 1",561,23.0844000000,12950.3484000000,0.30
"2020-10-01 00:00:00","AQ Maxima","Plus 2",522,22.1341000000,11554.0002000000,0.30
"2020-10-01 00:00:00","AQ Maxima","Plus 1",197,20.8733000000,4112.0401000000,0.30
"2020-10-01 00:00:00","AQ Maxima","Standard 2",567,21.6988000000,12303.2196000000,0.30
"2020-10-01 00:00:00","AQ Maxima","Standard 1",279,20.3908000000,5689.0332000000,0.30
"2020-10-01 00:00:00","AQ Lite","Premium 2",760,20.0066000000,15205.0160000000,0.30
"2020-10-01 00:00:00","AQ Lite","Premium 1",1089,18.9415000000,20627.2935000000,0.30
"2020-10-01 00:00:00","AQ Lite","Plus 2",554,18.4219000000,10205.7326000000,0.30
"2020-10-01 00:00:00","AQ Lite","Plus 1",654,18.5844000000,12154.1976000000,0.30
"2020-10-01 00:00:00","AQ Lite","Standard 2",947,18.7947000000,17798.5809000000,0.30
"2020-10-01 00:00:00","AQ Lite","Standard 1",851,18.4943000000,15738.6493000000,0.30
"2020-10-01 00:00:00","AQ Gamers","Premium 2",746,19.3003000000,14398.0238000000,0.30
"2020-10-01 00:00:00","AQ Gamers","Premium 1",888,16.3218000000,14493.7584000000,0.30
"2020-10-01 00:00:00","AQ Gamers","Plus 2",583,16.3792000000,9549.0736000000,0.30
"2020-10-01 00:00:00","AQ Gamers","Plus 1",698,16.2407000000,11336.0086000000,0.30
"2020-10-01 00:00:00","AQ Gamers","Standard 2",796,15.3071000000,12184.4516000000,0.30
"2020-10-01 00:00:00","AQ Gamers","Standard 1",1085,13.5061000000,14654.1185000000,0.30
"2020-10-01 00:00:00","AQ Master wireless x1","Premium 2",288,13.0018000000,3744.5184000000,0.30
"2020-10-01 00:00:00","AQ Master wireless x1","Premium 1",696,12.0509000000,8387.4264000000,0.30
"2020-10-01 00:00:00","AQ Master wireless x1","Plus 2",888,11.6011000000,10301.7768000000,0.30
"2020-10-01 00:00:00","AQ Master wireless x1","Plus 1",856,12.3739000000,10592.0584000000,0.30
"2020-10-01 00:00:00","AQ Master wireless x1","Standard 2",627,11.0524000000,6929.8548000000,0.30
"2020-10-01 00:00:00","AQ Master wireless x1","Standard 1",650,10.7955000000,7017.0750000000,0.30
"2020-10-01 00:00:00","AQ Master wired x1","Premium 2",680,10.4188000000,7084.7840000000,0.30
"2020-10-01 00:00:00","AQ Master wired x1","Premium 1",664,9.4650000000,6284.7600000000,0.30
"2020-10-01 00:00:00","AQ Master wired x1","Plus 2",622,8.9514000000,5567.7708000000,0.30
"2020-10-01 00:00:00","AQ Master wired x1","Plus 1",247,7.7693000000,1919.0171000000,0.30
"2020-10-01 00:00:00","AQ Master wired x1","Standard 2",849,7.5979000000,6450.6171000000,0.30
"2020-10-01 00:00:00","AQ Master wired x1","Standard 1",757,6.8991000000,5222.6187000000,0.30
"2020-10-01 00:00:00","AQ Zion Saga",Premium,249,28.0059000000,6973.4691000000,0.30
"2020-10-01 00:00:00","AQ Zion Saga",Plus,135,27.1027000000,3658.8645000000,0.30
"2020-10-01 00:00:00","AQ Zion Saga",Standard,205,23.7223000000,4863.0715000000,0.30
"2020-10-01 00:00:00","AQ WereWolf NAS Internal Hard Drive HDD â€“ 8.89 cm",Premium,306,23.6154000000,7226.3124000000,0.30
"2020-10-01 00:00:00","AQ WereWolf NAS Internal Hard Drive HDD â€“ 8.89 cm",Plus,97,24.7312000000,2398.9264000000,0.30
"2020-10-01 00:00:00","AQ WereWolf NAS Internal Hard Drive HDD â€“ 8.89 cm",Standard,164,23.6987000000,3886.5868000000,0.30
"2020-10-01 00:00:00","AQ Dracula HDD â€“ 3.5 Inch SATA 6 Gb/s 5400 RPM 256 MB Cache","Premium Plus",276,22.9729000000,6340.5204000000,0.30
"2020-10-01 00:00:00","AQ Dracula HDD â€“ 3.5 Inch SATA 6 Gb/s 5400 RPM 256 MB Cache",Premium,102,21.7795000000,2221.5090000000,0.30
"2020-10-01 00:00:00","AQ Dracula HDD â€“ 3.5 Inch SATA 6 Gb/s 5400 RPM 256 MB Cache",Plus,237,21.4565000000,5085.1905000000,0.30
"2020-10-01 00:00:00","AQ Dracula HDD â€“ 3.5 Inch SATA 6 Gb/s 5400 RPM 256 MB Cache",Standard,95,19.0573000000,1810.4435000000,0.30
"2020-10-01 00:00:00","AQ Marquee P4",Standard,217,45.0813000000,9782.6421000000,0.30
"2020-10-01 00:00:00","AQ Marquee P3",Premium,249,44.7044000000,11131.3956000000,0.30
"2020-10-01 00:00:00","AQ Marquee P3","Plus 2",237,42.3841000000,10045.0317000000,0.30
"2020-10-01 00:00:00","AQ Marquee P3","Plus 1",237,43.2966000000,10261.2942000000,0.30
"2020-10-01 00:00:00","AQ Marquee P3",Standard,174,40.5013000000,7047.2262000000,0.30
"2020-10-01 00:00:00","AQ GT 21",Premium,64,39.1215000000,2503.7760000000,0.30
"2020-10-01 00:00:00","AQ GT 21","Plus 2",184,39.2990000000,7231.0160000000,0.30
"2020-10-01 00:00:00","AQ GT 21","Plus 1",43,39.1465000000,1683.2995000000,0.30
"2020-10-01 00:00:00","AQ GT 21",Standard,218,39.3377000000,8575.6186000000,0.30
"2020-10-01 00:00:00","AQ Mforce Gen Z","Premium 2",235,39.3990000000,9258.7650000000,0.30
"2020-10-01 00:00:00","AQ Mforce Gen Z","Premium 1",47,36.2434000000,1703.4398000000,0.30
"2020-10-01 00:00:00","AQ Mforce Gen Z","Plus 3",231,37.5278000000,8668.9218000000,0.30
"2020-10-01 00:00:00","AQ Mforce Gen Z","Plus 2",231,36.5679000000,8447.1849000000,0.30
"2020-10-01 00:00:00","AQ Mforce Gen Z","Plus 1",242,37.5826000000,9094.9892000000,0.30
"2020-10-01 00:00:00","AQ Mforce Gen Z","Standard 3",93,34.2412000000,3184.4316000000,0.30
"2020-10-01 00:00:00","AQ Mforce Gen Z","Standard 2",29,34.0973000000,988.8217000000,0.30
"2020-10-01 00:00:00","AQ Mforce Gen Z","Standard 1",45,30.4696000000,1371.1320000000,0.30
"2020-10-01 00:00:00","AQ Mforce Gen Y","Premium 2",219,30.5816000000,6697.3704000000,0.30
"2020-10-01 00:00:00","AQ Mforce Gen Y","Premium 1",123,32.4427000000,3990.4521000000,0.30
"2020-10-01 00:00:00","AQ Mforce Gen Y","Plus 3",136,31.2439000000,4249.1704000000,0.30
"2020-10-01 00:00:00","AQ Mforce Gen Y","Plus 2",216,29.7008000000,6415.3728000000,0.30
"2020-10-01 00:00:00","AQ Mforce Gen Y","Plus 1",193,26.1081000000,5038.8633000000,0.30
"2020-10-01 00:00:00","AQ Mforce Gen Y","Standard 3",193,26.5871000000,5131.3103000000,0.30
"2020-10-01 00:00:00","AQ Mforce Gen Y","Standard 2",49,24.9298000000,1221.5602000000,0.30
"2020-10-01 00:00:00","AQ Mforce Gen Y","Standard 1",82,22.3984000000,1836.6688000000,0.30
"2020-10-01 00:00:00","AQ Mforce Gen X","Plus 3",75,19.9365000000,1495.2375000000,0.30
"2020-10-01 00:00:00","AQ Mforce Gen X","Plus 2",248,20.0766000000,4978.9968000000,0.30
"2020-10-01 00:00:00","AQ Mforce Gen X","Plus 1",226,19.9239000000,4502.8014000000,0.30
"2020-10-01 00:00:00","AQ Mforce Gen X","Standard 3",220,19.5235000000,4295.1700000000,0.30
"2020-10-01 00:00:00","AQ Mx NB",Premium,94,31.7029000000,2980.0726000000,0.30
"2020-10-01 00:00:00","AQ Mx NB","Plus 3",82,28.5800000000,2343.5600000000,0.30
"2020-10-01 00:00:00","AQ Mx NB","Plus 2",62,29.9423000000,1856.4226000000,0.30
"2020-10-01 00:00:00","AQ Mx NB","Plus 1 ",30,28.4500000000,853.5000000000,0.30
"2020-10-01 00:00:00","AQ Mx NB",Standard,32,26.9302000000,861.7664000000,0.30
"2020-10-01 00:00:00","AQ LION x3",Premium,108,27.4546000000,2965.0968000000,0.30
"2020-10-01 00:00:00","AQ LION x3","Plus 3",26,25.0442000000,651.1492000000,0.30
"2020-10-01 00:00:00","AQ LION x3","Plus 2",84,25.4670000000,2139.2280000000,0.30
"2020-10-01 00:00:00","AQ LION x3","Plus 1 ",104,23.1520000000,2407.8080000000,0.30
"2020-10-01 00:00:00","AQ LION x3",Standard,94,22.1454000000,2081.6676000000,0.30
"2020-10-01 00:00:00","AQ LION x2",Premium,48,21.6066000000,1037.1168000000,0.30
"2020-10-01 00:00:00","AQ LION x2","Plus 3",51,21.1942000000,1080.9042000000,0.30
"2020-10-01 00:00:00","AQ LION x2","Plus 2",96,18.4533000000,1771.5168000000,0.30
"2020-10-01 00:00:00","AQ LION x2","Plus 1 ",19,17.5197000000,332.8743000000,0.30
"2020-10-01 00:00:00","AQ LION x2",Standard,67,17.2648000000,1156.7416000000,0.30
"2020-10-01 00:00:00","AQ LION x1",Premium,54,18.0312000000,973.6848000000,0.30
"2020-10-01 00:00:00","AQ LION x1","Plus 2",102,17.5697000000,1792.1094000000,0.30
"2020-10-01 00:00:00","AQ LION x1","Plus 1 ",38,16.1015000000,611.8570000000,0.30
"2020-10-01 00:00:00","AQ LION x1",Standard,42,16.5127000000,693.5334000000,0.30
"2020-09-01 00:00:00","AQ Gen Y","Plus Blue",16,349.2525000000,5588.0400000000,0.30
"2020-09-01 00:00:00","AQ Gen Y","Plus Grey",11,353.0982000000,3884.0802000000,0.30
"2020-09-01 00:00:00","AQ Gen Y","Standard Red",8,366.0459000000,2928.3672000000,0.30
"2020-09-01 00:00:00","AQ Gen Y","Standard Blue",10,346.6886000000,3466.8860000000,0.30
"2020-09-01 00:00:00","AQ Gen Y","Standard Grey",31,347.2474000000,10764.6694000000,0.30
"2020-09-01 00:00:00","AQ Gen X","Premium Misty Green",28,327.0930000000,9158.6040000000,0.30
"2020-09-01 00:00:00","AQ Gen X","Premium Black",29,322.9426000000,9365.3354000000,0.30
"2020-09-01 00:00:00","AQ Gen X","Plus Red",35,325.2561000000,11383.9635000000,0.30
"2020-09-01 00:00:00","AQ Gen X","Plus Blue",24,325.2156000000,7805.1744000000,0.30
"2020-09-01 00:00:00","AQ Gen X","Plus Grey",22,341.7343000000,7518.1546000000,0.30
"2020-09-01 00:00:00","AQ Gen X","Standard Red",21,306.9189000000,6445.2969000000,0.30
"2020-09-01 00:00:00","AQ Gen X","Standard Blue",40,300.3378000000,12013.5120000000,0.30
"2020-09-01 00:00:00","AQ Gen X","Standard Grey",31,311.8396000000,9667.0276000000,0.30
"2020-09-01 00:00:00","AQ Elite","Premium Misty Green",19,297.0277000000,5643.5263000000,0.30
"2020-09-01 00:00:00","AQ Elite","Premium Black",12,287.4934000000,3449.9208000000,0.30
"2020-09-01 00:00:00","AQ Elite","Plus Red",9,287.5666000000,2588.0994000000,0.30
"2020-09-01 00:00:00","AQ Elite","Plus Blue",15,291.2071000000,4368.1065000000,0.30
"2020-09-01 00:00:00","AQ Elite","Plus Grey",29,286.8973000000,8320.0217000000,0.30
"2020-09-01 00:00:00","AQ Elite","Standard Red",16,288.0503000000,4608.8048000000,0.30
"2020-09-01 00:00:00","AQ Elite","Standard Blue",37,281.9504000000,10432.1648000000,0.30
"2020-09-01 00:00:00","AQ Elite","Standard Grey",9,271.3471000000,2442.1239000000,0.30
"2020-09-01 00:00:00","AQ Velocity","Plus Red",29,275.8194000000,7998.7626000000,0.30
"2020-09-01 00:00:00","AQ Velocity","Plus Blue",23,277.8079000000,6389.5817000000,0.30
"2020-09-01 00:00:00","AQ Velocity","Plus Grey",40,267.0636000000,10682.5440000000,0.30
"2020-09-01 00:00:00","AQ Velocity","Standard Red",36,261.2305000000,9404.2980000000,0.30
"2020-09-01 00:00:00","AQ Velocity","Standard Blue",38,267.2091000000,10153.9458000000,0.30
"2020-09-01 00:00:00","AQ Velocity","Standard Grey",29,264.7000000000,7676.3000000000,0.30
"2020-09-01 00:00:00","AQ Digit","Premium Misty Green",34,243.0414000000,8263.4076000000,0.30
"2020-09-01 00:00:00","AQ Digit","Premium Black",26,249.1303000000,6477.3878000000,0.30
"2020-09-01 00:00:00","AQ Digit","Plus Red",15,237.0183000000,3555.2745000000,0.30
"2020-09-01 00:00:00","AQ Digit","Plus Blue",40,240.1403000000,9605.6120000000,0.30
"2020-09-01 00:00:00","AQ Digit","Plus Grey",27,232.1038000000,6266.8026000000,0.30
"2020-09-01 00:00:00","AQ Digit","Standard Red",11,236.8486000000,2605.3346000000,0.30
"2020-09-01 00:00:00","AQ Digit","Standard Blue",9,215.9341000000,1943.4069000000,0.30
"2020-09-01 00:00:00","AQ Digit","Standard Grey",11,200.2732000000,2203.0052000000,0.30
"2020-09-01 00:00:00","AQ Aspiron","Premium Black",20,195.7721000000,3915.4420000000,0.30
"2020-09-01 00:00:00","AQ Aspiron","Plus Red",9,187.7533000000,1689.7797000000,0.30
"2020-09-01 00:00:00","AQ Aspiron","Plus Blue",22,182.8932000000,4023.6504000000,0.30
"2020-09-01 00:00:00","AQ Electron 3 3600 Desktop Processor",Plus,168,185.4599000000,31157.2632000000,0.30
"2020-09-01 00:00:00","AQ Electron 3 3600 Desktop Processor",Standard,82,186.2917000000,15275.9194000000,0.30
"2020-09-01 00:00:00","AQ Electron 4 3600 Desktop Processor",Premium,84,176.4389000000,14820.8676000000,0.30
"2020-09-01 00:00:00","AQ Electron 4 3600 Desktop Processor",Plus,81,169.4999000000,13729.4919000000,0.30
"2020-09-01 00:00:00","AQ Electron 4 3600 Desktop Processor",Standard,87,160.5082000000,13964.2134000000,0.30
"2020-09-01 00:00:00","AQ Electron 5 3600 Desktop Processor",Premium,186,160.6912000000,29888.5632000000,0.30
"2020-09-01 00:00:00","AQ Electron 5 3600 Desktop Processor",Plus,112,150.2450000000,16827.4400000000,0.30
"2020-09-01 00:00:00","AQ Electron 5 3600 Desktop Processor",Standard,152,149.1034000000,22663.7168000000,0.30
"2020-09-01 00:00:00","AQ 5000 Series Ultron 8 5900X Desktop Processor",Premium,153,142.9402000000,21869.8506000000,0.30
"2020-09-01 00:00:00","AQ 5000 Series Ultron 8 5900X Desktop Processor",Plus,168,145.1474000000,24384.7632000000,0.30
"2020-09-01 00:00:00","AQ 5000 Series Ultron 8 5900X Desktop Processor",Standard,114,135.6822000000,15467.7708000000,0.30
"2020-09-01 00:00:00","AQ 5000 Series Electron 8 5900X Desktop Processor",Premium,158,139.8962000000,22103.5996000000,0.30
"2020-09-01 00:00:00","AQ 5000 Series Electron 8 5900X Desktop Processor",Plus,33,129.5836000000,4276.2588000000,0.30
"2020-09-01 00:00:00","AQ 5000 Series Electron 8 5900X Desktop Processor",Standard,106,124.2640000000,13171.9840000000,0.30
"2020-09-01 00:00:00","AQ 5000 Series Electron 9 5900X Desktop Processor",Premium,159,123.9315000000,19705.1085000000,0.30
"2020-09-01 00:00:00","AQ 5000 Series Electron 9 5900X Desktop Processor",Plus,51,123.4797000000,6297.4647000000,0.30
"2020-09-01 00:00:00","AQ 5000 Series Electron 9 5900X Desktop Processor",Standard,91,111.1036000000,10110.4276000000,0.30
"2020-09-01 00:00:00","AQ Lumina Ms","Standard 1",314,21.7118000000,6817.5052000000,0.30
"2020-09-01 00:00:00","AQ Trigger Ms","Premium 2",404,20.0537000000,8101.6948000000,0.30
"2020-09-01 00:00:00","AQ Trigger Ms","Premium 1",1021,19.4042000000,19811.6882000000,0.30
"2020-09-01 00:00:00","AQ Trigger Ms","Plus 2",472,19.5860000000,9244.5920000000,0.30
"2020-09-01 00:00:00","AQ Trigger Ms","Plus 1",331,16.9353000000,5605.5843000000,0.30
"2020-09-01 00:00:00","AQ Trigger Ms","Standard 2",171,17.2368000000,2947.4928000000,0.30
"2020-09-01 00:00:00","AQ Trigger Ms","Standard 1",822,17.0917000000,14049.3774000000,0.30
"2020-09-01 00:00:00","AQ Qwerty Ms","Premium 2",688,16.7850000000,11548.0800000000,0.30
"2020-09-01 00:00:00","AQ Qwerty Ms","Premium 1",200,16.5882000000,3317.6400000000,0.30
"2020-09-01 00:00:00","AQ Qwerty Ms","Plus 2",433,16.5491000000,7165.7603000000,0.30
"2020-09-01 00:00:00","AQ Qwerty Ms","Plus 1",915,15.9792000000,14620.9680000000,0.30
"2020-09-01 00:00:00","AQ Qwerty Ms","Standard 2",664,15.8102000000,10497.9728000000,0.30
"2020-09-01 00:00:00","AQ Qwerty Ms","Standard 1",570,14.9013000000,8493.7410000000,0.30
"2020-09-01 00:00:00","AQ Maxima Ms","Premium 2",973,14.5677000000,14174.3721000000,0.30
"2020-09-01 00:00:00","AQ Maxima Ms","Premium 1",497,15.1762000000,7542.5714000000,0.30
"2020-09-01 00:00:00","AQ Maxima Ms","Plus 2",709,14.2800000000,10124.5200000000,0.30
"2020-09-01 00:00:00","AQ Maxima Ms","Plus 1",872,14.1682000000,12354.6704000000,0.30
"2020-09-01 00:00:00","AQ Maxima Ms","Standard 2",903,14.5267000000,13117.6101000000,0.30
"2020-09-01 00:00:00","AQ Maxima Ms","Standard 1",1036,12.0689000000,12503.3804000000,0.30
"2020-09-01 00:00:00","AQ Lite Ms","Premium 2",302,12.2979000000,3713.9658000000,0.30
"2020-09-01 00:00:00","AQ Lite Ms","Premium 1",495,12.7423000000,6307.4385000000,0.30
"2020-09-01 00:00:00","AQ Lite Ms","Plus 2",144,11.6332000000,1675.1808000000,0.30
"2020-09-01 00:00:00","AQ Lite Ms","Plus 1",310,10.8925000000,3376.6750000000,0.30
"2020-09-01 00:00:00","AQ Lite Ms","Standard 2",218,11.2819000000,2459.4542000000,0.30
"2020-09-01 00:00:00","AQ Lite Ms","Standard 1",181,11.4829000000,2078.4049000000,0.30
"2020-09-01 00:00:00","AQ Gamers Ms","Premium 2",200,10.8659000000,2173.1800000000,0.30
"2020-09-01 00:00:00","AQ Gamers Ms","Premium 1",516,10.4370000000,5385.4920000000,0.30
"2020-09-01 00:00:00","AQ Gamers Ms","Plus 2",466,10.4573000000,4873.1018000000,0.30
"2020-09-01 00:00:00","AQ Gamers Ms","Plus 1",888,9.3977000000,8345.1576000000,0.30
"2020-09-01 00:00:00","AQ Gamers Ms","Standard 2",537,8.9901000000,4827.6837000000,0.30
"2020-09-01 00:00:00","AQ Gamers Ms","Standard 1",765,8.8044000000,6735.3660000000,0.30
"2020-09-01 00:00:00","AQ Master wireless x1 Ms","Premium 2",578,8.3193000000,4808.5554000000,0.30
"2020-09-01 00:00:00","AQ Master wireless x1 Ms","Premium 1",969,7.9813000000,7733.8797000000,0.30
"2020-09-01 00:00:00","AQ Master wireless x1 Ms","Plus 2",749,7.3526000000,5507.0974000000,0.30
"2020-09-01 00:00:00","AQ Master wireless x1 Ms","Plus 1",686,6.7301000000,4616.8486000000,0.30
"2020-09-01 00:00:00","AQ Master wireless x1 Ms","Standard 2",218,6.4054000000,1396.3772000000,0.30
"2020-09-01 00:00:00","AQ Master wireless x1 Ms","Standard 1",129,5.4383000000,701.5407000000,0.30
"2020-09-01 00:00:00","AQ Master wired x1 Ms","Premium 2",944,5.2542000000,4959.9648000000,0.30
"2020-09-01 00:00:00","AQ Master wired x1 Ms","Premium 1",844,4.6904000000,3958.6976000000,0.30
"2020-09-01 00:00:00","AQ Master wired x1 Ms","Plus 2",433,5.0459000000,2184.8747000000,0.30
"2020-09-01 00:00:00","AQ Master wired x1 Ms","Plus 1",383,4.5295000000,1734.7985000000,0.30
"2020-09-01 00:00:00","AQ Master wired x1 Ms","Standard 2",177,3.9998000000,707.9646000000,0.30
"2020-09-01 00:00:00","AQ Master wired x1 Ms","Standard 1",537,2.9434000000,1580.6058000000,0.30
"2020-09-01 00:00:00","AQ MB Lito 2","Plus 2",17,45.4377000000,772.4409000000,0.30
"2020-09-01 00:00:00","AQ MB Lito 2","Plus 1",115,39.3932000000,4530.2180000000,0.30
"2020-09-01 00:00:00","AQ MB Lito 2",Standard,143,41.3696000000,5915.8528000000,0.30
"2020-09-01 00:00:00","AQ MB Lito",Premium,81,38.9780000000,3157.2180000000,0.30
"2020-09-01 00:00:00","AQ MB Lito","Plus 2",54,35.8350000000,1935.0900000000,0.30
"2020-09-01 00:00:00","AQ MB Lito","Plus 1",144,35.0256000000,5043.6864000000,0.30
"2020-09-01 00:00:00","AQ MB Lito",Standard,103,33.7609000000,3477.3727000000,0.30
"2020-09-01 00:00:00","AQ MB Crossx 2",Premium,84,32.2612000000,2709.9408000000,0.30
"2020-09-01 00:00:00","AQ MB Crossx 2","Plus 2",48,32.1924000000,1545.2352000000,0.30
"2020-09-01 00:00:00","AQ MB Crossx 2","Plus 1",38,31.9525000000,1214.1950000000,0.30
"2020-09-01 00:00:00","AQ MB Crossx 2",Standard,20,28.8615000000,577.2300000000,0.30
"2020-09-01 00:00:00","AQ MB Crossx",Premium,32,28.3991000000,908.7712000000,0.30
"2020-09-01 00:00:00","AQ MB Crossx","Plus 2",110,27.3445000000,3007.8950000000,0.30
"2020-09-01 00:00:00","AQ MB Crossx","Plus 1",102,22.8957000000,2335.3614000000,0.30
"2020-09-01 00:00:00","AQ MB Crossx",Standard,37,21.8879000000,809.8523000000,0.30
"2020-09-01 00:00:00","AQ MB Elite",Premium,67,21.4489000000,1437.0763000000,0.30
"2020-09-01 00:00:00","AQ MB Elite","Plus 2",43,21.2017000000,911.6731000000,0.30
"2020-09-01 00:00:00","AQ MB Elite","Plus 1",141,20.4629000000,2885.2689000000,0.30
"2020-09-01 00:00:00","AQ MB Elite",Standard,117,19.6485000000,2298.8745000000,0.30
"2020-09-01 00:00:00","AQ Trigger","Premium 1",796,34.5114000000,27471.0744000000,0.30
"2020-09-01 00:00:00","AQ Trigger","Plus 2",137,33.6246000000,4606.5702000000,0.30
"2020-09-01 00:00:00","AQ Trigger","Plus 1",444,31.7665000000,14104.3260000000,0.30
"2020-09-01 00:00:00","AQ Trigger","Standard 2",389,30.3414000000,11802.8046000000,0.30
"2020-09-01 00:00:00","AQ Trigger","Standard 1",92,29.3872000000,2703.6224000000,0.30
"2020-09-01 00:00:00","AQ Qwerty","Premium 2",368,29.6709000000,10918.8912000000,0.30
"2020-09-01 00:00:00","AQ Qwerty","Premium 1",417,29.8692000000,12455.4564000000,0.30
"2020-09-01 00:00:00","AQ Qwerty","Plus 2",114,27.4152000000,3125.3328000000,0.30
"2020-09-01 00:00:00","AQ Qwerty","Plus 1",579,26.9507000000,15604.4553000000,0.30
"2020-09-01 00:00:00","AQ Qwerty","Standard 2",206,23.9726000000,4938.3556000000,0.30
"2020-09-01 00:00:00","AQ Qwerty","Standard 1",375,24.5690000000,9213.3750000000,0.30
"2020-09-01 00:00:00","AQ Maxima","Premium 2",530,23.7678000000,12596.9340000000,0.30
"2020-09-01 00:00:00","AQ Maxima","Premium 1",576,23.0844000000,13296.6144000000,0.30
"2020-09-01 00:00:00","AQ Maxima","Plus 2",723,22.1341000000,16002.9543000000,0.30
"2020-09-01 00:00:00","AQ Maxima","Plus 1",637,20.8733000000,13296.2921000000,0.30
"2020-09-01 00:00:00","AQ Maxima","Standard 2",172,21.6988000000,3732.1936000000,0.30
"2020-09-01 00:00:00","AQ Maxima","Standard 1",195,20.3908000000,3976.2060000000,0.30
"2020-09-01 00:00:00","AQ Lite","Premium 2",451,20.0066000000,9022.9766000000,0.30
"2020-09-01 00:00:00","AQ Lite","Premium 1",224,18.9415000000,4242.8960000000,0.30
"2020-09-01 00:00:00","AQ Lite","Plus 2",861,18.4219000000,15861.2559000000,0.30
"2020-09-01 00:00:00","AQ Lite","Plus 1",781,18.5844000000,14514.4164000000,0.30
"2020-09-01 00:00:00","AQ Lite","Standard 2",275,18.7947000000,5168.5425000000,0.30
"2020-09-01 00:00:00","AQ Lite","Standard 1",197,18.4943000000,3643.3771000000,0.30
"2020-09-01 00:00:00","AQ Gamers","Premium 2",194,19.3003000000,3744.2582000000,0.30
"2020-09-01 00:00:00","AQ Gamers","Premium 1",609,16.3218000000,9939.9762000000,0.30
"2020-09-01 00:00:00","AQ Gamers","Plus 2",831,16.3792000000,13611.1152000000,0.30
"2020-09-01 00:00:00","AQ Gamers","Plus 1",387,16.2407000000,6285.1509000000,0.30
"2020-09-01 00:00:00","AQ Gamers","Standard 2",396,15.3071000000,6061.6116000000,0.30
"2020-09-01 00:00:00","AQ Gamers","Standard 1",560,13.5061000000,7563.4160000000,0.30
"2020-09-01 00:00:00","AQ Master wireless x1","Premium 2",266,13.0018000000,3458.4788000000,0.30
"2020-09-01 00:00:00","AQ Master wireless x1","Premium 1",260,12.0509000000,3133.2340000000,0.30
"2020-09-01 00:00:00","AQ Master wireless x1","Plus 2",202,11.6011000000,2343.4222000000,0.30
"2020-09-01 00:00:00","AQ Master wireless x1","Plus 1",635,12.3739000000,7857.4265000000,0.30
"2020-09-01 00:00:00","AQ Master wireless x1","Standard 2",876,11.0524000000,9681.9024000000,0.30
"2020-09-01 00:00:00","AQ Master wireless x1","Standard 1",649,10.7955000000,7006.2795000000,0.30
"2020-09-01 00:00:00","AQ Master wired x1","Premium 2",602,10.4188000000,6272.1176000000,0.30
"2020-09-01 00:00:00","AQ Master wired x1","Premium 1",364,9.4650000000,3445.2600000000,0.30
"2020-09-01 00:00:00","AQ Master wired x1","Plus 2",239,8.9514000000,2139.3846000000,0.30
"2020-09-01 00:00:00","AQ Master wired x1","Plus 1",290,7.7693000000,2253.0970000000,0.30
"2020-09-01 00:00:00","AQ Master wired x1","Standard 2",296,7.5979000000,2248.9784000000,0.30
"2020-09-01 00:00:00","AQ Master wired x1","Standard 1",373,6.8991000000,2573.3643000000,0.30
"2020-09-01 00:00:00","AQ Zion Saga",Premium,137,28.0059000000,3836.8083000000,0.30
"2020-09-01 00:00:00","AQ Zion Saga",Plus,236,27.1027000000,6396.2372000000,0.30
"2020-09-01 00:00:00","AQ Zion Saga",Standard,146,23.7223000000,3463.4558000000,0.30
"2020-09-01 00:00:00","AQ WereWolf NAS Internal Hard Drive HDD â€“ 8.89 cm",Premium,123,23.6154000000,2904.6942000000,0.30
"2020-09-01 00:00:00","AQ WereWolf NAS Internal Hard Drive HDD â€“ 8.89 cm",Plus,107,24.7312000000,2646.2384000000,0.30
"2020-09-01 00:00:00","AQ WereWolf NAS Internal Hard Drive HDD â€“ 8.89 cm",Standard,149,23.6987000000,3531.1063000000,0.30
"2020-09-01 00:00:00","AQ Dracula HDD â€“ 3.5 Inch SATA 6 Gb/s 5400 RPM 256 MB Cache","Premium Plus",146,22.9729000000,3354.0434000000,0.30
"2020-09-01 00:00:00","AQ Dracula HDD â€“ 3.5 Inch SATA 6 Gb/s 5400 RPM 256 MB Cache",Premium,193,21.7795000000,4203.4435000000,0.30
"2020-09-01 00:00:00","AQ Dracula HDD â€“ 3.5 Inch SATA 6 Gb/s 5400 RPM 256 MB Cache",Plus,162,21.4565000000,3475.9530000000,0.30
"2020-09-01 00:00:00","AQ Dracula HDD â€“ 3.5 Inch SATA 6 Gb/s 5400 RPM 256 MB Cache",Standard,202,19.0573000000,3849.5746000000,0.30
"2020-09-01 00:00:00","AQ Marquee P4",Standard,56,45.0813000000,2524.5528000000,0.30
"2020-09-01 00:00:00","AQ Marquee P3",Premium,197,44.7044000000,8806.7668000000,0.30
"2020-09-01 00:00:00","AQ Marquee P3","Plus 2",172,42.3841000000,7290.0652000000,0.30
"2020-09-01 00:00:00","AQ Marquee P3","Plus 1",106,43.2966000000,4589.4396000000,0.30
"2020-09-01 00:00:00","AQ Marquee P3",Standard,120,40.5013000000,4860.1560000000,0.30
"2020-09-01 00:00:00","AQ GT 21",Premium,182,39.1215000000,7120.1130000000,0.30
"2020-09-01 00:00:00","AQ GT 21","Plus 2",57,39.2990000000,2240.0430000000,0.30
"2020-09-01 00:00:00","AQ GT 21","Plus 1",62,39.1465000000,2427.0830000000,0.30
"2020-09-01 00:00:00","AQ GT 21",Standard,22,39.3377000000,865.4294000000,0.30
"2020-09-01 00:00:00","AQ Mforce Gen Z","Premium 2",166,39.3990000000,6540.2340000000,0.30
"2020-09-01 00:00:00","AQ Mforce Gen Z","Premium 1",177,36.2434000000,6415.0818000000,0.30
"2020-09-01 00:00:00","AQ Mforce Gen Z","Plus 3",182,37.5278000000,6830.0596000000,0.30
"2020-09-01 00:00:00","AQ Mforce Gen Z","Plus 2",173,36.5679000000,6326.2467000000,0.30
"2020-09-01 00:00:00","AQ Mforce Gen Z","Plus 1",122,37.5826000000,4585.0772000000,0.30
"2020-09-01 00:00:00","AQ Mforce Gen Z","Standard 3",167,34.2412000000,5718.2804000000,0.30
"2020-09-01 00:00:00","AQ Mforce Gen Z","Standard 2",191,34.0973000000,6512.5843000000,0.30
"2020-09-01 00:00:00","AQ Mforce Gen Z","Standard 1",51,30.4696000000,1553.9496000000,0.30
"2020-09-01 00:00:00","AQ Mforce Gen Y","Premium 2",118,30.5816000000,3608.6288000000,0.30
"2020-09-01 00:00:00","AQ Mforce Gen Y","Premium 1",171,32.4427000000,5547.7017000000,0.30
"2020-09-01 00:00:00","AQ Mforce Gen Y","Plus 3",28,31.2439000000,874.8292000000,0.30
"2020-09-01 00:00:00","AQ Mforce Gen Y","Plus 2",29,29.7008000000,861.3232000000,0.30
"2020-09-01 00:00:00","AQ Mforce Gen Y","Plus 1",149,26.1081000000,3890.1069000000,0.30
"2020-09-01 00:00:00","AQ Mforce Gen Y","Standard 3",38,26.5871000000,1010.3098000000,0.30
"2020-09-01 00:00:00","AQ Mforce Gen Y","Standard 2",72,24.9298000000,1794.9456000000,0.30
"2020-09-01 00:00:00","AQ Mforce Gen Y","Standard 1",138,22.3984000000,3090.9792000000,0.30
"2020-09-01 00:00:00","AQ Mforce Gen X","Plus 3",48,19.9365000000,956.9520000000,0.30
"2020-09-01 00:00:00","AQ Mforce Gen X","Plus 2",86,20.0766000000,1726.5876000000,0.30
"2020-09-01 00:00:00","AQ Mforce Gen X","Plus 1",82,19.9239000000,1633.7598000000,0.30
"2020-09-01 00:00:00","AQ Mforce Gen X","Standard 3",23,19.5235000000,449.0405000000,0.30
"2020-09-01 00:00:00","AQ Mx NB",Premium,36,31.7029000000,1141.3044000000,0.30
"2020-09-01 00:00:00","AQ Mx NB","Plus 3",75,28.5800000000,2143.5000000000,0.30
"2020-09-01 00:00:00","AQ Mx NB","Plus 2",52,29.9423000000,1556.9996000000,0.30
"2020-09-01 00:00:00","AQ Mx NB","Plus 1 ",23,28.4500000000,654.3500000000,0.30
"2020-09-01 00:00:00","AQ Mx NB",Standard,31,26.9302000000,834.8362000000,0.30
"2020-09-01 00:00:00","AQ LION x3",Premium,66,27.4546000000,1812.0036000000,0.30
"2020-09-01 00:00:00","AQ LION x3","Plus 3",75,25.0442000000,1878.3150000000,0.30
"2020-09-01 00:00:00","AQ LION x3","Plus 2",79,25.4670000000,2011.8930000000,0.30
"2020-09-01 00:00:00","AQ LION x3","Plus 1 ",33,23.1520000000,764.0160000000,0.30
"2020-09-01 00:00:00","AQ LION x3",Standard,69,22.1454000000,1528.0326000000,0.30
"2020-09-01 00:00:00","AQ LION x2",Premium,55,21.6066000000,1188.3630000000,0.30
"2020-09-01 00:00:00","AQ LION x2","Plus 3",28,21.1942000000,593.4376000000,0.30
"2020-09-01 00:00:00","AQ LION x2","Plus 2",88,18.4533000000,1623.8904000000,0.30
"2020-09-01 00:00:00","AQ LION x2","Plus 1 ",87,17.5197000000,1524.2139000000,0.30
"2020-09-01 00:00:00","AQ LION x2",Standard,78,17.2648000000,1346.6544000000,0.30
"2020-09-01 00:00:00","AQ LION x1",Premium,51,18.0312000000,919.5912000000,0.30
"2020-09-01 00:00:00","AQ LION x1","Plus 2",28,17.5697000000,491.9516000000,0.30
"2020-09-01 00:00:00","AQ LION x1","Plus 1 ",25,16.1015000000,402.5375000000,0.30
"2020-09-01 00:00:00","AQ LION x1",Standard,34,16.5127000000,561.4318000000,0.30
"2021-08-01 00:00:00","AQ Gamer 2","Standard Firey Red",4,585.0003000000,2340.0012000000,0.30
"2021-08-01 00:00:00","AQ Gamer 1","Plus Cool Blue",10,551.3303000000,5513.3030000000,0.30
"2021-06-01 00:00:00","AQ Gamer 2","Standard Firey Red",10,585.0003000000,5850.0030000000,0.30
"2021-06-01 00:00:00","AQ Gamer 1","Plus Cool Blue",8,551.3303000000,4410.6424000000,0.30
"2021-05-01 00:00:00","AQ Gamer 2","Standard Firey Red",16,585.0003000000,9360.0048000000,0.30
"2021-05-01 00:00:00","AQ Gamer 1","Plus Cool Blue",12,551.3303000000,6615.9636000000,0.30
"2021-04-01 00:00:00","AQ Gamer 2","Standard Firey Red",16,585.0003000000,9360.0048000000,0.30
"2021-04-01 00:00:00","AQ Gamer 1","Plus Cool Blue",16,551.3303000000,8821.2848000000,0.30
"2021-02-01 00:00:00","AQ Gamer 2","Standard Firey Red",3,585.0003000000,1755.0009000000,0.30
"2021-02-01 00:00:00","AQ Gamer 1","Plus Cool Blue",9,551.3303000000,4961.9727000000,0.30
"2021-01-01 00:00:00","AQ Gamer 2","Standard Firey Red",4,585.0003000000,2340.0012000000,0.30
"2021-01-01 00:00:00","AQ Gamer 1","Plus Cool Blue",11,551.3303000000,6064.6333000000,0.30
"2020-12-01 00:00:00","AQ Gamer 2","Standard Firey Red",22,585.0003000000,12870.0066000000,0.30
"2020-12-01 00:00:00","AQ Gamer 1","Plus Cool Blue",13,551.3303000000,7167.2939000000,0.30
"2020-10-01 00:00:00","AQ Gamer 2","Standard Firey Red",9,585.0003000000,5265.0027000000,0.30
"2020-10-01 00:00:00","AQ Gamer 1","Plus Cool Blue",7,551.3303000000,3859.3121000000,0.30
"2020-09-01 00:00:00","AQ Gamer 2","Standard Firey Red",11,585.0003000000,6435.0033000000,0.30
"2020-09-01 00:00:00","AQ Gamer 1","Plus Cool Blue",8,551.3303000000,4410.6424000000,0.30
"2021-08-01 00:00:00","AQ Smash 1","Standard Black",11,631.1855000000,6943.0405000000,0.30
"2021-08-01 00:00:00","AQ Gamer 1","Plus Firey Red",12,586.3824000000,7036.5888000000,0.30
"2021-06-01 00:00:00","AQ Smash 1","Standard Black",17,631.1855000000,10730.1535000000,0.30
"2021-06-01 00:00:00","AQ Gamer 1","Plus Firey Red",7,586.3824000000,4104.6768000000,0.30
"2021-05-01 00:00:00","AQ Smash 1","Standard Black",14,631.1855000000,8836.5970000000,0.30
"2021-05-01 00:00:00","AQ Gamer 1","Plus Firey Red",17,586.3824000000,9968.5008000000,0.30
"2021-04-01 00:00:00","AQ Smash 1","Standard Black",7,631.1855000000,4418.2985000000,0.30
"2021-04-01 00:00:00","AQ Gamer 1","Plus Firey Red",12,586.3824000000,7036.5888000000,0.30
"2021-02-01 00:00:00","AQ Smash 1","Standard Black",16,631.1855000000,10098.9680000000,0.30
"2021-02-01 00:00:00","AQ Gamer 1","Plus Firey Red",8,586.3824000000,4691.0592000000,0.30
"2021-01-01 00:00:00","AQ Smash 1","Standard Black",16,631.1855000000,10098.9680000000,0.30
"2021-01-01 00:00:00","AQ Gamer 1","Plus Firey Red",12,586.3824000000,7036.5888000000,0.30
"2020-12-01 00:00:00","AQ Smash 1","Standard Black",9,631.1855000000,5680.6695000000,0.30
"2020-12-01 00:00:00","AQ Gamer 1","Plus Firey Red",16,586.3824000000,9382.1184000000,0.30
"2020-10-01 00:00:00","AQ Smash 1","Standard Black",5,631.1855000000,3155.9275000000,0.30
"2020-10-01 00:00:00","AQ Gamer 1","Plus Firey Red",21,586.3824000000,12314.0304000000,0.30
"2020-09-01 00:00:00","AQ Smash 1","Standard Black",13,631.1855000000,8205.4115000000,0.30
"2020-09-01 00:00:00","AQ Gamer 1","Plus Firey Red",9,586.3824000000,5277.4416000000,0.30
"2021-08-01 00:00:00","AQ Smash 1","Plus Cool Blue",17,601.8173000000,10230.8941000000,0.30
"2021-08-01 00:00:00","AQ Wi Power Dx1",Standard,251,29.6712000000,7447.4712000000,0.30
"2021-06-01 00:00:00","AQ Smash 1","Plus Cool Blue",14,601.8173000000,8425.4422000000,0.30
"2021-06-01 00:00:00","AQ Wi Power Dx1",Standard,533,29.6712000000,15814.7496000000,0.30
"2021-05-01 00:00:00","AQ Smash 1","Plus Cool Blue",12,601.8173000000,7221.8076000000,0.30
"2021-05-01 00:00:00","AQ Wi Power Dx1",Standard,269,29.6712000000,7981.5528000000,0.30
"2021-04-01 00:00:00","AQ Smash 1","Plus Cool Blue",15,601.8173000000,9027.2595000000,0.30
"2021-04-01 00:00:00","AQ Wi Power Dx1",Standard,150,29.6712000000,4450.6800000000,0.30
"2021-02-01 00:00:00","AQ Smash 1","Plus Cool Blue",9,601.8173000000,5416.3557000000,0.30
"2021-02-01 00:00:00","AQ Wi Power Dx1",Standard,338,29.6712000000,10028.8656000000,0.30
"2021-01-01 00:00:00","AQ Smash 1","Plus Cool Blue",14,601.8173000000,8425.4422000000,0.30
"2021-01-01 00:00:00","AQ Wi Power Dx1",Standard,122,29.6712000000,3619.8864000000,0.30
"2020-12-01 00:00:00","AQ Smash 1","Plus Cool Blue",25,601.8173000000,15045.4325000000,0.30
"2020-12-01 00:00:00","AQ Wi Power Dx1",Standard,1218,29.6712000000,36139.5216000000,0.30
"2020-10-01 00:00:00","AQ Smash 1","Plus Cool Blue",22,601.8173000000,13239.9806000000,0.30
"2020-10-01 00:00:00","AQ Wi Power Dx1",Standard,507,29.6712000000,15043.2984000000,0.30
"2020-09-01 00:00:00","AQ Smash 1","Plus Cool Blue",12,601.8173000000,7221.8076000000,0.30
"2020-09-01 00:00:00","AQ Wi Power Dx1",Standard,528,29.6712000000,15666.3936000000,0.30
"2021-08-01 00:00:00","AQ Home Allin1","Premium 1",3,785.9918000000,2357.9754000000,0.30
"2021-08-01 00:00:00","AQ Neuer SSD",Standard,743,17.3590000000,12897.7370000000,0.30
"2021-06-01 00:00:00","AQ Home Allin1","Premium 1",2,785.9918000000,1571.9836000000,0.30
"2021-06-01 00:00:00","AQ Neuer SSD",Standard,666,17.3590000000,11561.0940000000,0.30
"2021-05-01 00:00:00","AQ Home Allin1","Premium 1",2,785.9918000000,1571.9836000000,0.30
"2021-05-01 00:00:00","AQ Neuer SSD",Standard,389,17.3590000000,6752.6510000000,0.30
"2021-04-01 00:00:00","AQ Home Allin1","Premium 1",3,785.9918000000,2357.9754000000,0.30
"2021-04-01 00:00:00","AQ Neuer SSD",Standard,557,17.3590000000,9668.9630000000,0.30
"2021-02-01 00:00:00","AQ Home Allin1","Premium 1",5,785.9918000000,3929.9590000000,0.30
"2021-02-01 00:00:00","AQ Neuer SSD",Standard,370,17.3590000000,6422.8300000000,0.30
"2021-01-01 00:00:00","AQ Home Allin1","Premium 1",2,785.9918000000,1571.9836000000,0.30
"2021-01-01 00:00:00","AQ Neuer SSD",Standard,944,17.3590000000,16386.8960000000,0.30
"2020-12-01 00:00:00","AQ Home Allin1","Premium 1",4,785.9918000000,3143.9672000000,0.30
"2020-12-01 00:00:00","AQ Neuer SSD",Standard,782,17.3590000000,13574.7380000000,0.30
"2020-10-01 00:00:00","AQ Home Allin1","Premium 1",3,785.9918000000,2357.9754000000,0.30
"2020-10-01 00:00:00","AQ Neuer SSD",Standard,979,17.3590000000,16994.4610000000,0.30
"2020-09-01 00:00:00","AQ Home Allin1","Premium 1",4,785.9918000000,3143.9672000000,0.30
"2020-09-01 00:00:00","AQ Neuer SSD",Standard,316,17.3590000000,5485.4440000000,0.30
"2021-08-01 00:00:00","AQ Smash 1","Standard Firey Red",11,642.0698000000,7062.7678000000,0.30
"2021-08-01 00:00:00","AQ Wi Power Dx3",Plus,193,43.9446000000,8481.3078000000,0.30
"2021-06-01 00:00:00","AQ Smash 1","Standard Firey Red",11,642.0698000000,7062.7678000000,0.30
"2021-06-01 00:00:00","AQ Wi Power Dx3",Plus,624,43.9446000000,27421.4304000000,0.30
"2021-05-01 00:00:00","AQ Smash 1","Standard Firey Red",4,642.0698000000,2568.2792000000,0.30
"2021-05-01 00:00:00","AQ Wi Power Dx3",Plus,681,43.9446000000,29926.2726000000,0.30
"2021-04-01 00:00:00","AQ Smash 1","Standard Firey Red",5,642.0698000000,3210.3490000000,0.30
"2021-04-01 00:00:00","AQ Wi Power Dx3",Plus,140,43.9446000000,6152.2440000000,0.30
"2021-02-01 00:00:00","AQ Smash 1","Standard Firey Red",16,642.0698000000,10273.1168000000,0.30
"2021-02-01 00:00:00","AQ Wi Power Dx3",Plus,717,43.9446000000,31508.2782000000,0.30
"2021-01-01 00:00:00","AQ Smash 1","Standard Firey Red",4,642.0698000000,2568.2792000000,0.30
"2021-01-01 00:00:00","AQ Wi Power Dx3",Plus,602,43.9446000000,26454.6492000000,0.30
"2020-12-01 00:00:00","AQ Smash 1","Standard Firey Red",11,642.0698000000,7062.7678000000,0.30
"2020-12-01 00:00:00","AQ Wi Power Dx3",Plus,487,43.9446000000,21401.0202000000,0.30
"2020-10-01 00:00:00","AQ Smash 1","Standard Firey Red",13,642.0698000000,8346.9074000000,0.30
"2020-10-01 00:00:00","AQ Wi Power Dx3",Plus,243,43.9446000000,10678.5378000000,0.30
"2020-09-01 00:00:00","AQ Smash 1","Standard Firey Red",8,642.0698000000,5136.5584000000,0.30
"2020-09-01 00:00:00","AQ Wi Power Dx3",Plus,507,43.9446000000,22279.9122000000,0.30
"2021-08-01 00:00:00","AQ Neuer SSD",Premium,449,19.3433000000,8685.1417000000,0.30
"2021-06-01 00:00:00","AQ Neuer SSD",Premium,826,19.3433000000,15977.5658000000,0.30
"2021-05-01 00:00:00","AQ Neuer SSD",Premium,137,19.3433000000,2650.0321000000,0.30
"2021-04-01 00:00:00","AQ Neuer SSD",Premium,934,19.3433000000,18066.6422000000,0.30
"2021-02-01 00:00:00","AQ Neuer SSD",Premium,765,19.3433000000,14797.6245000000,0.30
"2021-01-01 00:00:00","AQ Neuer SSD",Premium,784,19.3433000000,15165.1472000000,0.30
"2020-12-01 00:00:00","AQ Neuer SSD",Premium,438,19.3433000000,8472.3654000000,0.30
"2020-10-01 00:00:00","AQ Neuer SSD",Premium,462,19.3433000000,8936.6046000000,0.30
"2020-09-01 00:00:00","AQ Neuer SSD",Premium,911,19.3433000000,17621.7463000000,0.30
"2021-08-01 00:00:00","AQ Clx3",Standard,339,22.8530000000,7747.1670000000,0.30
"2021-06-01 00:00:00","AQ Clx3",Standard,763,22.8530000000,17436.8390000000,0.30
"2021-05-01 00:00:00","AQ Clx3",Standard,593,22.8530000000,13551.8290000000,0.30
"2021-04-01 00:00:00","AQ Clx3",Standard,399,22.8530000000,9118.3470000000,0.30
"2021-02-01 00:00:00","AQ Clx3",Standard,905,22.8530000000,20681.9650000000,0.30
"2021-01-01 00:00:00","AQ Clx3",Standard,310,22.8530000000,7084.4300000000,0.30
"2020-12-01 00:00:00","AQ Clx3",Standard,1127,22.8530000000,25755.3310000000,0.30
"2020-10-01 00:00:00","AQ Clx3",Standard,387,22.8530000000,8844.1110000000,0.30
"2020-09-01 00:00:00","AQ Clx3",Standard,732,22.8530000000,16728.3960000000,0.30
"2021-08-01 00:00:00","AQ BZ Gen Y","Standard Blue",17,474.3132000000,8063.3244000000,0.30
"2021-06-01 00:00:00","AQ BZ Gen Y","Standard Blue",10,474.3132000000,4743.1320000000,0.30
"2021-05-01 00:00:00","AQ BZ Gen Y","Standard Blue",14,474.3132000000,6640.3848000000,0.30
"2021-04-01 00:00:00","AQ BZ Gen Y","Standard Blue",28,474.3132000000,13280.7696000000,0.30
"2021-02-01 00:00:00","AQ BZ Gen Y","Standard Blue",16,474.3132000000,7589.0112000000,0.30
"2021-01-01 00:00:00","AQ BZ Gen Y","Standard Blue",20,474.3132000000,9486.2640000000,0.30
"2020-12-01 00:00:00","AQ BZ Gen Y","Standard Blue",19,474.3132000000,9011.9508000000,0.30
"2020-10-01 00:00:00","AQ BZ Gen Y","Standard Blue",22,474.3132000000,10434.8904000000,0.30
"2020-09-01 00:00:00","AQ BZ Gen Y","Standard Blue",24,474.3132000000,11383.5168000000,0.30
"2021-08-01 00:00:00","AQ BZ 101","Standard Blue",21,451.4881000000,9481.2501000000,0.30
"2021-06-01 00:00:00","AQ BZ 101","Standard Blue",8,451.4881000000,3611.9048000000,0.30
"2021-05-01 00:00:00","AQ BZ 101","Standard Blue",12,451.4881000000,5417.8572000000,0.30
"2021-04-01 00:00:00","AQ BZ 101","Standard Blue",19,451.4881000000,8578.2739000000,0.30
"2021-02-01 00:00:00","AQ BZ 101","Standard Blue",11,451.4881000000,4966.3691000000,0.30
"2021-01-01 00:00:00","AQ BZ 101","Standard Blue",23,451.4881000000,10384.2263000000,0.30
"2020-12-01 00:00:00","AQ BZ 101","Standard Blue",39,451.4881000000,17608.0359000000,0.30
"2020-10-01 00:00:00","AQ BZ 101","Standard Blue",29,451.4881000000,13093.1549000000,0.30
"2020-09-01 00:00:00","AQ BZ 101","Standard Blue",10,451.4881000000,4514.8810000000,0.30
"2021-08-01 00:00:00","AQ HOME Allin1 Gen 2","Standard 3",3,769.5635000000,2308.6905000000,0.30
"2021-06-01 00:00:00","AQ HOME Allin1 Gen 2","Standard 3",3,769.5635000000,2308.6905000000,0.30
"2021-05-01 00:00:00","AQ HOME Allin1 Gen 2","Standard 3",3,769.5635000000,2308.6905000000,0.30
"2021-04-01 00:00:00","AQ HOME Allin1 Gen 2","Standard 3",1,769.5635000000,769.5635000000,0.30
"2021-02-01 00:00:00","AQ HOME Allin1 Gen 2","Standard 3",5,769.5635000000,3847.8175000000,0.30
"2021-01-01 00:00:00","AQ HOME Allin1 Gen 2","Standard 3",4,769.5635000000,3078.2540000000,0.30
"2020-12-01 00:00:00","AQ HOME Allin1 Gen 2","Standard 3",10,769.5635000000,7695.6350000000,0.30
"2020-10-01 00:00:00","AQ HOME Allin1 Gen 2","Standard 3",3,769.5635000000,2308.6905000000,0.30
"2020-09-01 00:00:00","AQ HOME Allin1 Gen 2","Standard 3",4,769.5635000000,3078.2540000000,0.30
"2021-08-01 00:00:00","AQ GEN Z","Standard Blue",26,371.4027000000,9656.4702000000,0.30
"2021-08-01 00:00:00","AQ BZ Gen Y","Premium Black",17,516.4580000000,8779.7860000000,0.30
"2021-08-01 00:00:00","AQ Clx1",Standard,572,17.8043000000,10184.0596000000,0.30
"2021-06-01 00:00:00","AQ GEN Z","Standard Blue",20,371.4027000000,7428.0540000000,0.30
"2021-06-01 00:00:00","AQ BZ Gen Y","Premium Black",5,516.4580000000,2582.2900000000,0.30
"2021-06-01 00:00:00","AQ Clx1",Standard,865,17.8043000000,15400.7195000000,0.30
"2021-05-01 00:00:00","AQ GEN Z","Standard Blue",20,371.4027000000,7428.0540000000,0.30
"2021-05-01 00:00:00","AQ BZ Gen Y","Premium Black",20,516.4580000000,10329.1600000000,0.30
"2021-05-01 00:00:00","AQ Clx1",Standard,483,17.8043000000,8599.4769000000,0.30
"2021-04-01 00:00:00","AQ GEN Z","Standard Blue",34,371.4027000000,12627.6918000000,0.30
"2021-04-01 00:00:00","AQ BZ Gen Y","Premium Black",12,516.4580000000,6197.4960000000,0.30
"2021-04-01 00:00:00","AQ Clx1",Standard,639,17.8043000000,11376.9477000000,0.30
"2021-02-01 00:00:00","AQ GEN Z","Standard Blue",22,371.4027000000,8170.8594000000,0.30
"2021-02-01 00:00:00","AQ BZ Gen Y","Premium Black",20,516.4580000000,10329.1600000000,0.30
"2021-02-01 00:00:00","AQ Clx1",Standard,341,17.8043000000,6071.2663000000,0.30
"2021-01-01 00:00:00","AQ GEN Z","Standard Blue",31,371.4027000000,11513.4837000000,0.30
"2021-01-01 00:00:00","AQ BZ Gen Y","Premium Black",21,516.4580000000,10845.6180000000,0.30
"2021-01-01 00:00:00","AQ Clx1",Standard,1034,17.8043000000,18409.6462000000,0.30
"2020-12-01 00:00:00","AQ GEN Z","Standard Blue",41,371.4027000000,15227.5107000000,0.30
"2020-12-01 00:00:00","AQ BZ Gen Y","Premium Black",16,516.4580000000,8263.3280000000,0.30
"2020-12-01 00:00:00","AQ Clx1",Standard,1348,17.8043000000,24000.1964000000,0.30
"2020-10-01 00:00:00","AQ GEN Z","Standard Blue",18,371.4027000000,6685.2486000000,0.30
"2020-10-01 00:00:00","AQ BZ Gen Y","Premium Black",27,516.4580000000,13944.3660000000,0.30
"2020-10-01 00:00:00","AQ Clx1",Standard,360,17.8043000000,6409.5480000000,0.30
"2020-09-01 00:00:00","AQ GEN Z","Standard Blue",17,371.4027000000,6313.8459000000,0.30
"2020-09-01 00:00:00","AQ BZ Gen Y","Premium Black",27,516.4580000000,13944.3660000000,0.30
"2020-09-01 00:00:00","AQ Clx1",Standard,799,17.8043000000,14225.6357000000,0.30
"2021-08-01 00:00:00","AQ Smash 1","Standard Cool Blue",6,593.8297000000,3562.9782000000,0.30
"2021-08-01 00:00:00","AQ Gamer 2","Plus Firey Red",14,602.9200000000,8440.8800000000,0.30
"2021-06-01 00:00:00","AQ Smash 1","Standard Cool Blue",8,593.8297000000,4750.6376000000,0.30
"2021-06-01 00:00:00","AQ Gamer 2","Plus Firey Red",15,602.9200000000,9043.8000000000,0.30
"2021-05-01 00:00:00","AQ Smash 1","Standard Cool Blue",4,593.8297000000,2375.3188000000,0.30
"2021-05-01 00:00:00","AQ Gamer 2","Plus Firey Red",4,602.9200000000,2411.6800000000,0.30
"2021-04-01 00:00:00","AQ Smash 1","Standard Cool Blue",11,593.8297000000,6532.1267000000,0.30
"2021-04-01 00:00:00","AQ Gamer 2","Plus Firey Red",12,602.9200000000,7235.0400000000,0.30
"2021-02-01 00:00:00","AQ Smash 1","Standard Cool Blue",15,593.8297000000,8907.4455000000,0.30
"2021-02-01 00:00:00","AQ Gamer 2","Plus Firey Red",7,602.9200000000,4220.4400000000,0.30
"2021-01-01 00:00:00","AQ Smash 1","Standard Cool Blue",14,593.8297000000,8313.6158000000,0.30
"2021-01-01 00:00:00","AQ Gamer 2","Plus Firey Red",5,602.9200000000,3014.6000000000,0.30
"2020-12-01 00:00:00","AQ Smash 1","Standard Cool Blue",17,593.8297000000,10095.1049000000,0.30
"2020-12-01 00:00:00","AQ Gamer 2","Plus Firey Red",9,602.9200000000,5426.2800000000,0.30
"2020-10-01 00:00:00","AQ Smash 1","Standard Cool Blue",16,593.8297000000,9501.2752000000,0.30
"2020-10-01 00:00:00","AQ Gamer 2","Plus Firey Red",8,602.9200000000,4823.3600000000,0.30
"2020-09-01 00:00:00","AQ Smash 1","Standard Cool Blue",8,593.8297000000,4750.6376000000,0.30
"2020-09-01 00:00:00","AQ Gamer 2","Plus Firey Red",5,602.9200000000,3014.6000000000,0.30
"2021-08-01 00:00:00","AQ Gen Y","Premium Black",32,347.8030000000,11129.6960000000,0.30
"2021-08-01 00:00:00","AQ Gamer 3","Premium Black",10,609.7926000000,6097.9260000000,0.30
"2021-06-01 00:00:00","AQ Gen Y","Premium Black",13,347.8030000000,4521.4390000000,0.30
"2021-06-01 00:00:00","AQ Gamer 3","Premium Black",7,609.7926000000,4268.5482000000,0.30
"2021-05-01 00:00:00","AQ Gen Y","Premium Black",32,347.8030000000,11129.6960000000,0.30
"2021-05-01 00:00:00","AQ Gamer 3","Premium Black",11,609.7926000000,6707.7186000000,0.30
"2021-04-01 00:00:00","AQ Gen Y","Premium Black",30,347.8030000000,10434.0900000000,0.30
"2021-04-01 00:00:00","AQ Gamer 3","Premium Black",12,609.7926000000,7317.5112000000,0.30
"2021-02-01 00:00:00","AQ Gen Y","Premium Black",23,347.8030000000,7999.4690000000,0.30
"2021-02-01 00:00:00","AQ Gamer 3","Premium Black",14,609.7926000000,8537.0964000000,0.30
"2021-01-01 00:00:00","AQ Gen Y","Premium Black",8,347.8030000000,2782.4240000000,0.30
"2021-01-01 00:00:00","AQ Gamer 3","Premium Black",17,609.7926000000,10366.4742000000,0.30
"2020-12-01 00:00:00","AQ Gen Y","Premium Black",58,347.8030000000,20172.5740000000,0.30
"2020-12-01 00:00:00","AQ Gamer 3","Premium Black",18,609.7926000000,10976.2668000000,0.30
"2020-10-01 00:00:00","AQ Gen Y","Premium Black",31,347.8030000000,10781.8930000000,0.30
"2020-10-01 00:00:00","AQ Gamer 3","Premium Black",17,609.7926000000,10366.4742000000,0.30
"2020-09-01 00:00:00","AQ Gen Y","Premium Black",20,347.8030000000,6956.0600000000,0.30
"2020-09-01 00:00:00","AQ Gamer 3","Premium Black",5,609.7926000000,3048.9630000000,0.30
"2021-08-01 00:00:00","AQ Gen Y","Premium Misty Green",18,363.0630000000,6535.1340000000,0.30
"2021-06-01 00:00:00","AQ Gen Y","Premium Misty Green",19,363.0630000000,6898.1970000000,0.30
"2021-05-01 00:00:00","AQ Gen Y","Premium Misty Green",31,363.0630000000,11254.9530000000,0.30
"2021-04-01 00:00:00","AQ Gen Y","Premium Misty Green",32,363.0630000000,11618.0160000000,0.30
"2021-02-01 00:00:00","AQ Gen Y","Premium Misty Green",27,363.0630000000,9802.7010000000,0.30
"2021-01-01 00:00:00","AQ Gen Y","Premium Misty Green",22,363.0630000000,7987.3860000000,0.30
"2020-12-01 00:00:00","AQ Gen Y","Premium Misty Green",40,363.0630000000,14522.5200000000,0.30
"2020-10-01 00:00:00","AQ Gen Y","Premium Misty Green",11,363.0630000000,3993.6930000000,0.30
"2020-09-01 00:00:00","AQ Gen Y","Premium Misty Green",27,363.0630000000,9802.7010000000,0.30
"2021-08-01 00:00:00","AQ Smash 2","Plus Cool Blue",3,674.4272000000,2023.2816000000,0.30
"2021-06-01 00:00:00","AQ Smash 2","Plus Cool Blue",7,674.4272000000,4720.9904000000,0.30
"2021-05-01 00:00:00","AQ Smash 2","Plus Cool Blue",17,674.4272000000,11465.2624000000,0.30
"2021-04-01 00:00:00","AQ Smash 2","Plus Cool Blue",4,674.4272000000,2697.7088000000,0.30
"2021-02-01 00:00:00","AQ Smash 2","Plus Cool Blue",5,674.4272000000,3372.1360000000,0.30
"2021-01-01 00:00:00","AQ Smash 2","Plus Cool Blue",9,674.4272000000,6069.8448000000,0.30
"2020-12-01 00:00:00","AQ Smash 2","Plus Cool Blue",30,674.4272000000,20232.8160000000,0.30
"2020-10-01 00:00:00","AQ Smash 2","Plus Cool Blue",18,674.4272000000,12139.6896000000,0.30
"2020-09-01 00:00:00","AQ Smash 2","Plus Cool Blue",6,674.4272000000,4046.5632000000,0.30
"2021-08-01 00:00:00","AQ Gamer 2","Standard Black",12,595.5711000000,7146.8532000000,0.30
"2021-06-01 00:00:00","AQ Gamer 2","Standard Black",16,595.5711000000,9529.1376000000,0.30
"2021-05-01 00:00:00","AQ Gamer 2","Standard Black",11,595.5711000000,6551.2821000000,0.30
"2021-04-01 00:00:00","AQ Gamer 2","Standard Black",6,595.5711000000,3573.4266000000,0.30
"2021-02-01 00:00:00","AQ Gamer 2","Standard Black",8,595.5711000000,4764.5688000000,0.30
"2021-01-01 00:00:00","AQ Gamer 2","Standard Black",7,595.5711000000,4168.9977000000,0.30
"2020-12-01 00:00:00","AQ Gamer 2","Standard Black",27,595.5711000000,16080.4197000000,0.30
"2020-10-01 00:00:00","AQ Gamer 2","Standard Black",6,595.5711000000,3573.4266000000,0.30
"2020-09-01 00:00:00","AQ Gamer 2","Standard Black",14,595.5711000000,8337.9954000000,0.30
"2021-08-01 00:00:00","AQ BZ Gen Y","Plus Blue",23,483.3813000000,11117.7699000000,0.30
"2021-06-01 00:00:00","AQ BZ Gen Y","Plus Blue",28,483.3813000000,13534.6764000000,0.30
"2021-05-01 00:00:00","AQ BZ Gen Y","Plus Blue",28,483.3813000000,13534.6764000000,0.30
"2021-04-01 00:00:00","AQ BZ Gen Y","Plus Blue",28,483.3813000000,13534.6764000000,0.30
"2021-02-01 00:00:00","AQ BZ Gen Y","Plus Blue",17,483.3813000000,8217.4821000000,0.30
"2021-01-01 00:00:00","AQ BZ Gen Y","Plus Blue",16,483.3813000000,7734.1008000000,0.30
"2020-12-01 00:00:00","AQ BZ Gen Y","Plus Blue",45,483.3813000000,21752.1585000000,0.30
"2020-10-01 00:00:00","AQ BZ Gen Y","Plus Blue",36,483.3813000000,17401.7268000000,0.30
"2020-09-01 00:00:00","AQ BZ Gen Y","Plus Blue",7,483.3813000000,3383.6691000000,0.30
"2021-08-01 00:00:00","AQ Home Allin1","Plus 2",6,766.6472000000,4599.8832000000,0.30
"2021-06-01 00:00:00","AQ Home Allin1","Plus 2",1,766.6472000000,766.6472000000,0.30
"2021-05-01 00:00:00","AQ Home Allin1","Plus 2",3,766.6472000000,2299.9416000000,0.30
"2021-04-01 00:00:00","AQ Home Allin1","Plus 2",3,766.6472000000,2299.9416000000,0.30
"2021-02-01 00:00:00","AQ Home Allin1","Plus 2",3,766.6472000000,2299.9416000000,0.30
"2021-01-01 00:00:00","AQ Home Allin1","Plus 2",4,766.6472000000,3066.5888000000,0.30
"2020-12-01 00:00:00","AQ Home Allin1","Plus 2",8,766.6472000000,6133.1776000000,0.30
"2020-10-01 00:00:00","AQ Home Allin1","Plus 2",6,766.6472000000,4599.8832000000,0.30
"2020-09-01 00:00:00","AQ Home Allin1","Plus 2",2,766.6472000000,1533.2944000000,0.30
"2021-08-01 00:00:00","AQ BZ Allin1","Standard 3",15,735.1465000000,11027.1975000000,0.30
"2021-06-01 00:00:00","AQ BZ Allin1","Standard 3",21,735.1465000000,15438.0765000000,0.30
"2021-05-01 00:00:00","AQ BZ Allin1","Standard 3",10,735.1465000000,7351.4650000000,0.30
"2021-04-01 00:00:00","AQ BZ Allin1","Standard 3",19,735.1465000000,13967.7835000000,0.30
"2021-02-01 00:00:00","AQ BZ Allin1","Standard 3",14,735.1465000000,10292.0510000000,0.30
"2021-01-01 00:00:00","AQ BZ Allin1","Standard 3",6,735.1465000000,4410.8790000000,0.30
"2020-12-01 00:00:00","AQ BZ Allin1","Standard 3",35,735.1465000000,25730.1275000000,0.30
"2020-10-01 00:00:00","AQ BZ Allin1","Standard 3",17,735.1465000000,12497.4905000000,0.30
"2020-09-01 00:00:00","AQ BZ Allin1","Standard 3",10,735.1465000000,7351.4650000000,0.30
"2021-08-01 00:00:00","AQ Home Allin1","Premium 2",1,796.6606000000,796.6606000000,0.30
"2021-06-01 00:00:00","AQ Home Allin1","Premium 2",2,796.6606000000,1593.3212000000,0.30
"2021-05-01 00:00:00","AQ Home Allin1","Premium 2",2,796.6606000000,1593.3212000000,0.30
"2021-04-01 00:00:00","AQ Home Allin1","Premium 2",3,796.6606000000,2389.9818000000,0.30
"2021-02-01 00:00:00","AQ Home Allin1","Premium 2",2,796.6606000000,1593.3212000000,0.30
"2021-01-01 00:00:00","AQ Home Allin1","Premium 2",5,796.6606000000,3983.3030000000,0.30
"2020-12-01 00:00:00","AQ Home Allin1","Premium 2",10,796.6606000000,7966.6060000000,0.30
"2020-10-01 00:00:00","AQ Home Allin1","Premium 2",2,796.6606000000,1593.3212000000,0.30
"2020-09-01 00:00:00","AQ Home Allin1","Premium 2",5,796.6606000000,3983.3030000000,0.30
"2021-08-01 00:00:00","AQ HOME Allin1 Gen 2","Standard 2",6,790.1040000000,4740.6240000000,0.30
"2021-08-01 00:00:00","AQ Wi Power Dx3",Standard,459,40.7954000000,18725.0886000000,0.30
"2021-06-01 00:00:00","AQ HOME Allin1 Gen 2","Standard 2",5,790.1040000000,3950.5200000000,0.30
"2021-06-01 00:00:00","AQ Wi Power Dx3",Standard,174,40.7954000000,7098.3996000000,0.30
"2021-05-01 00:00:00","AQ HOME Allin1 Gen 2","Standard 2",3,790.1040000000,2370.3120000000,0.30
"2021-05-01 00:00:00","AQ Wi Power Dx3",Standard,304,40.7954000000,12401.8016000000,0.30
"2021-04-01 00:00:00","AQ HOME Allin1 Gen 2","Standard 2",3,790.1040000000,2370.3120000000,0.30
"2021-04-01 00:00:00","AQ Wi Power Dx3",Standard,490,40.7954000000,19989.7460000000,0.30
"2021-02-01 00:00:00","AQ HOME Allin1 Gen 2","Standard 2",3,790.1040000000,2370.3120000000,0.30
"2021-02-01 00:00:00","AQ Wi Power Dx3",Standard,615,40.7954000000,25089.1710000000,0.30
"2021-01-01 00:00:00","AQ HOME Allin1 Gen 2","Standard 2",4,790.1040000000,3160.4160000000,0.30
"2021-01-01 00:00:00","AQ Wi Power Dx3",Standard,132,40.7954000000,5384.9928000000,0.30
"2020-12-01 00:00:00","AQ HOME Allin1 Gen 2","Standard 2",9,790.1040000000,7110.9360000000,0.30
"2020-12-01 00:00:00","AQ Wi Power Dx3",Standard,135,40.7954000000,5507.3790000000,0.30
"2020-10-01 00:00:00","AQ HOME Allin1 Gen 2","Standard 2",7,790.1040000000,5530.7280000000,0.30
"2020-10-01 00:00:00","AQ Wi Power Dx3",Standard,479,40.7954000000,19540.9966000000,0.30
"2020-09-01 00:00:00","AQ HOME Allin1 Gen 2","Standard 2",3,790.1040000000,2370.3120000000,0.30
"2020-09-01 00:00:00","AQ Wi Power Dx3",Standard,272,40.7954000000,11096.3488000000,0.30
"2021-08-01 00:00:00","AQ Wi Power Dx1",Plus,454,29.9264000000,13586.5856000000,0.30
"2021-08-01 00:00:00","AQ Clx2",Standard,778,20.2889000000,15784.7642000000,0.30
"2021-08-01 00:00:00","AQ Digit SSD",Premium,487,16.3003000000,7938.2461000000,0.30
"2021-06-01 00:00:00","AQ Wi Power Dx1",Plus,348,29.9264000000,10414.3872000000,0.30
"2021-06-01 00:00:00","AQ Clx2",Standard,957,20.2889000000,19416.4773000000,0.30
"2021-06-01 00:00:00","AQ Digit SSD",Premium,168,16.3003000000,2738.4504000000,0.30
"2021-05-01 00:00:00","AQ Wi Power Dx1",Plus,701,29.9264000000,20978.4064000000,0.30
"2021-05-01 00:00:00","AQ Clx2",Standard,453,20.2889000000,9190.8717000000,0.30
"2021-05-01 00:00:00","AQ Digit SSD",Premium,489,16.3003000000,7970.8467000000,0.30
"2021-04-01 00:00:00","AQ Wi Power Dx1",Plus,325,29.9264000000,9726.0800000000,0.30
"2021-04-01 00:00:00","AQ Clx2",Standard,976,20.2889000000,19801.9664000000,0.30
"2021-04-01 00:00:00","AQ Digit SSD",Premium,279,16.3003000000,4547.7837000000,0.30
"2021-02-01 00:00:00","AQ Wi Power Dx1",Plus,683,29.9264000000,20439.7312000000,0.30
"2021-02-01 00:00:00","AQ Clx2",Standard,483,20.2889000000,9799.5387000000,0.30
"2021-02-01 00:00:00","AQ Digit SSD",Premium,468,16.3003000000,7628.5404000000,0.30
"2021-01-01 00:00:00","AQ Wi Power Dx1",Plus,229,29.9264000000,6853.1456000000,0.30
"2021-01-01 00:00:00","AQ Clx2",Standard,204,20.2889000000,4138.9356000000,0.30
"2021-01-01 00:00:00","AQ Digit SSD",Premium,414,16.3003000000,6748.3242000000,0.30
"2020-12-01 00:00:00","AQ Wi Power Dx1",Plus,697,29.9264000000,20858.7008000000,0.30
"2020-12-01 00:00:00","AQ Clx2",Standard,539,20.2889000000,10935.7171000000,0.30
"2020-12-01 00:00:00","AQ Digit SSD",Premium,1393,16.3003000000,22706.3179000000,0.30
"2020-10-01 00:00:00","AQ Wi Power Dx1",Plus,305,29.9264000000,9127.5520000000,0.30
"2020-10-01 00:00:00","AQ Clx2",Standard,292,20.2889000000,5924.3588000000,0.30
"2020-10-01 00:00:00","AQ Digit SSD",Premium,938,16.3003000000,15289.6814000000,0.30
"2020-09-01 00:00:00","AQ Wi Power Dx1",Plus,619,29.9264000000,18524.4416000000,0.30
"2020-09-01 00:00:00","AQ Clx2",Standard,705,20.2889000000,14303.6745000000,0.30
"2020-09-01 00:00:00","AQ Digit SSD",Premium,310,16.3003000000,5053.0930000000,0.30
"2021-08-01 00:00:00","AQ Gamer 3","Standard Firey Red",5,589.7411000000,2948.7055000000,0.30
"2021-08-01 00:00:00","AQ Clx2",Plus,110,20.1650000000,2218.1500000000,0.30
"2021-06-01 00:00:00","AQ Gamer 3","Standard Firey Red",15,589.7411000000,8846.1165000000,0.30
"2021-06-01 00:00:00","AQ Clx2",Plus,352,20.1650000000,7098.0800000000,0.30
"2021-05-01 00:00:00","AQ Gamer 3","Standard Firey Red",6,589.7411000000,3538.4466000000,0.30
"2021-05-01 00:00:00","AQ Clx2",Plus,171,20.1650000000,3448.2150000000,0.30
"2021-04-01 00:00:00","AQ Gamer 3","Standard Firey Red",17,589.7411000000,10025.5987000000,0.30
"2021-04-01 00:00:00","AQ Clx2",Plus,609,20.1650000000,12280.4850000000,0.30
"2021-02-01 00:00:00","AQ Gamer 3","Standard Firey Red",5,589.7411000000,2948.7055000000,0.30
"2021-02-01 00:00:00","AQ Clx2",Plus,595,20.1650000000,11998.1750000000,0.30
"2021-01-01 00:00:00","AQ Gamer 3","Standard Firey Red",12,589.7411000000,7076.8932000000,0.30
"2021-01-01 00:00:00","AQ Clx2",Plus,133,20.1650000000,2681.9450000000,0.30
"2020-12-01 00:00:00","AQ Gamer 3","Standard Firey Red",8,589.7411000000,4717.9288000000,0.30
"2020-12-01 00:00:00","AQ Clx2",Plus,195,20.1650000000,3932.1750000000,0.30
"2020-10-01 00:00:00","AQ Gamer 3","Standard Firey Red",6,589.7411000000,3538.4466000000,0.30
"2020-10-01 00:00:00","AQ Clx2",Plus,1030,20.1650000000,20769.9500000000,0.30
"2020-09-01 00:00:00","AQ Gamer 3","Standard Firey Red",3,589.7411000000,1769.2233000000,0.30
"2020-09-01 00:00:00","AQ Clx2",Plus,582,20.1650000000,11736.0300000000,0.30
"2021-08-01 00:00:00","AQ Gamer 3","Plus Firey Red",6,597.7704000000,3586.6224000000,0.30
"2021-06-01 00:00:00","AQ Gamer 3","Plus Firey Red",15,597.7704000000,8966.5560000000,0.30
"2021-05-01 00:00:00","AQ Gamer 3","Plus Firey Red",16,597.7704000000,9564.3264000000,0.30
"2021-04-01 00:00:00","AQ Gamer 3","Plus Firey Red",3,597.7704000000,1793.3112000000,0.30
"2021-02-01 00:00:00","AQ Gamer 3","Plus Firey Red",8,597.7704000000,4782.1632000000,0.30
"2021-01-01 00:00:00","AQ Gamer 3","Plus Firey Red",16,597.7704000000,9564.3264000000,0.30
"2020-12-01 00:00:00","AQ Gamer 3","Plus Firey Red",25,597.7704000000,14944.2600000000,0.30
"2020-10-01 00:00:00","AQ Gamer 3","Plus Firey Red",19,597.7704000000,11357.6376000000,0.30
"2020-09-01 00:00:00","AQ Gamer 3","Plus Firey Red",6,597.7704000000,3586.6224000000,0.30
"2021-08-01 00:00:00","AQ Smash 2","Plus Firey Red",5,655.8348000000,3279.1740000000,0.30
"2021-06-01 00:00:00","AQ Smash 2","Plus Firey Red",5,655.8348000000,3279.1740000000,0.30
"2021-05-01 00:00:00","AQ Smash 2","Plus Firey Red",9,655.8348000000,5902.5132000000,0.30
"2021-04-01 00:00:00","AQ Smash 2","Plus Firey Red",10,655.8348000000,6558.3480000000,0.30
"2021-02-01 00:00:00","AQ Smash 2","Plus Firey Red",9,655.8348000000,5902.5132000000,0.30
"2021-01-01 00:00:00","AQ Smash 2","Plus Firey Red",12,655.8348000000,7870.0176000000,0.30
"2020-12-01 00:00:00","AQ Smash 2","Plus Firey Red",11,655.8348000000,7214.1828000000,0.30
"2020-10-01 00:00:00","AQ Smash 2","Plus Firey Red",15,655.8348000000,9837.5220000000,0.30
"2020-09-01 00:00:00","AQ Smash 2","Plus Firey Red",15,655.8348000000,9837.5220000000,0.30
"2021-08-01 00:00:00","AQ Wi Power Dx2",Premium,586,37.4784000000,21962.3424000000,0.30
"2021-06-01 00:00:00","AQ Wi Power Dx2",Premium,305,37.4784000000,11430.9120000000,0.30
"2021-05-01 00:00:00","AQ Wi Power Dx2",Premium,638,37.4784000000,23911.2192000000,0.30
"2021-04-01 00:00:00","AQ Wi Power Dx2",Premium,256,37.4784000000,9594.4704000000,0.30
"2021-02-01 00:00:00","AQ Wi Power Dx2",Premium,559,37.4784000000,20950.4256000000,0.30
"2021-01-01 00:00:00","AQ Wi Power Dx2",Premium,405,37.4784000000,15178.7520000000,0.30
"2020-12-01 00:00:00","AQ Wi Power Dx2",Premium,132,37.4784000000,4947.1488000000,0.30
"2020-10-01 00:00:00","AQ Wi Power Dx2",Premium,917,37.4784000000,34367.6928000000,0.30
"2020-09-01 00:00:00","AQ Wi Power Dx2",Premium,350,37.4784000000,13117.4400000000,0.30
"2021-08-01 00:00:00","AQ BZ Gen Y","Premium Misty Green",26,512.5811000000,13327.1086000000,0.30
"2021-06-01 00:00:00","AQ BZ Gen Y","Premium Misty Green",29,512.5811000000,14864.8519000000,0.30
"2021-05-01 00:00:00","AQ BZ Gen Y","Premium Misty Green",10,512.5811000000,5125.8110000000,0.30
"2021-04-01 00:00:00","AQ BZ Gen Y","Premium Misty Green",15,512.5811000000,7688.7165000000,0.30
"2021-02-01 00:00:00","AQ BZ Gen Y","Premium Misty Green",23,512.5811000000,11789.3653000000,0.30
"2021-01-01 00:00:00","AQ BZ Gen Y","Premium Misty Green",7,512.5811000000,3588.0677000000,0.30
"2020-12-01 00:00:00","AQ BZ Gen Y","Premium Misty Green",24,512.5811000000,12301.9464000000,0.30
"2020-10-01 00:00:00","AQ BZ Gen Y","Premium Misty Green",7,512.5811000000,3588.0677000000,0.30
"2020-09-01 00:00:00","AQ BZ Gen Y","Premium Misty Green",9,512.5811000000,4613.2299000000,0.30
"2021-08-01 00:00:00","AQ BZ Allin1","Plus 3",21,692.5242000000,14543.0082000000,0.30
"2021-08-01 00:00:00","AQ Pen Drive DRC",Premium,436,5.0984000000,2222.9024000000,0.30
"2021-06-01 00:00:00","AQ BZ Allin1","Plus 3",25,692.5242000000,17313.1050000000,0.30
"2021-06-01 00:00:00","AQ Pen Drive DRC",Premium,1186,5.0984000000,6046.7024000000,0.30
"2021-05-01 00:00:00","AQ BZ Allin1","Plus 3",8,692.5242000000,5540.1936000000,0.30
"2021-05-01 00:00:00","AQ Pen Drive DRC",Premium,556,5.0984000000,2834.7104000000,0.30
"2021-04-01 00:00:00","AQ BZ Allin1","Plus 3",16,692.5242000000,11080.3872000000,0.30
"2021-04-01 00:00:00","AQ Pen Drive DRC",Premium,1746,5.0984000000,8901.8064000000,0.30
"2021-02-01 00:00:00","AQ BZ Allin1","Plus 3",27,692.5242000000,18698.1534000000,0.30
"2021-02-01 00:00:00","AQ Pen Drive DRC",Premium,370,5.0984000000,1886.4080000000,0.30
"2021-01-01 00:00:00","AQ BZ Allin1","Plus 3",8,692.5242000000,5540.1936000000,0.30
"2021-01-01 00:00:00","AQ Pen Drive DRC",Premium,778,5.0984000000,3966.5552000000,0.30
"2020-12-01 00:00:00","AQ BZ Allin1","Plus 3",35,692.5242000000,24238.3470000000,0.30
"2020-12-01 00:00:00","AQ Pen Drive DRC",Premium,1394,5.0984000000,7107.1696000000,0.30
"2020-10-01 00:00:00","AQ BZ Allin1","Plus 3",25,692.5242000000,17313.1050000000,0.30
"2020-10-01 00:00:00","AQ Pen Drive DRC",Premium,1483,5.0984000000,7560.9272000000,0.30
"2020-09-01 00:00:00","AQ BZ Allin1","Plus 3",14,692.5242000000,9695.3388000000,0.30
"2020-09-01 00:00:00","AQ Pen Drive DRC",Premium,1556,5.0984000000,7933.1104000000,0.30
"2021-08-01 00:00:00","AQ Gamer 3","Plus Black",13,639.6816000000,8315.8608000000,0.30
"2021-08-01 00:00:00","AQ Gamer 1","Premium Black",9,571.6489000000,5144.8401000000,0.30
"2021-08-01 00:00:00","AQ Wi Power Dx2",Standard,531,32.9575000000,17500.4325000000,0.30
"2021-08-01 00:00:00","AQ Clx2",Premium,940,21.2830000000,20006.0200000000,0.30
"2021-06-01 00:00:00","AQ Gamer 3","Plus Black",5,639.6816000000,3198.4080000000,0.30
"2021-06-01 00:00:00","AQ Gamer 1","Premium Black",12,571.6489000000,6859.7868000000,0.30
"2021-06-01 00:00:00","AQ Wi Power Dx2",Standard,478,32.9575000000,15753.6850000000,0.30
"2021-06-01 00:00:00","AQ Clx2",Premium,410,21.2830000000,8726.0300000000,0.30
"2021-05-01 00:00:00","AQ Gamer 3","Plus Black",13,639.6816000000,8315.8608000000,0.30
"2021-05-01 00:00:00","AQ Gamer 1","Premium Black",13,571.6489000000,7431.4357000000,0.30
"2021-05-01 00:00:00","AQ Wi Power Dx2",Standard,199,32.9575000000,6558.5425000000,0.30
"2021-05-01 00:00:00","AQ Clx2",Premium,551,21.2830000000,11726.9330000000,0.30
"2021-04-01 00:00:00","AQ Gamer 3","Plus Black",5,639.6816000000,3198.4080000000,0.30
"2021-04-01 00:00:00","AQ Gamer 1","Premium Black",11,571.6489000000,6288.1379000000,0.30
"2021-04-01 00:00:00","AQ Wi Power Dx2",Standard,252,32.9575000000,8305.2900000000,0.30
"2021-04-01 00:00:00","AQ Clx2",Premium,376,21.2830000000,8002.4080000000,0.30
"2021-02-01 00:00:00","AQ Gamer 3","Plus Black",3,639.6816000000,1919.0448000000,0.30
"2021-02-01 00:00:00","AQ Gamer 1","Premium Black",13,571.6489000000,7431.4357000000,0.30
"2021-02-01 00:00:00","AQ Wi Power Dx2",Standard,353,32.9575000000,11633.9975000000,0.30
"2021-02-01 00:00:00","AQ Clx2",Premium,362,21.2830000000,7704.4460000000,0.30
"2021-01-01 00:00:00","AQ Gamer 3","Plus Black",10,639.6816000000,6396.8160000000,0.30
"2021-01-01 00:00:00","AQ Gamer 1","Premium Black",11,571.6489000000,6288.1379000000,0.30
"2021-01-01 00:00:00","AQ Wi Power Dx2",Standard,563,32.9575000000,18555.0725000000,0.30
"2021-01-01 00:00:00","AQ Clx2",Premium,505,21.2830000000,10747.9150000000,0.30
"2020-12-01 00:00:00","AQ Gamer 3","Plus Black",9,639.6816000000,5757.1344000000,0.30
"2020-12-01 00:00:00","AQ Gamer 1","Premium Black",31,571.6489000000,17721.1159000000,0.30
"2020-12-01 00:00:00","AQ Wi Power Dx2",Standard,531,32.9575000000,17500.4325000000,0.30
"2020-12-01 00:00:00","AQ Clx2",Premium,839,21.2830000000,17856.4370000000,0.30
"2020-10-01 00:00:00","AQ Gamer 3","Plus Black",15,639.6816000000,9595.2240000000,0.30
"2020-10-01 00:00:00","AQ Gamer 1","Premium Black",16,571.6489000000,9146.3824000000,0.30
"2020-10-01 00:00:00","AQ Wi Power Dx2",Standard,768,32.9575000000,25311.3600000000,0.30
"2020-10-01 00:00:00","AQ Clx2",Premium,581,21.2830000000,12365.4230000000,0.30
"2020-09-01 00:00:00","AQ Gamer 3","Plus Black",14,639.6816000000,8955.5424000000,0.30
"2020-09-01 00:00:00","AQ Gamer 1","Premium Black",8,571.6489000000,4573.1912000000,0.30
"2020-09-01 00:00:00","AQ Wi Power Dx2",Standard,616,32.9575000000,20301.8200000000,0.30
"2020-09-01 00:00:00","AQ Clx2",Premium,984,21.2830000000,20942.4720000000,0.30
"2021-08-01 00:00:00","AQ BZ 101","Premium Black",5,428.1451000000,2140.7255000000,0.30
"2021-06-01 00:00:00","AQ BZ 101","Premium Black",20,428.1451000000,8562.9020000000,0.30
"2021-05-01 00:00:00","AQ BZ 101","Premium Black",15,428.1451000000,6422.1765000000,0.30
"2021-04-01 00:00:00","AQ BZ 101","Premium Black",28,428.1451000000,11988.0628000000,0.30
"2021-02-01 00:00:00","AQ BZ 101","Premium Black",5,428.1451000000,2140.7255000000,0.30
"2021-01-01 00:00:00","AQ BZ 101","Premium Black",16,428.1451000000,6850.3216000000,0.30
"2020-12-01 00:00:00","AQ BZ 101","Premium Black",41,428.1451000000,17553.9491000000,0.30
"2020-10-01 00:00:00","AQ BZ 101","Premium Black",15,428.1451000000,6422.1765000000,0.30
"2020-09-01 00:00:00","AQ BZ 101","Premium Black",28,428.1451000000,11988.0628000000,0.30
"2021-08-01 00:00:00","AQ Neuer SSD",Plus,574,18.5733000000,10661.0742000000,0.30
"2021-06-01 00:00:00","AQ Neuer SSD",Plus,697,18.5733000000,12945.5901000000,0.30
"2021-05-01 00:00:00","AQ Neuer SSD",Plus,235,18.5733000000,4364.7255000000,0.30
"2021-04-01 00:00:00","AQ Neuer SSD",Plus,697,18.5733000000,12945.5901000000,0.30
"2021-02-01 00:00:00","AQ Neuer SSD",Plus,503,18.5733000000,9342.3699000000,0.30
"2021-01-01 00:00:00","AQ Neuer SSD",Plus,765,18.5733000000,14208.5745000000,0.30
"2020-12-01 00:00:00","AQ Neuer SSD",Plus,1715,18.5733000000,31853.2095000000,0.30
"2020-10-01 00:00:00","AQ Neuer SSD",Plus,1330,18.5733000000,24702.4890000000,0.30
"2020-09-01 00:00:00","AQ Neuer SSD",Plus,730,18.5733000000,13558.5090000000,0.30
"2021-08-01 00:00:00","AQ BZ Allin1","Premium 1",16,737.6775000000,11802.8400000000,0.30
"2021-08-01 00:00:00","AQ Pen Drive DRC",Standard,774,2.9990000000,2321.2260000000,0.30
"2021-06-01 00:00:00","AQ BZ Allin1","Premium 1",10,737.6775000000,7376.7750000000,0.30
"2021-06-01 00:00:00","AQ Pen Drive DRC",Standard,1232,2.9990000000,3694.7680000000,0.30
"2021-05-01 00:00:00","AQ BZ Allin1","Premium 1",17,737.6775000000,12540.5175000000,0.30
"2021-05-01 00:00:00","AQ Pen Drive DRC",Standard,563,2.9990000000,1688.4370000000,0.30
