date,fiscal_year,customer_code,product_code,sold_quantity,forecast_quantity,rn
"2017-09-01 00:00:00",2018,70002017,A0118150101,51,18,1
"2017-09-01 00:00:00",2018,70002017,A0118150102,77,62,2
"2017-09-01 00:00:00",2018,70002017,A0118150103,54,11,3
"2017-09-01 00:00:00",2018,70002017,A0118150104,42,25,4
"2017-09-01 00:00:00",2018,70002017,A0418150101,67,117,5
"2017-09-01 00:00:00",2018,70002017,A0418150102,17,102,6
"2017-09-01 00:00:00",2018,70002017,A0418150103,25,82,7
"2017-09-01 00:00:00",2018,70002017,A0418150104,17,96,8
"2017-09-01 00:00:00",2018,70002017,A0418150105,51,80,9
"2017-09-01 00:00:00",2018,70002017,A1018150101,54,25,10
"2017-09-01 00:00:00",2018,70002017,A1018150102,26,49,11
"2017-09-01 00:00:00",2018,70002017,A1018150103,15,47,12
"2017-09-01 00:00:00",2018,70002017,A1118150201,47,44,13
"2017-09-01 00:00:00",2018,70002017,A1118150202,8,19,14
"2017-09-01 00:00:00",2018,70002017,A1119150203,37,72,15
"2017-09-01 00:00:00",2018,70002017,A1219150301,56,60,16
"2017-09-01 00:00:00",2018,70002017,A1618150101,3,3,17
"2017-09-01 00:00:00",2018,70002017,A1618150102,2,1,18
"2017-09-01 00:00:00",2018,70002017,A1618150103,1,7,19
"2017-09-01 00:00:00",2018,70002017,A1618150104,1,4,20
"2017-09-01 00:00:00",2018,70002017,A1718150201,5,8,21
"2017-09-01 00:00:00",2018,70002017,A2118150101,281,161,22
"2017-09-01 00:00:00",2018,70002017,A2118150102,431,471,23
"2017-09-01 00:00:00",2018,70002017,A2118150103,197,758,24
"2017-09-01 00:00:00",2018,70002017,A2118150104,468,885,25
"2017-09-01 00:00:00",2018,70002017,A2118150105,546,788,26
"2017-09-01 00:00:00",2018,70002017,A2118150106,540,376,27
"2017-09-01 00:00:00",2018,70002017,A2218150201,409,646,28
"2017-09-01 00:00:00",2018,70002017,A2218150202,422,341,29
"2017-09-01 00:00:00",2018,70002017,A2219150203,372,1026,30
"2017-09-01 00:00:00",2018,70002017,A2918150101,149,607,31
"2017-09-01 00:00:00",2018,70002017,A2918150102,290,377,32
"2017-09-01 00:00:00",2018,70002017,A2918150103,137,234,33
"2017-09-01 00:00:00",2018,70002017,A2918150104,55,468,34
"2017-09-01 00:00:00",2018,70002017,A2918150105,226,574,35
"2017-09-01 00:00:00",2018,70002017,A2918150106,284,559,36
"2017-09-01 00:00:00",2018,70002017,A3018150201,424,198,37
"2017-09-01 00:00:00",2018,70002017,A3018150202,174,175,38
"2017-09-01 00:00:00",2018,70002017,A3018150203,112,242,39
"2017-09-01 00:00:00",2018,70002017,A3019150204,301,604,40
"2017-09-01 00:00:00",2018,70002017,A3019150205,408,236,41
"2017-09-01 00:00:00",2018,70002017,A3019150206,126,204,42
"2017-09-01 00:00:00",2018,70002017,A4118110101,9,8,43
"2017-09-01 00:00:00",2018,70002017,A4118110102,6,11,44
"2017-09-01 00:00:00",2018,70002017,A4118110103,11,4,45
"2017-09-01 00:00:00",2018,70002017,A4118110104,4,4,46
"2017-09-01 00:00:00",2018,70002017,A4118110105,4,5,47
"2017-09-01 00:00:00",2018,70002017,A4118110106,6,6,48
"2017-09-01 00:00:00",2018,70002017,A4118110107,10,8,49
"2017-09-01 00:00:00",2018,70002017,A4218110201,5,15,50
"2017-09-01 00:00:00",2018,70002017,A4218110202,5,6,51
"2017-09-01 00:00:00",2018,70002017,A4218110203,4,5,52
"2017-09-01 00:00:00",2018,70002017,A4218110204,5,15,53
"2017-09-01 00:00:00",2018,70002017,A4218110205,11,11,54
"2017-09-01 00:00:00",2018,70002017,A4918110101,5,9,55
"2017-09-01 00:00:00",2018,70002017,A4918110102,8,14,56
"2017-09-01 00:00:00",2018,70002017,A4918110103,9,8,57
"2017-09-01 00:00:00",2018,70002017,A4918110104,6,14,58
"2017-09-01 00:00:00",2018,70002017,A5018110201,4,8,59
"2017-09-01 00:00:00",2018,70002017,A5018110202,9,8,60
"2017-09-01 00:00:00",2018,70002017,A5018110203,5,13,61
"2017-09-01 00:00:00",2018,70002017,A5018110204,5,13,62
"2017-09-01 00:00:00",2018,70002017,A5318110101,NULL,1,63
"2017-09-01 00:00:00",2018,70002017,A5318110102,1,NULL,64
"2017-09-01 00:00:00",2018,70002017,A5318110103,NULL,1,65
"2017-09-01 00:00:00",2018,70002017,A5318110104,NULL,1,66
"2017-09-01 00:00:00",2018,70002017,A5318110105,1,1,67
"2017-09-01 00:00:00",2018,70002017,A5318110106,NULL,1,68
"2017-09-01 00:00:00",2018,70002017,A5318110108,1,NULL,69
"2017-09-01 00:00:00",2018,70002017,A5419110201,NULL,1,70
"2017-09-01 00:00:00",2018,70002017,A5419110203,NULL,1,71
"2017-09-01 00:00:00",2018,70002017,A5419110204,1,1,72
"2017-09-01 00:00:00",2018,70002017,A5419110205,NULL,1,73
"2017-09-01 00:00:00",2018,70002017,A6218160101,285,602,74
"2017-09-01 00:00:00",2018,70002017,A6218160102,296,200,75
"2017-09-01 00:00:00",2018,70002017,A7118160101,953,174,76
"2017-09-01 00:00:00",2018,70002018,A0118150101,77,11,77
"2017-09-01 00:00:00",2018,70002018,A0118150102,23,58,78
"2017-09-01 00:00:00",2018,70002018,A0118150103,13,22,79
"2017-09-01 00:00:00",2018,70002018,A0118150104,42,59,80
"2017-09-01 00:00:00",2018,70002018,A0418150101,20,97,81
"2017-09-01 00:00:00",2018,70002018,A0418150102,75,41,82
"2017-09-01 00:00:00",2018,70002018,A0418150103,88,36,83
"2017-09-01 00:00:00",2018,70002018,A0418150104,84,24,84
"2017-09-01 00:00:00",2018,70002018,A0418150105,72,81,85
"2017-09-01 00:00:00",2018,70002018,A1018150101,15,48,86
"2017-09-01 00:00:00",2018,70002018,A1018150102,23,24,87
"2017-09-01 00:00:00",2018,70002018,A1018150103,44,45,88
"2017-09-01 00:00:00",2018,70002018,A1118150201,55,31,89
"2017-09-01 00:00:00",2018,70002018,A1118150202,10,59,90
"2017-09-01 00:00:00",2018,70002018,A1119150203,59,33,91
"2017-09-01 00:00:00",2018,70002018,A1219150301,28,54,92
"2017-09-01 00:00:00",2018,70002018,A1618150101,4,10,93
"2017-09-01 00:00:00",2018,70002018,A1618150102,2,7,94
"2017-09-01 00:00:00",2018,70002018,A1618150103,4,6,95
"2017-09-01 00:00:00",2018,70002018,A1618150104,3,2,96
"2017-09-01 00:00:00",2018,70002018,A1718150201,1,4,97
"2017-09-01 00:00:00",2018,70002018,A2118150101,572,863,98
"2017-09-01 00:00:00",2018,70002018,A2118150102,233,404,99
"2017-09-01 00:00:00",2018,70002018,A2118150103,251,124,100
"2017-09-01 00:00:00",2018,70002018,A2118150104,130,356,101
"2017-09-01 00:00:00",2018,70002018,A2118150105,119,979,102
"2017-09-01 00:00:00",2018,70002018,A2118150106,94,334,103
"2017-09-01 00:00:00",2018,70002018,A2218150201,426,481,104
"2017-09-01 00:00:00",2018,70002018,A2218150202,522,356,105
"2017-09-01 00:00:00",2018,70002018,A2219150203,363,846,106
"2017-09-01 00:00:00",2018,70002018,A2918150101,58,219,107
"2017-09-01 00:00:00",2018,70002018,A2918150102,181,791,108
"2017-09-01 00:00:00",2018,70002018,A2918150103,439,200,109
"2017-09-01 00:00:00",2018,70002018,A2918150104,241,126,110
"2017-09-01 00:00:00",2018,70002018,A2918150105,258,610,111
"2017-09-01 00:00:00",2018,70002018,A2918150106,274,651,112
"2017-09-01 00:00:00",2018,70002018,A3018150201,238,589,113
"2017-09-01 00:00:00",2018,70002018,A3018150202,50,638,114
"2017-09-01 00:00:00",2018,70002018,A3018150203,231,304,115
"2017-09-01 00:00:00",2018,70002018,A3019150204,191,733,116
"2017-09-01 00:00:00",2018,70002018,A3019150205,45,701,117
"2017-09-01 00:00:00",2018,70002018,A3019150206,103,224,118
"2017-09-01 00:00:00",2018,70002018,A4118110101,4,4,119
"2017-09-01 00:00:00",2018,70002018,A4118110102,2,12,120
"2017-09-01 00:00:00",2018,70002018,A4118110103,3,10,121
"2017-09-01 00:00:00",2018,70002018,A4118110104,5,7,122
"2017-09-01 00:00:00",2018,70002018,A4118110105,4,3,123
"2017-09-01 00:00:00",2018,70002018,A4118110106,11,13,124
"2017-09-01 00:00:00",2018,70002018,A4118110107,10,3,125
"2017-09-01 00:00:00",2018,70002018,A4218110201,3,7,126
"2017-09-01 00:00:00",2018,70002018,A4218110202,9,7,127
"2017-09-01 00:00:00",2018,70002018,A4218110203,9,8,128
"2017-09-01 00:00:00",2018,70002018,A4218110204,6,8,129
"2017-09-01 00:00:00",2018,70002018,A4218110205,5,15,130
"2017-09-01 00:00:00",2018,70002018,A4918110101,9,14,131
"2017-09-01 00:00:00",2018,70002018,A4918110102,5,7,132
"2017-09-01 00:00:00",2018,70002018,A4918110103,2,9,133
"2017-09-01 00:00:00",2018,70002018,A4918110104,2,18,134
"2017-09-01 00:00:00",2018,70002018,A5018110201,3,7,135
"2017-09-01 00:00:00",2018,70002018,A5018110202,3,7,136
"2017-09-01 00:00:00",2018,70002018,A5018110203,7,14,137
"2017-09-01 00:00:00",2018,70002018,A5018110204,2,8,138
"2017-09-01 00:00:00",2018,70002018,A5318110101,1,1,139
"2017-09-01 00:00:00",2018,70002018,A5318110102,NULL,1,140
"2017-09-01 00:00:00",2018,70002018,A5318110103,NULL,1,141
"2017-09-01 00:00:00",2018,70002018,A5318110104,1,NULL,142
"2017-09-01 00:00:00",2018,70002018,A5318110106,1,1,143
"2017-09-01 00:00:00",2018,70002018,A5318110107,1,1,144
"2017-09-01 00:00:00",2018,70002018,A5318110108,1,1,145
"2017-09-01 00:00:00",2018,70002018,A5419110202,NULL,1,146
"2017-09-01 00:00:00",2018,70002018,A5419110203,NULL,1,147
"2017-09-01 00:00:00",2018,70002018,A5419110204,NULL,1,148
"2017-09-01 00:00:00",2018,70002018,A5419110205,1,1,149
"2017-09-01 00:00:00",2018,70002018,A6218160101,376,168,150
"2017-09-01 00:00:00",2018,70002018,A6218160102,446,85,151
"2017-09-01 00:00:00",2018,70002018,A7118160101,666,1313,152
"2017-09-01 00:00:00",2018,70003181,A0118150101,17,9,153
"2017-09-01 00:00:00",2018,70003181,A0118150102,15,10,154
"2017-09-01 00:00:00",2018,70003181,A0118150103,13,15,155
"2017-09-01 00:00:00",2018,70003181,A0118150104,11,2,156
"2017-09-01 00:00:00",2018,70003181,A0418150101,14,7,157
"2017-09-01 00:00:00",2018,70003181,A0418150102,26,14,158
"2017-09-01 00:00:00",2018,70003181,A0418150103,24,18,159
"2017-09-01 00:00:00",2018,70003181,A0418150104,18,15,160
"2017-09-01 00:00:00",2018,70003181,A0418150105,23,2,161
"2017-09-01 00:00:00",2018,70003181,A1018150101,17,11,162
"2017-09-01 00:00:00",2018,70003181,A1018150102,14,2,163
"2017-09-01 00:00:00",2018,70003181,A1018150103,15,8,164
"2017-09-01 00:00:00",2018,70003181,A1118150201,12,8,165
"2017-09-01 00:00:00",2018,70003181,A1118150202,9,8,166
"2017-09-01 00:00:00",2018,70003181,A1119150203,5,7,167
"2017-09-01 00:00:00",2018,70003181,A1219150301,18,2,168
"2017-09-01 00:00:00",2018,70003181,A1618150101,1,1,169
"2017-09-01 00:00:00",2018,70003181,A1618150102,1,1,170
"2017-09-01 00:00:00",2018,70003181,A1618150103,NULL,1,171
"2017-09-01 00:00:00",2018,70003181,A1618150104,NULL,2,172
"2017-09-01 00:00:00",2018,70003181,A1718150201,1,1,173
"2017-09-01 00:00:00",2018,70003181,A2118150101,141,98,174
"2017-09-01 00:00:00",2018,70003181,A2118150102,68,54,175
"2017-09-01 00:00:00",2018,70003181,A2118150103,67,59,176
"2017-09-01 00:00:00",2018,70003181,A2118150104,19,21,177
"2017-09-01 00:00:00",2018,70003181,A2118150105,74,20,178
"2017-09-01 00:00:00",2018,70003181,A2118150106,173,31,179
"2017-09-01 00:00:00",2018,70003181,A2218150201,86,47,180
"2017-09-01 00:00:00",2018,70003181,A2218150202,131,63,181
"2017-09-01 00:00:00",2018,70003181,A2219150203,64,99,182
"2017-09-01 00:00:00",2018,70003181,A2918150101,118,98,183
"2017-09-01 00:00:00",2018,70003181,A2918150102,84,85,184
"2017-09-01 00:00:00",2018,70003181,A2918150103,90,19,185
"2017-09-01 00:00:00",2018,70003181,A2918150104,33,101,186
"2017-09-01 00:00:00",2018,70003181,A2918150105,50,35,187
"2017-09-01 00:00:00",2018,70003181,A2918150106,87,14,188
"2017-09-01 00:00:00",2018,70003181,A3018150201,60,139,189
"2017-09-01 00:00:00",2018,70003181,A3018150202,53,76,190
"2017-09-01 00:00:00",2018,70003181,A3018150203,94,61,191
"2017-09-01 00:00:00",2018,70003181,A3019150204,59,68,192
"2017-09-01 00:00:00",2018,70003181,A3019150205,68,54,193
"2017-09-01 00:00:00",2018,70003181,A3019150206,24,87,194
"2017-09-01 00:00:00",2018,70003181,A4118110101,2,2,195
"2017-09-01 00:00:00",2018,70003181,A4118110102,1,2,196
"2017-09-01 00:00:00",2018,70003181,A4118110103,3,2,197
"2017-09-01 00:00:00",2018,70003181,A4118110104,1,3,198
"2017-09-01 00:00:00",2018,70003181,A4118110105,4,1,199
"2017-09-01 00:00:00",2018,70003181,A4118110106,3,1,200
"2017-09-01 00:00:00",2018,70003181,A4118110107,3,2,201
"2017-09-01 00:00:00",2018,70003181,A4218110201,2,2,202
"2017-09-01 00:00:00",2018,70003181,A4218110202,3,1,203
"2017-09-01 00:00:00",2018,70003181,A4218110203,1,3,204
"2017-09-01 00:00:00",2018,70003181,A4218110204,2,1,205
"2017-09-01 00:00:00",2018,70003181,A4218110205,4,1,206
"2017-09-01 00:00:00",2018,70003181,A4918110101,2,2,207
"2017-09-01 00:00:00",2018,70003181,A4918110102,2,2,208
"2017-09-01 00:00:00",2018,70003181,A4918110103,2,1,209
"2017-09-01 00:00:00",2018,70003181,A4918110104,2,3,210
"2017-09-01 00:00:00",2018,70003181,A5018110201,1,2,211
"2017-09-01 00:00:00",2018,70003181,A5018110202,1,1,212
"2017-09-01 00:00:00",2018,70003181,A5018110203,1,1,213
"2017-09-01 00:00:00",2018,70003181,A5018110204,2,2,214
"2017-09-01 00:00:00",2018,70003181,A6218160101,142,87,215
"2017-09-01 00:00:00",2018,70003181,A6218160102,33,75,216
"2017-09-01 00:00:00",2018,70003181,A7118160101,101,95,217
"2017-09-01 00:00:00",2018,70003182,A0118150101,6,6,218
"2017-09-01 00:00:00",2018,70003182,A0118150102,11,6,219
"2017-09-01 00:00:00",2018,70003182,A0118150103,16,9,220
"2017-09-01 00:00:00",2018,70003182,A0118150104,18,9,221
"2017-09-01 00:00:00",2018,70003182,A0418150101,20,5,222
"2017-09-01 00:00:00",2018,70003182,A0418150102,4,5,223
"2017-09-01 00:00:00",2018,70003182,A0418150103,7,17,224
"2017-09-01 00:00:00",2018,70003182,A0418150104,4,10,225
"2017-09-01 00:00:00",2018,70003182,A0418150105,13,8,226
"2017-09-01 00:00:00",2018,70003182,A1018150101,15,4,227
"2017-09-01 00:00:00",2018,70003182,A1018150102,14,2,228
"2017-09-01 00:00:00",2018,70003182,A1018150103,16,6,229
"2017-09-01 00:00:00",2018,70003182,A1118150201,9,6,230
"2017-09-01 00:00:00",2018,70003182,A1118150202,11,5,231
"2017-09-01 00:00:00",2018,70003182,A1119150203,16,11,232
"2017-09-01 00:00:00",2018,70003182,A1219150301,18,2,233
"2017-09-01 00:00:00",2018,70003182,A1618150101,1,2,234
"2017-09-01 00:00:00",2018,70003182,A1618150102,1,2,235
"2017-09-01 00:00:00",2018,70003182,A1618150103,1,1,236
"2017-09-01 00:00:00",2018,70003182,A1618150104,1,NULL,237
"2017-09-01 00:00:00",2018,70003182,A1718150201,1,1,238
"2017-09-01 00:00:00",2018,70003182,A2118150101,28,94,239
"2017-09-01 00:00:00",2018,70003182,A2118150102,29,26,240
"2017-09-01 00:00:00",2018,70003182,A2118150103,178,126,241
"2017-09-01 00:00:00",2018,70003182,A2118150104,175,28,242
"2017-09-01 00:00:00",2018,70003182,A2118150105,151,165,243
"2017-09-01 00:00:00",2018,70003182,A2118150106,177,101,244
"2017-09-01 00:00:00",2018,70003182,A2218150201,85,163,245
"2017-09-01 00:00:00",2018,70003182,A2218150202,104,33,246
"2017-09-01 00:00:00",2018,70003182,A2219150203,114,131,247
"2017-09-01 00:00:00",2018,70003182,A2918150101,110,79,248
"2017-09-01 00:00:00",2018,70003182,A2918150102,88,36,249
"2017-09-01 00:00:00",2018,70003182,A2918150103,53,124,250
"2017-09-01 00:00:00",2018,70003182,A2918150104,25,44,251
"2017-09-01 00:00:00",2018,70003182,A2918150105,125,99,252
"2017-09-01 00:00:00",2018,70003182,A2918150106,26,95,253
"2017-09-01 00:00:00",2018,70003182,A3018150201,22,63,254
"2017-09-01 00:00:00",2018,70003182,A3018150202,103,39,255
"2017-09-01 00:00:00",2018,70003182,A3018150203,73,109,256
"2017-09-01 00:00:00",2018,70003182,A3019150204,55,96,257
"2017-09-01 00:00:00",2018,70003182,A3019150205,80,94,258
"2017-09-01 00:00:00",2018,70003182,A3019150206,112,27,259
"2017-09-01 00:00:00",2018,70003182,A4118110101,2,1,260
"2017-09-01 00:00:00",2018,70003182,A4118110102,3,1,261
"2017-09-01 00:00:00",2018,70003182,A4118110103,3,3,262
"2017-09-01 00:00:00",2018,70003182,A4118110104,2,2,263
"2017-09-01 00:00:00",2018,70003182,A4118110105,2,3,264
"2017-09-01 00:00:00",2018,70003182,A4118110106,1,2,265
"2017-09-01 00:00:00",2018,70003182,A4118110107,2,1,266
"2017-09-01 00:00:00",2018,70003182,A4218110201,1,3,267
"2017-09-01 00:00:00",2018,70003182,A4218110202,3,1,268
"2017-09-01 00:00:00",2018,70003182,A4218110203,1,2,269
"2017-09-01 00:00:00",2018,70003182,A4218110204,3,2,270
"2017-09-01 00:00:00",2018,70003182,A4218110205,1,3,271
"2017-09-01 00:00:00",2018,70003182,A4918110101,1,1,272
"2017-09-01 00:00:00",2018,70003182,A4918110102,3,2,273
"2017-09-01 00:00:00",2018,70003182,A4918110103,3,2,274
"2017-09-01 00:00:00",2018,70003182,A4918110104,1,1,275
"2017-09-01 00:00:00",2018,70003182,A5018110201,3,1,276
"2017-09-01 00:00:00",2018,70003182,A5018110202,3,2,277
"2017-09-01 00:00:00",2018,70003182,A5018110203,1,1,278
"2017-09-01 00:00:00",2018,70003182,A5018110204,1,1,279
"2017-09-01 00:00:00",2018,70003182,A6218160101,140,82,280
"2017-09-01 00:00:00",2018,70003182,A6218160102,89,100,281
"2017-09-01 00:00:00",2018,70003182,A7118160101,81,118,282
"2017-09-01 00:00:00",2018,70004069,A6218160101,NULL,0,283
"2017-09-01 00:00:00",2018,70004069,A6218160102,NULL,0,284
"2017-09-01 00:00:00",2018,70004069,A7118160101,NULL,0,285
"2017-09-01 00:00:00",2018,70006157,A0118150101,5,5,286
"2017-09-01 00:00:00",2018,70006157,A0118150102,10,4,287
"2017-09-01 00:00:00",2018,70006157,A0118150103,6,5,288
"2017-09-01 00:00:00",2018,70006157,A0118150104,9,4,289
"2017-09-01 00:00:00",2018,70006157,A0418150101,6,8,290
"2017-09-01 00:00:00",2018,70006157,A0418150102,10,5,291
"2017-09-01 00:00:00",2018,70006157,A0418150103,3,7,292
"2017-09-01 00:00:00",2018,70006157,A0418150104,4,2,293
"2017-09-01 00:00:00",2018,70006157,A0418150105,6,3,294
"2017-09-01 00:00:00",2018,70006157,A1018150101,2,5,295
"2017-09-01 00:00:00",2018,70006157,A1018150102,1,3,296
"2017-09-01 00:00:00",2018,70006157,A1018150103,6,4,297
"2017-09-01 00:00:00",2018,70006157,A1118150201,2,4,298
"2017-09-01 00:00:00",2018,70006157,A1118150202,5,5,299
"2017-09-01 00:00:00",2018,70006157,A1119150203,5,1,300
"2017-09-01 00:00:00",2018,70006157,A1219150301,4,1,301
"2017-09-01 00:00:00",2018,70006157,A1618150101,1,NULL,302
"2017-09-01 00:00:00",2018,70006157,A1618150102,1,1,303
"2017-09-01 00:00:00",2018,70006157,A1618150103,1,NULL,304
"2017-09-01 00:00:00",2018,70006157,A1618150104,NULL,1,305
"2017-09-01 00:00:00",2018,70006157,A1718150201,NULL,1,306
"2017-09-01 00:00:00",2018,70006157,A2118150101,10,26,307
"2017-09-01 00:00:00",2018,70006157,A2118150102,21,74,308
"2017-09-01 00:00:00",2018,70006157,A2118150103,19,77,309
"2017-09-01 00:00:00",2018,70006157,A2118150104,22,37,310
"2017-09-01 00:00:00",2018,70006157,A2118150105,52,96,311
"2017-09-01 00:00:00",2018,70006157,A2118150106,20,54,312
"2017-09-01 00:00:00",2018,70006157,A2218150201,21,44,313
"2017-09-01 00:00:00",2018,70006157,A2218150202,16,88,314
"2017-09-01 00:00:00",2018,70006157,A2219150203,26,50,315
"2017-09-01 00:00:00",2018,70006157,A2918150101,40,56,316
"2017-09-01 00:00:00",2018,70006157,A2918150102,25,45,317
"2017-09-01 00:00:00",2018,70006157,A2918150103,23,12,318
"2017-09-01 00:00:00",2018,70006157,A2918150104,24,35,319
"2017-09-01 00:00:00",2018,70006157,A2918150105,11,38,320
"2017-09-01 00:00:00",2018,70006157,A2918150106,25,36,321
"2017-09-01 00:00:00",2018,70006157,A3018150201,7,9,322
"2017-09-01 00:00:00",2018,70006157,A3018150202,26,63,323
"2017-09-01 00:00:00",2018,70006157,A3018150203,10,10,324
"2017-09-01 00:00:00",2018,70006157,A3019150204,38,24,325
"2017-09-01 00:00:00",2018,70006157,A3019150205,54,45,326
"2017-09-01 00:00:00",2018,70006157,A3019150206,40,46,327
"2017-09-01 00:00:00",2018,70006157,A4118110101,1,1,328
"2017-09-01 00:00:00",2018,70006157,A4118110102,NULL,1,329
"2017-09-01 00:00:00",2018,70006157,A4118110103,1,1,330
"2017-09-01 00:00:00",2018,70006157,A4118110104,2,1,331
"2017-09-01 00:00:00",2018,70006157,A4118110105,1,1,332
"2017-09-01 00:00:00",2018,70006157,A4118110106,NULL,1,333
"2017-09-01 00:00:00",2018,70006157,A4118110107,1,1,334
"2017-09-01 00:00:00",2018,70006157,A4218110201,NULL,1,335
"2017-09-01 00:00:00",2018,70006157,A4218110202,1,1,336
"2017-09-01 00:00:00",2018,70006157,A4218110203,1,1,337
"2017-09-01 00:00:00",2018,70006157,A4218110204,1,NULL,338
"2017-09-01 00:00:00",2018,70006157,A4218110205,1,1,339
"2017-09-01 00:00:00",2018,70006157,A4918110101,1,1,340
"2017-09-01 00:00:00",2018,70006157,A4918110102,1,1,341
"2017-09-01 00:00:00",2018,70006157,A4918110103,NULL,1,342
"2017-09-01 00:00:00",2018,70006157,A4918110104,1,1,343
"2017-09-01 00:00:00",2018,70006157,A5018110201,1,1,344
"2017-09-01 00:00:00",2018,70006157,A5018110202,1,1,345
"2017-09-01 00:00:00",2018,70006157,A5018110203,NULL,1,346
"2017-09-01 00:00:00",2018,70006157,A5018110204,1,1,347
"2017-09-01 00:00:00",2018,70006157,A6218160101,49,56,348
"2017-09-01 00:00:00",2018,70006157,A6218160102,52,56,349
"2017-09-01 00:00:00",2018,70006157,A7118160101,64,94,350
"2017-09-01 00:00:00",2018,70006158,A0118150101,7,6,351
"2017-09-01 00:00:00",2018,70006158,A0118150102,8,6,352
"2017-09-01 00:00:00",2018,70006158,A0118150103,8,1,353
"2017-09-01 00:00:00",2018,70006158,A0118150104,3,1,354
"2017-09-01 00:00:00",2018,70006158,A0418150101,6,7,355
"2017-09-01 00:00:00",2018,70006158,A0418150102,6,8,356
"2017-09-01 00:00:00",2018,70006158,A0418150103,10,8,357
"2017-09-01 00:00:00",2018,70006158,A0418150104,9,5,358
"2017-09-01 00:00:00",2018,70006158,A0418150105,12,5,359
"2017-09-01 00:00:00",2018,70006158,A1018150101,5,2,360
"2017-09-01 00:00:00",2018,70006158,A1018150102,1,3,361
"2017-09-01 00:00:00",2018,70006158,A1018150103,1,5,362
"2017-09-01 00:00:00",2018,70006158,A1118150201,4,4,363
"2017-09-01 00:00:00",2018,70006158,A1118150202,1,5,364
"2017-09-01 00:00:00",2018,70006158,A1119150203,2,1,365
"2017-09-01 00:00:00",2018,70006158,A1219150301,3,4,366
"2017-09-01 00:00:00",2018,70006158,A1618150102,NULL,1,367
"2017-09-01 00:00:00",2018,70006158,A1618150103,1,1,368
"2017-09-01 00:00:00",2018,70006158,A2118150101,11,33,369
"2017-09-01 00:00:00",2018,70006158,A2118150102,56,59,370
"2017-09-01 00:00:00",2018,70006158,A2118150103,28,43,371
"2017-09-01 00:00:00",2018,70006158,A2118150104,76,38,372
"2017-09-01 00:00:00",2018,70006158,A2118150105,35,41,373
"2017-09-01 00:00:00",2018,70006158,A2118150106,54,66,374
"2017-09-01 00:00:00",2018,70006158,A2218150201,14,59,375
"2017-09-01 00:00:00",2018,70006158,A2218150202,29,86,376
"2017-09-01 00:00:00",2018,70006158,A2219150203,31,77,377
"2017-09-01 00:00:00",2018,70006158,A2918150101,54,20,378
"2017-09-01 00:00:00",2018,70006158,A2918150102,41,16,379
"2017-09-01 00:00:00",2018,70006158,A2918150103,49,40,380
"2017-09-01 00:00:00",2018,70006158,A2918150104,26,46,381
"2017-09-01 00:00:00",2018,70006158,A2918150105,13,40,382
"2017-09-01 00:00:00",2018,70006158,A2918150106,48,47,383
"2017-09-01 00:00:00",2018,70006158,A3018150201,47,9,384
"2017-09-01 00:00:00",2018,70006158,A3018150202,41,25,385
"2017-09-01 00:00:00",2018,70006158,A3018150203,37,60,386
"2017-09-01 00:00:00",2018,70006158,A3019150204,9,36,387
"2017-09-01 00:00:00",2018,70006158,A3019150205,58,17,388
"2017-09-01 00:00:00",2018,70006158,A3019150206,38,15,389
"2017-09-01 00:00:00",2018,70006158,A4118110101,1,1,390
"2017-09-01 00:00:00",2018,70006158,A4118110102,1,1,391
"2017-09-01 00:00:00",2018,70006158,A4118110103,2,1,392
"2017-09-01 00:00:00",2018,70006158,A4118110104,1,1,393
"2017-09-01 00:00:00",2018,70006158,A4118110106,1,NULL,394
"2017-09-01 00:00:00",2018,70006158,A4118110107,2,1,395
"2017-09-01 00:00:00",2018,70006158,A4218110201,1,NULL,396
"2017-09-01 00:00:00",2018,70006158,A4218110202,1,NULL,397
"2017-09-01 00:00:00",2018,70006158,A4218110203,1,1,398
"2017-09-01 00:00:00",2018,70006158,A4218110204,NULL,1,399
"2017-09-01 00:00:00",2018,70006158,A4218110205,NULL,1,400
"2017-09-01 00:00:00",2018,70006158,A4918110101,1,1,401
"2017-09-01 00:00:00",2018,70006158,A4918110102,1,1,402
"2017-09-01 00:00:00",2018,70006158,A4918110103,1,1,403
"2017-09-01 00:00:00",2018,70006158,A4918110104,1,1,404
"2017-09-01 00:00:00",2018,70006158,A5018110201,1,NULL,405
"2017-09-01 00:00:00",2018,70006158,A5018110202,1,1,406
"2017-09-01 00:00:00",2018,70006158,A5018110203,1,1,407
"2017-09-01 00:00:00",2018,70006158,A5018110204,1,1,408
"2017-09-01 00:00:00",2018,70006158,A6218160101,43,15,409
"2017-09-01 00:00:00",2018,70006158,A6218160102,30,23,410
"2017-09-01 00:00:00",2018,70006158,A7118160101,36,123,411
"2017-09-01 00:00:00",2018,70007198,A0118150101,29,4,412
"2017-09-01 00:00:00",2018,70007198,A0118150102,25,10,413
"2017-09-01 00:00:00",2018,70007198,A0118150103,14,5,414
"2017-09-01 00:00:00",2018,70007198,A0118150104,16,12,415
"2017-09-01 00:00:00",2018,70007198,A0418150101,17,20,416
"2017-09-01 00:00:00",2018,70007198,A0418150102,14,8,417
"2017-09-01 00:00:00",2018,70007198,A0418150103,7,15,418
"2017-09-01 00:00:00",2018,70007198,A0418150104,53,30,419
"2017-09-01 00:00:00",2018,70007198,A0418150105,32,3,420
"2017-09-01 00:00:00",2018,70007198,A1018150101,21,13,421
"2017-09-01 00:00:00",2018,70007198,A1018150102,11,11,422
"2017-09-01 00:00:00",2018,70007198,A1018150103,5,12,423
"2017-09-01 00:00:00",2018,70007198,A1118150201,11,11,424
"2017-09-01 00:00:00",2018,70007198,A1118150202,21,7,425
"2017-09-01 00:00:00",2018,70007198,A1119150203,22,18,426
"2017-09-01 00:00:00",2018,70007198,A1219150301,11,8,427
"2017-09-01 00:00:00",2018,70007198,A1618150101,1,2,428
"2017-09-01 00:00:00",2018,70007198,A1618150102,2,2,429
"2017-09-01 00:00:00",2018,70007198,A1618150103,1,2,430
"2017-09-01 00:00:00",2018,70007198,A1618150104,2,2,431
"2017-09-01 00:00:00",2018,70007198,A1718150201,2,1,432
"2017-09-01 00:00:00",2018,70007198,A2118150101,259,95,433
"2017-09-01 00:00:00",2018,70007198,A2118150102,234,143,434
"2017-09-01 00:00:00",2018,70007198,A2118150103,213,258,435
"2017-09-01 00:00:00",2018,70007198,A2118150104,286,218,436
"2017-09-01 00:00:00",2018,70007198,A2118150105,284,94,437
"2017-09-01 00:00:00",2018,70007198,A2118150106,175,167,438
"2017-09-01 00:00:00",2018,70007198,A2218150201,345,198,439
"2017-09-01 00:00:00",2018,70007198,A2218150202,370,37,440
"2017-09-01 00:00:00",2018,70007198,A2219150203,231,152,441
"2017-09-01 00:00:00",2018,70007198,A2918150101,145,158,442
"2017-09-01 00:00:00",2018,70007198,A2918150102,73,170,443
"2017-09-01 00:00:00",2018,70007198,A2918150103,75,151,444
"2017-09-01 00:00:00",2018,70007198,A2918150104,125,128,445
"2017-09-01 00:00:00",2018,70007198,A2918150105,84,61,446
"2017-09-01 00:00:00",2018,70007198,A2918150106,148,177,447
"2017-09-01 00:00:00",2018,70007198,A3018150201,273,64,448
"2017-09-01 00:00:00",2018,70007198,A3018150202,38,91,449
"2017-09-01 00:00:00",2018,70007198,A3018150203,123,208,450
"2017-09-01 00:00:00",2018,70007198,A3019150204,265,78,451
"2017-09-01 00:00:00",2018,70007198,A3019150205,202,145,452
"2017-09-01 00:00:00",2018,70007198,A3019150206,248,82,453
"2017-09-01 00:00:00",2018,70007198,A4118110101,8,4,454
"2017-09-01 00:00:00",2018,70007198,A4118110102,5,1,455
"2017-09-01 00:00:00",2018,70007198,A4118110103,6,4,456
"2017-09-01 00:00:00",2018,70007198,A4118110104,6,3,457
"2017-09-01 00:00:00",2018,70007198,A4118110105,5,1,458
"2017-09-01 00:00:00",2018,70007198,A4118110106,5,3,459
"2017-09-01 00:00:00",2018,70007198,A4118110107,3,2,460
"2017-09-01 00:00:00",2018,70007198,A4218110201,6,2,461
"2017-09-01 00:00:00",2018,70007198,A4218110202,5,4,462
"2017-09-01 00:00:00",2018,70007198,A4218110203,4,2,463
"2017-09-01 00:00:00",2018,70007198,A4218110204,4,4,464
"2017-09-01 00:00:00",2018,70007198,A4218110205,1,2,465
"2017-09-01 00:00:00",2018,70007198,A4918110101,2,3,466
"2017-09-01 00:00:00",2018,70007198,A4918110102,2,3,467
"2017-09-01 00:00:00",2018,70007198,A4918110103,1,1,468
"2017-09-01 00:00:00",2018,70007198,A4918110104,6,2,469
"2017-09-01 00:00:00",2018,70007198,A5018110201,5,1,470
"2017-09-01 00:00:00",2018,70007198,A5018110202,4,2,471
"2017-09-01 00:00:00",2018,70007198,A5018110203,3,2,472
"2017-09-01 00:00:00",2018,70007198,A5018110204,5,1,473
"2017-09-01 00:00:00",2018,70007198,A6218160101,173,108,474
"2017-09-01 00:00:00",2018,70007198,A6218160102,93,74,475
"2017-09-01 00:00:00",2018,70007198,A7118160101,490,232,476
"2017-09-01 00:00:00",2018,70007199,A0118150101,34,7,477
"2017-09-01 00:00:00",2018,70007199,A0118150102,33,3,478
"2017-09-01 00:00:00",2018,70007199,A0118150103,40,17,479
"2017-09-01 00:00:00",2018,70007199,A0118150104,43,8,480
"2017-09-01 00:00:00",2018,70007199,A0418150101,43,27,481
"2017-09-01 00:00:00",2018,70007199,A0418150102,30,6,482
"2017-09-01 00:00:00",2018,70007199,A0418150103,11,19,483
"2017-09-01 00:00:00",2018,70007199,A0418150104,23,11,484
"2017-09-01 00:00:00",2018,70007199,A0418150105,40,8,485
"2017-09-01 00:00:00",2018,70007199,A1018150101,28,11,486
"2017-09-01 00:00:00",2018,70007199,A1018150102,26,11,487
"2017-09-01 00:00:00",2018,70007199,A1018150103,27,13,488
"2017-09-01 00:00:00",2018,70007199,A1118150201,17,7,489
"2017-09-01 00:00:00",2018,70007199,A1118150202,26,5,490
"2017-09-01 00:00:00",2018,70007199,A1119150203,36,8,491
"2017-09-01 00:00:00",2018,70007199,A1219150301,6,5,492
"2017-09-01 00:00:00",2018,70007199,A1618150101,1,2,493
"2017-09-01 00:00:00",2018,70007199,A1618150102,2,2,494
"2017-09-01 00:00:00",2018,70007199,A1618150103,3,3,495
"2017-09-01 00:00:00",2018,70007199,A1618150104,1,1,496
"2017-09-01 00:00:00",2018,70007199,A1718150201,3,1,497
"2017-09-01 00:00:00",2018,70007199,A2118150101,356,142,498
"2017-09-01 00:00:00",2018,70007199,A2118150102,261,147,499
"2017-09-01 00:00:00",2018,70007199,A2118150103,128,149,500
"2017-09-01 00:00:00",2018,70007199,A2118150104,222,140,501
"2017-09-01 00:00:00",2018,70007199,A2118150105,241,233,502
"2017-09-01 00:00:00",2018,70007199,A2118150106,200,192,503
"2017-09-01 00:00:00",2018,70007199,A2218150201,275,77,504
"2017-09-01 00:00:00",2018,70007199,A2218150202,59,232,505
"2017-09-01 00:00:00",2018,70007199,A2219150203,353,194,506
"2017-09-01 00:00:00",2018,70007199,A2918150101,42,211,507
"2017-09-01 00:00:00",2018,70007199,A2918150102,137,176,508
"2017-09-01 00:00:00",2018,70007199,A2918150103,262,212,509
"2017-09-01 00:00:00",2018,70007199,A2918150104,137,82,510
"2017-09-01 00:00:00",2018,70007199,A2918150105,38,26,511
"2017-09-01 00:00:00",2018,70007199,A2918150106,236,166,512
"2017-09-01 00:00:00",2018,70007199,A3018150201,98,64,513
"2017-09-01 00:00:00",2018,70007199,A3018150202,194,142,514
"2017-09-01 00:00:00",2018,70007199,A3018150203,209,179,515
"2017-09-01 00:00:00",2018,70007199,A3019150204,45,107,516
"2017-09-01 00:00:00",2018,70007199,A3019150205,90,62,517
"2017-09-01 00:00:00",2018,70007199,A3019150206,239,167,518
"2017-09-01 00:00:00",2018,70007199,A4118110101,6,2,519
"2017-09-01 00:00:00",2018,70007199,A4118110102,4,1,520
"2017-09-01 00:00:00",2018,70007199,A4118110103,5,1,521
"2017-09-01 00:00:00",2018,70007199,A4118110104,5,4,522
"2017-09-01 00:00:00",2018,70007199,A4118110105,6,5,523
"2017-09-01 00:00:00",2018,70007199,A4118110106,6,4,524
"2017-09-01 00:00:00",2018,70007199,A4118110107,5,4,525
"2017-09-01 00:00:00",2018,70007199,A4218110201,6,3,526
"2017-09-01 00:00:00",2018,70007199,A4218110202,3,4,527
"2017-09-01 00:00:00",2018,70007199,A4218110203,7,1,528
"2017-09-01 00:00:00",2018,70007199,A4218110204,6,4,529
"2017-09-01 00:00:00",2018,70007199,A4218110205,2,1,530
"2017-09-01 00:00:00",2018,70007199,A4918110101,1,1,531
"2017-09-01 00:00:00",2018,70007199,A4918110102,3,2,532
"2017-09-01 00:00:00",2018,70007199,A4918110103,3,3,533
"2017-09-01 00:00:00",2018,70007199,A4918110104,6,4,534
"2017-09-01 00:00:00",2018,70007199,A5018110201,6,1,535
"2017-09-01 00:00:00",2018,70007199,A5018110202,3,2,536
"2017-09-01 00:00:00",2018,70007199,A5018110203,2,5,537
"2017-09-01 00:00:00",2018,70007199,A5018110204,6,1,538
"2017-09-01 00:00:00",2018,70007199,A6218160101,64,165,539
"2017-09-01 00:00:00",2018,70007199,A6218160102,259,36,540
"2017-09-01 00:00:00",2018,70007199,A7118160101,344,386,541
"2017-09-01 00:00:00",2018,70008169,A0118150101,22,7,542
"2017-09-01 00:00:00",2018,70008169,A0118150102,12,14,543
"2017-09-01 00:00:00",2018,70008169,A0118150103,5,17,544
"2017-09-01 00:00:00",2018,70008169,A0118150104,5,10,545
"2017-09-01 00:00:00",2018,70008169,A0418150101,16,21,546
"2017-09-01 00:00:00",2018,70008169,A0418150102,23,21,547
"2017-09-01 00:00:00",2018,70008169,A0418150103,8,14,548
"2017-09-01 00:00:00",2018,70008169,A0418150104,4,11,549
"2017-09-01 00:00:00",2018,70008169,A0418150105,13,15,550
"2017-09-01 00:00:00",2018,70008169,A1018150101,3,13,551
"2017-09-01 00:00:00",2018,70008169,A1018150102,11,7,552
"2017-09-01 00:00:00",2018,70008169,A1018150103,3,6,553
"2017-09-01 00:00:00",2018,70008169,A1118150201,9,9,554
"2017-09-01 00:00:00",2018,70008169,A1118150202,17,17,555
"2017-09-01 00:00:00",2018,70008169,A1119150203,3,8,556
"2017-09-01 00:00:00",2018,70008169,A1219150301,17,12,557
"2017-09-01 00:00:00",2018,70008169,A1618150101,1,1,558
"2017-09-01 00:00:00",2018,70008169,A1618150102,1,NULL,559
"2017-09-01 00:00:00",2018,70008169,A1618150103,NULL,2,560
"2017-09-01 00:00:00",2018,70008169,A1618150104,1,1,561
"2017-09-01 00:00:00",2018,70008169,A1718150201,1,2,562
"2017-09-01 00:00:00",2018,70008169,A2118150101,154,308,563
"2017-09-01 00:00:00",2018,70008169,A2118150102,34,171,564
"2017-09-01 00:00:00",2018,70008169,A2118150103,66,61,565
"2017-09-01 00:00:00",2018,70008169,A2118150104,167,116,566
"2017-09-01 00:00:00",2018,70008169,A2118150105,39,155,567
"2017-09-01 00:00:00",2018,70008169,A2118150106,139,318,568
"2017-09-01 00:00:00",2018,70008169,A2218150201,133,297,569
"2017-09-01 00:00:00",2018,70008169,A2218150202,143,152,570
"2017-09-01 00:00:00",2018,70008169,A2219150203,168,120,571
"2017-09-01 00:00:00",2018,70008169,A2918150101,76,110,572
"2017-09-01 00:00:00",2018,70008169,A2918150102,81,209,573
"2017-09-01 00:00:00",2018,70008169,A2918150103,84,153,574
"2017-09-01 00:00:00",2018,70008169,A2918150104,55,36,575
"2017-09-01 00:00:00",2018,70008169,A2918150105,68,153,576
"2017-09-01 00:00:00",2018,70008169,A2918150106,67,95,577
"2017-09-01 00:00:00",2018,70008169,A3018150201,78,124,578
"2017-09-01 00:00:00",2018,70008169,A3018150202,119,165,579
"2017-09-01 00:00:00",2018,70008169,A3018150203,34,32,580
"2017-09-01 00:00:00",2018,70008169,A3019150204,44,43,581
"2017-09-01 00:00:00",2018,70008169,A3019150205,19,124,582
"2017-09-01 00:00:00",2018,70008169,A3019150206,48,88,583
"2017-09-01 00:00:00",2018,70008169,A4118110101,1,2,584
"2017-09-01 00:00:00",2018,70008169,A4118110102,1,2,585
"2017-09-01 00:00:00",2018,70008169,A4118110103,1,2,586
"2017-09-01 00:00:00",2018,70008169,A4118110104,3,3,587
"2017-09-01 00:00:00",2018,70008169,A4118110105,4,2,588
"2017-09-01 00:00:00",2018,70008169,A4118110106,3,1,589
"2017-09-01 00:00:00",2018,70008169,A4118110107,1,2,590
"2017-09-01 00:00:00",2018,70008169,A4218110201,2,2,591
"2017-09-01 00:00:00",2018,70008169,A4218110202,1,4,592
"2017-09-01 00:00:00",2018,70008169,A4218110203,3,1,593
"2017-09-01 00:00:00",2018,70008169,A4218110204,1,1,594
"2017-09-01 00:00:00",2018,70008169,A4218110205,2,2,595
"2017-09-01 00:00:00",2018,70008169,A4918110101,2,2,596
"2017-09-01 00:00:00",2018,70008169,A4918110102,3,2,597
"2017-09-01 00:00:00",2018,70008169,A4918110103,3,1,598
"2017-09-01 00:00:00",2018,70008169,A4918110104,2,4,599
"2017-09-01 00:00:00",2018,70008169,A5018110201,2,2,600
"2017-09-01 00:00:00",2018,70008169,A5018110202,1,4,601
"2017-09-01 00:00:00",2018,70008169,A5018110203,2,3,602
"2017-09-01 00:00:00",2018,70008169,A5018110204,2,4,603
"2017-09-01 00:00:00",2018,70008169,A6218160101,81,146,604
"2017-09-01 00:00:00",2018,70008169,A6218160102,92,102,605
"2017-09-01 00:00:00",2018,70008169,A7118160101,79,451,606
"2017-09-01 00:00:00",2018,70008170,A0118150101,5,8,607
"2017-09-01 00:00:00",2018,70008170,A0118150102,14,19,608
"2017-09-01 00:00:00",2018,70008170,A0118150103,11,7,609
"2017-09-01 00:00:00",2018,70008170,A0118150104,9,22,610
"2017-09-01 00:00:00",2018,70008170,A0418150101,15,28,611
"2017-09-01 00:00:00",2018,70008170,A0418150102,23,22,612
"2017-09-01 00:00:00",2018,70008170,A0418150103,21,25,613
"2017-09-01 00:00:00",2018,70008170,A0418150104,15,16,614
"2017-09-01 00:00:00",2018,70008170,A0418150105,11,4,615
"2017-09-01 00:00:00",2018,70008170,A1018150101,13,4,616
"2017-09-01 00:00:00",2018,70008170,A1018150102,16,2,617
"2017-09-01 00:00:00",2018,70008170,A1018150103,15,10,618
"2017-09-01 00:00:00",2018,70008170,A1118150201,16,3,619
"2017-09-01 00:00:00",2018,70008170,A1118150202,8,17,620
"2017-09-01 00:00:00",2018,70008170,A1119150203,18,4,621
"2017-09-01 00:00:00",2018,70008170,A1219150301,3,13,622
"2017-09-01 00:00:00",2018,70008170,A1618150101,1,2,623
"2017-09-01 00:00:00",2018,70008170,A1618150102,NULL,1,624
"2017-09-01 00:00:00",2018,70008170,A1618150103,NULL,3,625
"2017-09-01 00:00:00",2018,70008170,A1618150104,NULL,2,626
"2017-09-01 00:00:00",2018,70008170,A1718150201,1,2,627
"2017-09-01 00:00:00",2018,70008170,A2118150101,167,60,628
"2017-09-01 00:00:00",2018,70008170,A2118150102,51,72,629
"2017-09-01 00:00:00",2018,70008170,A2118150103,42,165,630
"2017-09-01 00:00:00",2018,70008170,A2118150104,153,147,631
"2017-09-01 00:00:00",2018,70008170,A2118150105,159,74,632
"2017-09-01 00:00:00",2018,70008170,A2118150106,53,85,633
"2017-09-01 00:00:00",2018,70008170,A2218150201,131,277,634
"2017-09-01 00:00:00",2018,70008170,A2218150202,140,256,635
"2017-09-01 00:00:00",2018,70008170,A2219150203,129,276,636
"2017-09-01 00:00:00",2018,70008170,A2918150101,72,143,637
"2017-09-01 00:00:00",2018,70008170,A2918150102,72,163,638
"2017-09-01 00:00:00",2018,70008170,A2918150103,35,41,639
"2017-09-01 00:00:00",2018,70008170,A2918150104,120,170,640
"2017-09-01 00:00:00",2018,70008170,A2918150105,57,92,641
"2017-09-01 00:00:00",2018,70008170,A2918150106,37,185,642
"2017-09-01 00:00:00",2018,70008170,A3018150201,25,77,643
"2017-09-01 00:00:00",2018,70008170,A3018150202,115,220,644
"2017-09-01 00:00:00",2018,70008170,A3018150203,71,19,645
"2017-09-01 00:00:00",2018,70008170,A3019150204,46,232,646
"2017-09-01 00:00:00",2018,70008170,A3019150205,116,221,647
"2017-09-01 00:00:00",2018,70008170,A3019150206,30,213,648
"2017-09-01 00:00:00",2018,70008170,A4118110101,1,5,649
"2017-09-01 00:00:00",2018,70008170,A4118110102,2,3,650
"2017-09-01 00:00:00",2018,70008170,A4118110103,1,4,651
"2017-09-01 00:00:00",2018,70008170,A4118110104,2,3,652
"2017-09-01 00:00:00",2018,70008170,A4118110105,1,2,653
"2017-09-01 00:00:00",2018,70008170,A4118110106,3,2,654
"2017-09-01 00:00:00",2018,70008170,A4118110107,3,5,655
"2017-09-01 00:00:00",2018,70008170,A4218110201,3,2,656
"2017-09-01 00:00:00",2018,70008170,A4218110202,2,2,657
"2017-09-01 00:00:00",2018,70008170,A4218110203,3,2,658
"2017-09-01 00:00:00",2018,70008170,A4218110204,2,3,659
"2017-09-01 00:00:00",2018,70008170,A4218110205,3,2,660
"2017-09-01 00:00:00",2018,70008170,A4918110101,1,4,661
"2017-09-01 00:00:00",2018,70008170,A4918110102,2,2,662
"2017-09-01 00:00:00",2018,70008170,A4918110103,3,2,663
"2017-09-01 00:00:00",2018,70008170,A4918110104,2,4,664
"2017-09-01 00:00:00",2018,70008170,A5018110201,1,4,665
"2017-09-01 00:00:00",2018,70008170,A5018110202,2,3,666
"2017-09-01 00:00:00",2018,70008170,A5018110203,2,1,667
"2017-09-01 00:00:00",2018,70008170,A5018110204,2,1,668
"2017-09-01 00:00:00",2018,70008170,A6218160101,120,85,669
"2017-09-01 00:00:00",2018,70008170,A6218160102,95,156,670
"2017-09-01 00:00:00",2018,70008170,A7118160101,150,491,671
"2017-09-01 00:00:00",2018,70009133,A6218160101,NULL,0,672
"2017-09-01 00:00:00",2018,70009133,A6218160102,NULL,0,673
"2017-09-01 00:00:00",2018,70009133,A7118160101,NULL,0,674
"2017-09-01 00:00:00",2018,70010047,A6218160101,NULL,0,675
"2017-09-01 00:00:00",2018,70010047,A6218160102,NULL,0,676
"2017-09-01 00:00:00",2018,70010047,A7118160101,NULL,0,677
"2017-09-01 00:00:00",2018,70011193,A0118150101,10,5,678
"2017-09-01 00:00:00",2018,70011193,A0118150102,3,5,679
"2017-09-01 00:00:00",2018,70011193,A0118150103,13,5,680
"2017-09-01 00:00:00",2018,70011193,A0118150104,12,3,681
"2017-09-01 00:00:00",2018,70011193,A0418150101,13,7,682
"2017-09-01 00:00:00",2018,70011193,A0418150102,10,3,683
"2017-09-01 00:00:00",2018,70011193,A0418150103,9,5,684
"2017-09-01 00:00:00",2018,70011193,A0418150104,16,6,685
"2017-09-01 00:00:00",2018,70011193,A0418150105,9,2,686
"2017-09-01 00:00:00",2018,70011193,A1018150101,9,2,687
"2017-09-01 00:00:00",2018,70011193,A1018150102,11,5,688
"2017-09-01 00:00:00",2018,70011193,A1018150103,4,1,689
"2017-09-01 00:00:00",2018,70011193,A1118150201,9,2,690
"2017-09-01 00:00:00",2018,70011193,A1118150202,8,7,691
"2017-09-01 00:00:00",2018,70011193,A1119150203,2,1,692
"2017-09-01 00:00:00",2018,70011193,A1219150301,5,4,693
"2017-09-01 00:00:00",2018,70011193,A1618150101,1,1,694
"2017-09-01 00:00:00",2018,70011193,A1618150102,NULL,1,695
"2017-09-01 00:00:00",2018,70011193,A1618150103,1,1,696
"2017-09-01 00:00:00",2018,70011193,A1618150104,1,1,697
"2017-09-01 00:00:00",2018,70011193,A1718150201,1,1,698
"2017-09-01 00:00:00",2018,70011193,A2118150101,85,44,699
"2017-09-01 00:00:00",2018,70011193,A2118150102,47,97,700
"2017-09-01 00:00:00",2018,70011193,A2118150103,25,18,701
"2017-09-01 00:00:00",2018,70011193,A2118150104,107,39,702
"2017-09-01 00:00:00",2018,70011193,A2118150105,55,59,703
"2017-09-01 00:00:00",2018,70011193,A2118150106,26,78,704
"2017-09-01 00:00:00",2018,70011193,A2218150201,14,98,705
"2017-09-01 00:00:00",2018,70011193,A2218150202,70,47,706
"2017-09-01 00:00:00",2018,70011193,A2219150203,23,19,707
"2017-09-01 00:00:00",2018,70011193,A2918150101,46,61,708
"2017-09-01 00:00:00",2018,70011193,A2918150102,27,31,709
"2017-09-01 00:00:00",2018,70011193,A2918150103,33,29,710
"2017-09-01 00:00:00",2018,70011193,A2918150104,66,58,711
"2017-09-01 00:00:00",2018,70011193,A2918150105,50,28,712
"2017-09-01 00:00:00",2018,70011193,A2918150106,78,61,713
"2017-09-01 00:00:00",2018,70011193,A3018150201,37,15,714
"2017-09-01 00:00:00",2018,70011193,A3018150202,26,48,715
"2017-09-01 00:00:00",2018,70011193,A3018150203,37,49,716
"2017-09-01 00:00:00",2018,70011193,A3019150204,71,38,717
"2017-09-01 00:00:00",2018,70011193,A3019150205,28,28,718
"2017-09-01 00:00:00",2018,70011193,A3019150206,70,23,719
"2017-09-01 00:00:00",2018,70011193,A4118110101,1,1,720
"2017-09-01 00:00:00",2018,70011193,A4118110102,2,1,721
"2017-09-01 00:00:00",2018,70011193,A4118110103,1,1,722
"2017-09-01 00:00:00",2018,70011193,A4118110104,1,1,723
"2017-09-01 00:00:00",2018,70011193,A4118110105,2,1,724
"2017-09-01 00:00:00",2018,70011193,A4118110106,1,1,725
"2017-09-01 00:00:00",2018,70011193,A4118110107,NULL,1,726
"2017-09-01 00:00:00",2018,70011193,A4218110201,2,1,727
"2017-09-01 00:00:00",2018,70011193,A4218110202,1,1,728
"2017-09-01 00:00:00",2018,70011193,A4218110203,1,1,729
"2017-09-01 00:00:00",2018,70011193,A4218110204,2,1,730
"2017-09-01 00:00:00",2018,70011193,A4218110205,1,1,731
"2017-09-01 00:00:00",2018,70011193,A4918110101,NULL,1,732
"2017-09-01 00:00:00",2018,70011193,A4918110102,1,1,733
"2017-09-01 00:00:00",2018,70011193,A4918110103,1,1,734
"2017-09-01 00:00:00",2018,70011193,A4918110104,1,1,735
"2017-09-01 00:00:00",2018,70011193,A5018110201,1,1,736
"2017-09-01 00:00:00",2018,70011193,A5018110202,2,2,737
"2017-09-01 00:00:00",2018,70011193,A5018110203,1,1,738
"2017-09-01 00:00:00",2018,70011193,A5018110204,1,1,739
"2017-09-01 00:00:00",2018,70011193,A6218160101,75,28,740
"2017-09-01 00:00:00",2018,70011193,A6218160102,47,68,741
"2017-09-01 00:00:00",2018,70011193,A7118160101,94,117,742
"2017-09-01 00:00:00",2018,70011194,A0118150101,4,7,743
"2017-09-01 00:00:00",2018,70011194,A0118150102,4,3,744
"2017-09-01 00:00:00",2018,70011194,A0118150103,5,2,745
"2017-09-01 00:00:00",2018,70011194,A0118150104,8,1,746
"2017-09-01 00:00:00",2018,70011194,A0418150101,9,7,747
"2017-09-01 00:00:00",2018,70011194,A0418150102,2,6,748
"2017-09-01 00:00:00",2018,70011194,A0418150103,13,7,749
"2017-09-01 00:00:00",2018,70011194,A0418150104,8,11,750
"2017-09-01 00:00:00",2018,70011194,A0418150105,11,2,751
"2017-09-01 00:00:00",2018,70011194,A1018150101,10,2,752
"2017-09-01 00:00:00",2018,70011194,A1018150102,9,3,753
"2017-09-01 00:00:00",2018,70011194,A1018150103,3,6,754
"2017-09-01 00:00:00",2018,70011194,A1118150201,5,5,755
"2017-09-01 00:00:00",2018,70011194,A1118150202,7,5,756
"2017-09-01 00:00:00",2018,70011194,A1119150203,3,1,757
"2017-09-01 00:00:00",2018,70011194,A1219150301,2,3,758
"2017-09-01 00:00:00",2018,70011194,A1618150101,1,1,759
"2017-09-01 00:00:00",2018,70011194,A1618150103,1,1,760
"2017-09-01 00:00:00",2018,70011194,A1618150104,1,1,761
"2017-09-01 00:00:00",2018,70011194,A2118150101,48,16,762
"2017-09-01 00:00:00",2018,70011194,A2118150102,24,22,763
"2017-09-01 00:00:00",2018,70011194,A2118150103,37,30,764
"2017-09-01 00:00:00",2018,70011194,A2118150104,99,23,765
"2017-09-01 00:00:00",2018,70011194,A2118150105,39,69,766
"2017-09-01 00:00:00",2018,70011194,A2118150106,20,105,767
"2017-09-01 00:00:00",2018,70011194,A2218150201,84,71,768
"2017-09-01 00:00:00",2018,70011194,A2218150202,47,96,769
"2017-09-01 00:00:00",2018,70011194,A2219150203,27,26,770
"2017-09-01 00:00:00",2018,70011194,A2918150101,41,49,771
"2017-09-01 00:00:00",2018,70011194,A2918150102,46,38,772
"2017-09-01 00:00:00",2018,70011194,A2918150103,61,14,773
"2017-09-01 00:00:00",2018,70011194,A2918150104,17,52,774
"2017-09-01 00:00:00",2018,70011194,A2918150105,42,39,775
"2017-09-01 00:00:00",2018,70011194,A2918150106,79,22,776
"2017-09-01 00:00:00",2018,70011194,A3018150201,10,60,777
"2017-09-01 00:00:00",2018,70011194,A3018150202,19,30,778
"2017-09-01 00:00:00",2018,70011194,A3018150203,48,10,779
"2017-09-01 00:00:00",2018,70011194,A3019150204,74,81,780
"2017-09-01 00:00:00",2018,70011194,A3019150205,16,40,781
"2017-09-01 00:00:00",2018,70011194,A3019150206,52,72,782
"2017-09-01 00:00:00",2018,70011194,A4118110101,1,1,783
"2017-09-01 00:00:00",2018,70011194,A4118110102,1,NULL,784
"2017-09-01 00:00:00",2018,70011194,A4118110103,2,1,785
"2017-09-01 00:00:00",2018,70011194,A4118110104,2,NULL,786
"2017-09-01 00:00:00",2018,70011194,A4118110105,2,1,787
"2017-09-01 00:00:00",2018,70011194,A4118110106,2,1,788
"2017-09-01 00:00:00",2018,70011194,A4118110107,2,NULL,789
"2017-09-01 00:00:00",2018,70011194,A4218110201,NULL,2,790
"2017-09-01 00:00:00",2018,70011194,A4218110202,2,1,791
"2017-09-01 00:00:00",2018,70011194,A4218110203,1,1,792
"2017-09-01 00:00:00",2018,70011194,A4218110204,1,1,793
"2017-09-01 00:00:00",2018,70011194,A4218110205,1,1,794
"2017-09-01 00:00:00",2018,70011194,A4918110101,2,1,795
"2017-09-01 00:00:00",2018,70011194,A4918110102,1,2,796
"2017-09-01 00:00:00",2018,70011194,A4918110103,NULL,1,797
"2017-09-01 00:00:00",2018,70011194,A4918110104,2,NULL,798
"2017-09-01 00:00:00",2018,70011194,A5018110201,2,1,799
"2017-09-01 00:00:00",2018,70011194,A5018110203,1,1,800
"2017-09-01 00:00:00",2018,70011194,A5018110204,2,2,801
"2017-09-01 00:00:00",2018,70011194,A6218160101,62,65,802
"2017-09-01 00:00:00",2018,70011194,A6218160102,40,69,803
"2017-09-01 00:00:00",2018,70011194,A7118160101,38,21,804
"2017-09-01 00:00:00",2018,70012042,A0118150101,0,NULL,805
"2017-09-01 00:00:00",2018,70012042,A0118150102,0,NULL,806
"2017-09-01 00:00:00",2018,70012042,A0118150103,0,NULL,807
"2017-09-01 00:00:00",2018,70012042,A0118150104,0,NULL,808
"2017-09-01 00:00:00",2018,70012042,A0418150101,0,NULL,809
"2017-09-01 00:00:00",2018,70012042,A0418150102,0,NULL,810
"2017-09-01 00:00:00",2018,70012042,A0418150103,0,NULL,811
"2017-09-01 00:00:00",2018,70012042,A0418150104,0,NULL,812
"2017-09-01 00:00:00",2018,70012042,A0418150105,0,NULL,813
"2017-09-01 00:00:00",2018,70012042,A1018150101,0,NULL,814
"2017-09-01 00:00:00",2018,70012042,A1018150102,0,NULL,815
"2017-09-01 00:00:00",2018,70012042,A1018150103,0,NULL,816
"2017-09-01 00:00:00",2018,70012042,A1118150201,0,NULL,817
"2017-09-01 00:00:00",2018,70012042,A1118150202,0,NULL,818
"2017-09-01 00:00:00",2018,70012042,A1119150203,0,NULL,819
"2017-09-01 00:00:00",2018,70012042,A1219150301,0,NULL,820
"2017-09-01 00:00:00",2018,70012042,A1618150101,0,NULL,821
"2017-09-01 00:00:00",2018,70012042,A1618150102,0,NULL,822
"2017-09-01 00:00:00",2018,70012042,A1618150103,0,NULL,823
"2017-09-01 00:00:00",2018,70012042,A1618150104,0,NULL,824
"2017-09-01 00:00:00",2018,70012042,A1718150201,0,NULL,825
"2017-09-01 00:00:00",2018,70012042,A2118150101,0,NULL,826
"2017-09-01 00:00:00",2018,70012042,A2118150102,0,NULL,827
"2017-09-01 00:00:00",2018,70012042,A2118150103,0,NULL,828
"2017-09-01 00:00:00",2018,70012042,A2118150104,0,NULL,829
"2017-09-01 00:00:00",2018,70012042,A2118150105,0,NULL,830
"2017-09-01 00:00:00",2018,70012042,A2118150106,0,NULL,831
"2017-09-01 00:00:00",2018,70012042,A2218150201,0,NULL,832
"2017-09-01 00:00:00",2018,70012042,A2218150202,0,NULL,833
"2017-09-01 00:00:00",2018,70012042,A2219150203,0,NULL,834
"2017-09-01 00:00:00",2018,70012042,A2918150101,0,NULL,835
"2017-09-01 00:00:00",2018,70012042,A2918150102,0,NULL,836
"2017-09-01 00:00:00",2018,70012042,A2918150103,0,NULL,837
"2017-09-01 00:00:00",2018,70012042,A2918150104,0,NULL,838
"2017-09-01 00:00:00",2018,70012042,A2918150105,0,NULL,839
"2017-09-01 00:00:00",2018,70012042,A2918150106,0,NULL,840
"2017-09-01 00:00:00",2018,70012042,A3018150201,0,NULL,841
"2017-09-01 00:00:00",2018,70012042,A3018150202,0,NULL,842
"2017-09-01 00:00:00",2018,70012042,A3018150203,0,NULL,843
"2017-09-01 00:00:00",2018,70012042,A3019150204,0,NULL,844
"2017-09-01 00:00:00",2018,70012042,A3019150205,0,NULL,845
"2017-09-01 00:00:00",2018,70012042,A3019150206,0,NULL,846
"2017-09-01 00:00:00",2018,70012042,A3718150101,0,NULL,847
"2017-09-01 00:00:00",2018,70012042,A3718150102,0,NULL,848
"2017-09-01 00:00:00",2018,70012042,A3718150103,0,NULL,849
"2017-09-01 00:00:00",2018,70012042,A3718150104,0,NULL,850
"2017-09-01 00:00:00",2018,70012042,A3718150105,0,NULL,851
"2017-09-01 00:00:00",2018,70012042,A3818150201,0,NULL,852
"2017-09-01 00:00:00",2018,70012042,A3818150202,0,NULL,853
"2017-09-01 00:00:00",2018,70012042,A4118110101,0,NULL,854
"2017-09-01 00:00:00",2018,70012042,A4118110102,0,NULL,855
"2017-09-01 00:00:00",2018,70012042,A4118110103,0,NULL,856
"2017-09-01 00:00:00",2018,70012042,A4118110104,0,NULL,857
"2017-09-01 00:00:00",2018,70012042,A4118110105,0,NULL,858
"2017-09-01 00:00:00",2018,70012042,A4118110106,0,NULL,859
"2017-09-01 00:00:00",2018,70012042,A4118110107,0,NULL,860
"2017-09-01 00:00:00",2018,70012042,A4218110201,0,NULL,861
"2017-09-01 00:00:00",2018,70012042,A4218110202,0,NULL,862
"2017-09-01 00:00:00",2018,70012042,A4218110203,0,NULL,863
"2017-09-01 00:00:00",2018,70012042,A4218110204,0,NULL,864
"2017-09-01 00:00:00",2018,70012042,A4218110205,0,NULL,865
"2017-09-01 00:00:00",2018,70012042,A4918110101,0,NULL,866
"2017-09-01 00:00:00",2018,70012042,A4918110102,0,NULL,867
"2017-09-01 00:00:00",2018,70012042,A4918110103,0,NULL,868
"2017-09-01 00:00:00",2018,70012042,A4918110104,0,NULL,869
"2017-09-01 00:00:00",2018,70012042,A5018110201,0,NULL,870
"2017-09-01 00:00:00",2018,70012042,A5018110202,0,NULL,871
"2017-09-01 00:00:00",2018,70012042,A5018110203,0,NULL,872
"2017-09-01 00:00:00",2018,70012042,A5018110204,0,NULL,873
"2017-09-01 00:00:00",2018,70012042,A5318110101,0,NULL,874
"2017-09-01 00:00:00",2018,70012042,A5318110102,0,NULL,875
"2017-09-01 00:00:00",2018,70012042,A5318110103,0,NULL,876
"2017-09-01 00:00:00",2018,70012042,A5318110104,0,NULL,877
"2017-09-01 00:00:00",2018,70012042,A5318110105,0,NULL,878
"2017-09-01 00:00:00",2018,70012042,A5318110106,0,NULL,879
"2017-09-01 00:00:00",2018,70012042,A5318110107,0,NULL,880
"2017-09-01 00:00:00",2018,70012042,A5318110108,0,NULL,881
"2017-09-01 00:00:00",2018,70012042,A5419110201,0,NULL,882
"2017-09-01 00:00:00",2018,70012042,A5419110202,0,NULL,883
"2017-09-01 00:00:00",2018,70012042,A5419110203,0,NULL,884
"2017-09-01 00:00:00",2018,70012042,A5419110204,0,NULL,885
"2017-09-01 00:00:00",2018,70012042,A5419110205,0,NULL,886
"2017-09-01 00:00:00",2018,70012042,A6018110101,0,NULL,887
"2017-09-01 00:00:00",2018,70012042,A6018110102,0,NULL,888
"2017-09-01 00:00:00",2018,70012042,A6218160101,0,0,889
"2017-09-01 00:00:00",2018,70012042,A6218160102,0,0,890
"2017-09-01 00:00:00",2018,70012042,A7118160101,0,0,891
"2017-09-01 00:00:00",2018,70012043,A0118150101,0,NULL,892
"2017-09-01 00:00:00",2018,70012043,A0118150102,0,NULL,893
"2017-09-01 00:00:00",2018,70012043,A0118150103,0,NULL,894
"2017-09-01 00:00:00",2018,70012043,A0118150104,0,NULL,895
"2017-09-01 00:00:00",2018,70012043,A0418150101,0,NULL,896
"2017-09-01 00:00:00",2018,70012043,A0418150102,0,NULL,897
"2017-09-01 00:00:00",2018,70012043,A0418150103,0,NULL,898
"2017-09-01 00:00:00",2018,70012043,A0418150104,0,NULL,899
"2017-09-01 00:00:00",2018,70012043,A0418150105,0,NULL,900
"2017-09-01 00:00:00",2018,70012043,A1018150101,0,NULL,901
"2017-09-01 00:00:00",2018,70012043,A1018150102,0,NULL,902
"2017-09-01 00:00:00",2018,70012043,A1018150103,0,NULL,903
"2017-09-01 00:00:00",2018,70012043,A1118150201,0,NULL,904
"2017-09-01 00:00:00",2018,70012043,A1118150202,0,NULL,905
"2017-09-01 00:00:00",2018,70012043,A1119150203,0,NULL,906
"2017-09-01 00:00:00",2018,70012043,A1219150301,0,NULL,907
"2017-09-01 00:00:00",2018,70012043,A1618150101,0,NULL,908
"2017-09-01 00:00:00",2018,70012043,A1618150102,0,NULL,909
"2017-09-01 00:00:00",2018,70012043,A1618150103,0,NULL,910
"2017-09-01 00:00:00",2018,70012043,A1618150104,0,NULL,911
"2017-09-01 00:00:00",2018,70012043,A1718150201,0,NULL,912
"2017-09-01 00:00:00",2018,70012043,A2118150101,0,NULL,913
"2017-09-01 00:00:00",2018,70012043,A2118150102,0,NULL,914
"2017-09-01 00:00:00",2018,70012043,A2118150103,0,NULL,915
"2017-09-01 00:00:00",2018,70012043,A2118150104,0,NULL,916
"2017-09-01 00:00:00",2018,70012043,A2118150105,0,NULL,917
"2017-09-01 00:00:00",2018,70012043,A2118150106,0,NULL,918
"2017-09-01 00:00:00",2018,70012043,A2218150201,0,NULL,919
"2017-09-01 00:00:00",2018,70012043,A2218150202,0,NULL,920
"2017-09-01 00:00:00",2018,70012043,A2219150203,0,NULL,921
"2017-09-01 00:00:00",2018,70012043,A2918150101,0,NULL,922
"2017-09-01 00:00:00",2018,70012043,A2918150102,0,NULL,923
"2017-09-01 00:00:00",2018,70012043,A2918150103,0,NULL,924
"2017-09-01 00:00:00",2018,70012043,A2918150104,0,NULL,925
"2017-09-01 00:00:00",2018,70012043,A2918150105,0,NULL,926
"2017-09-01 00:00:00",2018,70012043,A2918150106,0,NULL,927
"2017-09-01 00:00:00",2018,70012043,A3018150201,0,NULL,928
"2017-09-01 00:00:00",2018,70012043,A3018150202,0,NULL,929
"2017-09-01 00:00:00",2018,70012043,A3018150203,0,NULL,930
"2017-09-01 00:00:00",2018,70012043,A3019150204,0,NULL,931
"2017-09-01 00:00:00",2018,70012043,A3019150205,0,NULL,932
"2017-09-01 00:00:00",2018,70012043,A3019150206,0,NULL,933
"2017-09-01 00:00:00",2018,70012043,A3718150101,0,NULL,934
"2017-09-01 00:00:00",2018,70012043,A3718150102,0,NULL,935
"2017-09-01 00:00:00",2018,70012043,A3718150103,0,NULL,936
"2017-09-01 00:00:00",2018,70012043,A3718150104,0,NULL,937
"2017-09-01 00:00:00",2018,70012043,A3718150105,0,NULL,938
"2017-09-01 00:00:00",2018,70012043,A3818150201,0,NULL,939
"2017-09-01 00:00:00",2018,70012043,A3818150202,0,NULL,940
"2017-09-01 00:00:00",2018,70012043,A4118110101,0,NULL,941
"2017-09-01 00:00:00",2018,70012043,A4118110102,0,NULL,942
"2017-09-01 00:00:00",2018,70012043,A4118110103,0,NULL,943
"2017-09-01 00:00:00",2018,70012043,A4118110104,0,NULL,944
"2017-09-01 00:00:00",2018,70012043,A4118110105,0,NULL,945
"2017-09-01 00:00:00",2018,70012043,A4118110106,0,NULL,946
"2017-09-01 00:00:00",2018,70012043,A4118110107,0,NULL,947
"2017-09-01 00:00:00",2018,70012043,A4218110201,0,NULL,948
"2017-09-01 00:00:00",2018,70012043,A4218110202,0,NULL,949
"2017-09-01 00:00:00",2018,70012043,A4218110203,0,NULL,950
"2017-09-01 00:00:00",2018,70012043,A4218110204,0,NULL,951
"2017-09-01 00:00:00",2018,70012043,A4218110205,0,NULL,952
"2017-09-01 00:00:00",2018,70012043,A4918110101,0,NULL,953
"2017-09-01 00:00:00",2018,70012043,A4918110102,0,NULL,954
"2017-09-01 00:00:00",2018,70012043,A4918110103,0,NULL,955
"2017-09-01 00:00:00",2018,70012043,A4918110104,0,NULL,956
"2017-09-01 00:00:00",2018,70012043,A5018110201,0,NULL,957
"2017-09-01 00:00:00",2018,70012043,A5018110202,0,NULL,958
"2017-09-01 00:00:00",2018,70012043,A5018110203,0,NULL,959
"2017-09-01 00:00:00",2018,70012043,A5018110204,0,NULL,960
"2017-09-01 00:00:00",2018,70012043,A5318110101,0,NULL,961
"2017-09-01 00:00:00",2018,70012043,A5318110102,0,NULL,962
"2017-09-01 00:00:00",2018,70012043,A5318110103,0,NULL,963
"2017-09-01 00:00:00",2018,70012043,A5318110104,0,NULL,964
"2017-09-01 00:00:00",2018,70012043,A5318110105,0,NULL,965
"2017-09-01 00:00:00",2018,70012043,A5318110106,0,NULL,966
"2017-09-01 00:00:00",2018,70012043,A5318110107,0,NULL,967
"2017-09-01 00:00:00",2018,70012043,A5318110108,0,NULL,968
"2017-09-01 00:00:00",2018,70012043,A5419110201,0,NULL,969
"2017-09-01 00:00:00",2018,70012043,A5419110202,0,NULL,970
"2017-09-01 00:00:00",2018,70012043,A5419110203,0,NULL,971
"2017-09-01 00:00:00",2018,70012043,A5419110204,0,NULL,972
"2017-09-01 00:00:00",2018,70012043,A5419110205,0,NULL,973
"2017-09-01 00:00:00",2018,70012043,A6018110101,0,NULL,974
"2017-09-01 00:00:00",2018,70012043,A6018110102,0,NULL,975
"2017-09-01 00:00:00",2018,70012043,A6218160101,0,NULL,976
"2017-09-01 00:00:00",2018,70012043,A6218160102,0,NULL,977
"2017-09-01 00:00:00",2018,70012043,A7118160101,0,NULL,978
"2017-09-01 00:00:00",2018,70013125,A0118150101,1,2,979
"2017-09-01 00:00:00",2018,70013125,A0118150102,2,2,980
"2017-09-01 00:00:00",2018,70013125,A0118150103,1,2,981
"2017-09-01 00:00:00",2018,70013125,A0118150104,2,2,982
"2017-09-01 00:00:00",2018,70013125,A0418150101,2,1,983
"2017-09-01 00:00:00",2018,70013125,A0418150102,4,1,984
"2017-09-01 00:00:00",2018,70013125,A0418150103,1,1,985
"2017-09-01 00:00:00",2018,70013125,A0418150104,1,1,986
"2017-09-01 00:00:00",2018,70013125,A0418150105,1,1,987
"2017-09-01 00:00:00",2018,70013125,A1018150101,1,NULL,988
"2017-09-01 00:00:00",2018,70013125,A1018150102,1,1,989
"2017-09-01 00:00:00",2018,70013125,A1018150103,1,NULL,990
"2017-09-01 00:00:00",2018,70013125,A1118150201,1,NULL,991
"2017-09-01 00:00:00",2018,70013125,A1118150202,2,NULL,992
"2017-09-01 00:00:00",2018,70013125,A1119150203,2,1,993
"2017-09-01 00:00:00",2018,70013125,A1219150301,2,1,994
"2017-09-01 00:00:00",2018,70013125,A2118150101,24,9,995
"2017-09-01 00:00:00",2018,70013125,A2118150102,20,21,996
"2017-09-01 00:00:00",2018,70013125,A2118150103,26,13,997
"2017-09-01 00:00:00",2018,70013125,A2118150104,10,13,998
"2017-09-01 00:00:00",2018,70013125,A2118150105,5,14,999
"2017-09-01 00:00:00",2018,70013125,A2118150106,19,24,1000
"2018-09-01 00:00:00",2019,70002017,A0118150101,34,90,1
"2018-09-01 00:00:00",2019,70002017,A0118150102,34,35,2
"2018-09-01 00:00:00",2019,70002017,A0118150103,119,43,3
"2018-09-01 00:00:00",2019,70002017,A0118150104,106,52,4
"2018-09-01 00:00:00",2019,70002017,A0219150201,89,104,5
"2018-09-01 00:00:00",2019,70002017,A0219150202,32,23,6
"2018-09-01 00:00:00",2019,70002017,A0418150101,65,39,7
"2018-09-01 00:00:00",2019,70002017,A0418150102,69,70,8
"2018-09-01 00:00:00",2019,70002017,A0418150103,61,121,9
"2018-09-01 00:00:00",2019,70002017,A0418150104,30,91,10
"2018-09-01 00:00:00",2019,70002017,A0418150105,27,68,11
"2018-09-01 00:00:00",2019,70002017,A0418150106,42,71,12
"2018-09-01 00:00:00",2019,70002017,A0418150107,48,47,13
"2018-09-01 00:00:00",2019,70002017,A0418150108,62,82,14
"2018-09-01 00:00:00",2019,70002017,A0519150201,94,65,15
"2018-09-01 00:00:00",2019,70002017,A0519150202,65,119,16
"2018-09-01 00:00:00",2019,70002017,A0519150203,15,113,17
"2018-09-01 00:00:00",2019,70002017,A0519150204,56,64,18
"2018-09-01 00:00:00",2019,70002017,A0519150205,21,45,19
"2018-09-01 00:00:00",2019,70002017,A0519150206,31,102,20
"2018-09-01 00:00:00",2019,70002017,A0519150207,93,19,21
"2018-09-01 00:00:00",2019,70002017,A0519150208,75,33,22
"2018-09-01 00:00:00",2019,70002017,A1018150101,9,17,23
"2018-09-01 00:00:00",2019,70002017,A1018150102,14,72,24
"2018-09-01 00:00:00",2019,70002017,A1018150103,55,56,25
"2018-09-01 00:00:00",2019,70002017,A1118150201,17,69,26
"2018-09-01 00:00:00",2019,70002017,A1118150202,42,55,27
"2018-09-01 00:00:00",2019,70002017,A1119150203,15,77,28
"2018-09-01 00:00:00",2019,70002017,A1219150301,23,29,29
"2018-09-01 00:00:00",2019,70002017,A1219150302,26,19,30
"2018-09-01 00:00:00",2019,70002017,A1219150303,50,55,31
"2018-09-01 00:00:00",2019,70002017,A1618150101,10,8,32
"2018-09-01 00:00:00",2019,70002017,A1618150102,4,13,33
"2018-09-01 00:00:00",2019,70002017,A1618150103,2,10,34
"2018-09-01 00:00:00",2019,70002017,A1618150104,11,1,35
"2018-09-01 00:00:00",2019,70002017,A1718150201,3,10,36
"2018-09-01 00:00:00",2019,70002017,A1718150202,3,3,37
"2018-09-01 00:00:00",2019,70002017,A1718150203,8,4,38
"2018-09-01 00:00:00",2019,70002017,A1718150204,6,7,39
"2018-09-01 00:00:00",2019,70002017,A1819150301,9,2,40
"2018-09-01 00:00:00",2019,70002017,A2118150101,331,357,41
"2018-09-01 00:00:00",2019,70002017,A2118150102,601,286,42
"2018-09-01 00:00:00",2019,70002017,A2118150103,144,444,43
"2018-09-01 00:00:00",2019,70002017,A2118150104,326,199,44
"2018-09-01 00:00:00",2019,70002017,A2118150105,271,341,45
"2018-09-01 00:00:00",2019,70002017,A2118150106,587,572,46
"2018-09-01 00:00:00",2019,70002017,A2218150201,548,338,47
"2018-09-01 00:00:00",2019,70002017,A2218150202,340,503,48
"2018-09-01 00:00:00",2019,70002017,A2219150203,423,408,49
"2018-09-01 00:00:00",2019,70002017,A2219150204,371,504,50
"2018-09-01 00:00:00",2019,70002017,A2219150205,393,494,51
"2018-09-01 00:00:00",2019,70002017,A2219150206,505,565,52
"2018-09-01 00:00:00",2019,70002017,A2319150301,317,548,53
"2018-09-01 00:00:00",2019,70002017,A2319150302,121,270,54
"2018-09-01 00:00:00",2019,70002017,A2319150303,477,322,55
"2018-09-01 00:00:00",2019,70002017,A2319150304,562,584,56
"2018-09-01 00:00:00",2019,70002017,A2319150305,529,177,57
"2018-09-01 00:00:00",2019,70002017,A2918150101,300,326,58
"2018-09-01 00:00:00",2019,70002017,A2918150102,369,252,59
"2018-09-01 00:00:00",2019,70002017,A2918150103,350,138,60
"2018-09-01 00:00:00",2019,70002017,A2918150104,73,549,61
"2018-09-01 00:00:00",2019,70002017,A2918150105,111,146,62
"2018-09-01 00:00:00",2019,70002017,A2918150106,356,263,63
"2018-09-01 00:00:00",2019,70002017,A3018150201,212,266,64
"2018-09-01 00:00:00",2019,70002017,A3018150202,456,349,65
"2018-09-01 00:00:00",2019,70002017,A3018150203,79,159,66
"2018-09-01 00:00:00",2019,70002017,A3019150204,308,138,67
"2018-09-01 00:00:00",2019,70002017,A3019150205,84,144,68
"2018-09-01 00:00:00",2019,70002017,A3019150206,105,159,69
"2018-09-01 00:00:00",2019,70002017,A3119150301,55,437,70
"2018-09-01 00:00:00",2019,70002017,A3119150302,456,627,71
"2018-09-01 00:00:00",2019,70002017,A3119150303,93,96,72
"2018-09-01 00:00:00",2019,70002017,A3120150304,81,298,73
"2018-09-01 00:00:00",2019,70002017,A3120150305,412,636,74
"2018-09-01 00:00:00",2019,70002017,A3120150306,165,262,75
"2018-09-01 00:00:00",2019,70002017,A3220150401,467,250,76
"2018-09-01 00:00:00",2019,70002017,A3220150402,290,391,77
"2018-09-01 00:00:00",2019,70002017,A4118110101,12,14,78
"2018-09-01 00:00:00",2019,70002017,A4118110102,6,7,79
"2018-09-01 00:00:00",2019,70002017,A4118110103,7,3,80
"2018-09-01 00:00:00",2019,70002017,A4118110104,6,10,81
"2018-09-01 00:00:00",2019,70002017,A4118110105,14,9,82
"2018-09-01 00:00:00",2019,70002017,A4118110106,10,9,83
"2018-09-01 00:00:00",2019,70002017,A4118110107,15,9,84
"2018-09-01 00:00:00",2019,70002017,A4218110201,13,11,85
"2018-09-01 00:00:00",2019,70002017,A4218110202,15,12,86
"2018-09-01 00:00:00",2019,70002017,A4218110203,9,9,87
"2018-09-01 00:00:00",2019,70002017,A4218110204,12,5,88
"2018-09-01 00:00:00",2019,70002017,A4218110205,10,10,89
"2018-09-01 00:00:00",2019,70002017,A4218110206,4,13,90
"2018-09-01 00:00:00",2019,70002017,A4218110207,13,15,91
"2018-09-01 00:00:00",2019,70002017,A4218110208,12,14,92
"2018-09-01 00:00:00",2019,70002017,A4318110301,6,16,93
"2018-09-01 00:00:00",2019,70002017,A4319110302,3,15,94
"2018-09-01 00:00:00",2019,70002017,A4319110303,14,8,95
"2018-09-01 00:00:00",2019,70002017,A4319110304,14,10,96
"2018-09-01 00:00:00",2019,70002017,A4319110305,10,6,97
"2018-09-01 00:00:00",2019,70002017,A4319110306,11,8,98
"2018-09-01 00:00:00",2019,70002017,A4419110401,9,3,99
"2018-09-01 00:00:00",2019,70002017,A4419110402,13,10,100
"2018-09-01 00:00:00",2019,70002017,A4419110403,9,10,101
"2018-09-01 00:00:00",2019,70002017,A4918110101,5,8,102
"2018-09-01 00:00:00",2019,70002017,A4918110102,6,9,103
"2018-09-01 00:00:00",2019,70002017,A4918110103,9,9,104
"2018-09-01 00:00:00",2019,70002017,A4918110104,5,4,105
"2018-09-01 00:00:00",2019,70002017,A5018110201,6,4,106
"2018-09-01 00:00:00",2019,70002017,A5018110202,7,8,107
"2018-09-01 00:00:00",2019,70002017,A5018110203,6,9,108
"2018-09-01 00:00:00",2019,70002017,A5018110204,2,7,109
"2018-09-01 00:00:00",2019,70002017,A5018110205,7,4,110
"2018-09-01 00:00:00",2019,70002017,A5018110206,4,8,111
"2018-09-01 00:00:00",2019,70002017,A5018110207,9,11,112
"2018-09-01 00:00:00",2019,70002017,A5019110208,6,3,113
"2018-09-01 00:00:00",2019,70002017,A5119110301,9,3,114
"2018-09-01 00:00:00",2019,70002017,A5119110302,7,7,115
"2018-09-01 00:00:00",2019,70002017,A5119110303,10,10,116
"2018-09-01 00:00:00",2019,70002017,A5119110304,4,5,117
"2018-09-01 00:00:00",2019,70002017,A5318110101,3,3,118
"2018-09-01 00:00:00",2019,70002017,A5318110102,2,1,119
"2018-09-01 00:00:00",2019,70002017,A5318110103,1,2,120
"2018-09-01 00:00:00",2019,70002017,A5318110104,3,1,121
"2018-09-01 00:00:00",2019,70002017,A5318110105,1,1,122
"2018-09-01 00:00:00",2019,70002017,A5318110106,2,2,123
"2018-09-01 00:00:00",2019,70002017,A5318110107,2,2,124
"2018-09-01 00:00:00",2019,70002017,A5318110108,3,1,125
"2018-09-01 00:00:00",2019,70002017,A5419110201,1,1,126
"2018-09-01 00:00:00",2019,70002017,A5419110202,1,1,127
"2018-09-01 00:00:00",2019,70002017,A5419110203,3,2,128
"2018-09-01 00:00:00",2019,70002017,A5419110204,2,2,129
"2018-09-01 00:00:00",2019,70002017,A5419110205,3,1,130
"2018-09-01 00:00:00",2019,70002017,A5419110206,2,2,131
"2018-09-01 00:00:00",2019,70002017,A5419110207,2,1,132
"2018-09-01 00:00:00",2019,70002017,A5419110208,2,1,133
"2018-09-01 00:00:00",2019,70002017,A5519110301,2,3,134
"2018-09-01 00:00:00",2019,70002017,A5519110302,2,2,135
"2018-09-01 00:00:00",2019,70002017,A5519110303,3,1,136
"2018-09-01 00:00:00",2019,70002017,A5519110304,3,3,137
"2018-09-01 00:00:00",2019,70002017,A5520110305,2,2,138
"2018-09-01 00:00:00",2019,70002017,A5520110306,3,3,139
"2018-09-01 00:00:00",2019,70002017,A5520110307,1,3,140
"2018-09-01 00:00:00",2019,70002017,A5520110308,2,1,141
"2018-09-01 00:00:00",2019,70002017,A5620110401,1,3,142
"2018-09-01 00:00:00",2019,70002017,A5620110402,1,1,143
"2018-09-01 00:00:00",2019,70002017,A5621110403,1,3,144
"2018-09-01 00:00:00",2019,70002017,A5621110404,3,3,145
"2018-09-01 00:00:00",2019,70002017,A5621110405,2,2,146
"2018-09-01 00:00:00",2019,70002017,A6218160101,177,1062,147
"2018-09-01 00:00:00",2019,70002017,A6218160102,511,1079,148
"2018-09-01 00:00:00",2019,70002017,A6219160103,201,906,149
"2018-09-01 00:00:00",2019,70002017,A6319160201,666,695,150
"2018-09-01 00:00:00",2019,70002017,A6319160202,339,1068,151
"2018-09-01 00:00:00",2019,70002017,A6319160203,786,1008,152
"2018-09-01 00:00:00",2019,70002017,A7118160101,215,301,153
"2018-09-01 00:00:00",2019,70002017,A7119160102,202,771,154
"2018-09-01 00:00:00",2019,70002017,A7119160103,531,1369,155
"2018-09-01 00:00:00",2019,70002017,A7219160201,854,1221,156
"2018-09-01 00:00:00",2019,70002018,A0118150101,40,89,157
"2018-09-01 00:00:00",2019,70002018,A0118150102,23,67,158
"2018-09-01 00:00:00",2019,70002018,A0118150103,58,32,159
"2018-09-01 00:00:00",2019,70002018,A0118150104,50,20,160
"2018-09-01 00:00:00",2019,70002018,A0219150201,110,22,161
"2018-09-01 00:00:00",2019,70002018,A0219150202,77,47,162
"2018-09-01 00:00:00",2019,70002018,A0418150101,92,31,163
"2018-09-01 00:00:00",2019,70002018,A0418150102,76,52,164
"2018-09-01 00:00:00",2019,70002018,A0418150103,80,122,165
"2018-09-01 00:00:00",2019,70002018,A0418150104,75,36,166
"2018-09-01 00:00:00",2019,70002018,A0418150105,34,135,167
"2018-09-01 00:00:00",2019,70002018,A0418150106,90,28,168
"2018-09-01 00:00:00",2019,70002018,A0418150107,93,86,169
"2018-09-01 00:00:00",2019,70002018,A0418150108,100,23,170
"2018-09-01 00:00:00",2019,70002018,A0519150201,52,104,171
"2018-09-01 00:00:00",2019,70002018,A0519150202,32,80,172
"2018-09-01 00:00:00",2019,70002018,A0519150203,40,80,173
"2018-09-01 00:00:00",2019,70002018,A0519150204,35,87,174
"2018-09-01 00:00:00",2019,70002018,A0519150205,27,71,175
"2018-09-01 00:00:00",2019,70002018,A0519150206,97,26,176
"2018-09-01 00:00:00",2019,70002018,A0519150207,41,118,177
"2018-09-01 00:00:00",2019,70002018,A0519150208,49,34,178
"2018-09-01 00:00:00",2019,70002018,A1018150101,16,24,179
"2018-09-01 00:00:00",2019,70002018,A1018150102,60,62,180
"2018-09-01 00:00:00",2019,70002018,A1018150103,60,32,181
"2018-09-01 00:00:00",2019,70002018,A1118150201,48,48,182
"2018-09-01 00:00:00",2019,70002018,A1118150202,39,54,183
"2018-09-01 00:00:00",2019,70002018,A1119150203,16,69,184
"2018-09-01 00:00:00",2019,70002018,A1219150301,45,78,185
"2018-09-01 00:00:00",2019,70002018,A1219150302,41,35,186
"2018-09-01 00:00:00",2019,70002018,A1219150303,56,32,187
"2018-09-01 00:00:00",2019,70002018,A1618150101,6,5,188
"2018-09-01 00:00:00",2019,70002018,A1618150102,5,9,189
"2018-09-01 00:00:00",2019,70002018,A1618150103,5,7,190
"2018-09-01 00:00:00",2019,70002018,A1618150104,7,10,191
"2018-09-01 00:00:00",2019,70002018,A1718150201,4,9,192
"2018-09-01 00:00:00",2019,70002018,A1718150202,7,11,193
"2018-09-01 00:00:00",2019,70002018,A1718150203,1,2,194
"2018-09-01 00:00:00",2019,70002018,A1718150204,1,8,195
"2018-09-01 00:00:00",2019,70002018,A1819150301,3,3,196
"2018-09-01 00:00:00",2019,70002018,A2118150101,146,471,197
"2018-09-01 00:00:00",2019,70002018,A2118150102,178,690,198
"2018-09-01 00:00:00",2019,70002018,A2118150103,332,381,199
"2018-09-01 00:00:00",2019,70002018,A2118150104,204,492,200
"2018-09-01 00:00:00",2019,70002018,A2118150105,141,123,201
"2018-09-01 00:00:00",2019,70002018,A2118150106,161,410,202
"2018-09-01 00:00:00",2019,70002018,A2218150201,428,214,203
"2018-09-01 00:00:00",2019,70002018,A2218150202,478,529,204
"2018-09-01 00:00:00",2019,70002018,A2219150203,579,422,205
"2018-09-01 00:00:00",2019,70002018,A2219150204,427,471,206
"2018-09-01 00:00:00",2019,70002018,A2219150205,272,128,207
"2018-09-01 00:00:00",2019,70002018,A2219150206,244,282,208
"2018-09-01 00:00:00",2019,70002018,A2319150301,499,107,209
"2018-09-01 00:00:00",2019,70002018,A2319150302,151,253,210
"2018-09-01 00:00:00",2019,70002018,A2319150303,599,436,211
"2018-09-01 00:00:00",2019,70002018,A2319150304,318,546,212
"2018-09-01 00:00:00",2019,70002018,A2319150305,374,121,213
"2018-09-01 00:00:00",2019,70002018,A2918150101,299,268,214
"2018-09-01 00:00:00",2019,70002018,A2918150102,232,250,215
"2018-09-01 00:00:00",2019,70002018,A2918150103,218,321,216
"2018-09-01 00:00:00",2019,70002018,A2918150104,445,300,217
"2018-09-01 00:00:00",2019,70002018,A2918150105,290,308,218
"2018-09-01 00:00:00",2019,70002018,A2918150106,441,135,219
"2018-09-01 00:00:00",2019,70002018,A3018150201,107,201,220
"2018-09-01 00:00:00",2019,70002018,A3018150202,337,317,221
"2018-09-01 00:00:00",2019,70002018,A3018150203,159,86,222
"2018-09-01 00:00:00",2019,70002018,A3019150204,384,242,223
"2018-09-01 00:00:00",2019,70002018,A3019150205,428,392,224
"2018-09-01 00:00:00",2019,70002018,A3019150206,361,500,225
"2018-09-01 00:00:00",2019,70002018,A3119150301,442,70,226
"2018-09-01 00:00:00",2019,70002018,A3119150302,314,319,227
"2018-09-01 00:00:00",2019,70002018,A3119150303,196,107,228
"2018-09-01 00:00:00",2019,70002018,A3120150304,466,61,229
"2018-09-01 00:00:00",2019,70002018,A3120150305,378,348,230
"2018-09-01 00:00:00",2019,70002018,A3120150306,191,414,231
"2018-09-01 00:00:00",2019,70002018,A3220150401,201,595,232
"2018-09-01 00:00:00",2019,70002018,A3220150402,354,567,233
"2018-09-01 00:00:00",2019,70002018,A4118110101,14,7,234
"2018-09-01 00:00:00",2019,70002018,A4118110102,10,4,235
"2018-09-01 00:00:00",2019,70002018,A4118110103,7,9,236
"2018-09-01 00:00:00",2019,70002018,A4118110104,4,6,237
"2018-09-01 00:00:00",2019,70002018,A4118110105,13,8,238
"2018-09-01 00:00:00",2019,70002018,A4118110106,4,12,239
"2018-09-01 00:00:00",2019,70002018,A4118110107,14,4,240
"2018-09-01 00:00:00",2019,70002018,A4218110201,11,3,241
"2018-09-01 00:00:00",2019,70002018,A4218110202,4,8,242
"2018-09-01 00:00:00",2019,70002018,A4218110203,8,13,243
"2018-09-01 00:00:00",2019,70002018,A4218110204,4,11,244
"2018-09-01 00:00:00",2019,70002018,A4218110205,4,5,245
"2018-09-01 00:00:00",2019,70002018,A4218110206,11,9,246
"2018-09-01 00:00:00",2019,70002018,A4218110207,14,11,247
"2018-09-01 00:00:00",2019,70002018,A4218110208,14,10,248
"2018-09-01 00:00:00",2019,70002018,A4318110301,12,7,249
"2018-09-01 00:00:00",2019,70002018,A4319110302,14,11,250
"2018-09-01 00:00:00",2019,70002018,A4319110303,10,7,251
"2018-09-01 00:00:00",2019,70002018,A4319110304,3,14,252
"2018-09-01 00:00:00",2019,70002018,A4319110305,10,12,253
"2018-09-01 00:00:00",2019,70002018,A4319110306,10,8,254
"2018-09-01 00:00:00",2019,70002018,A4419110401,13,6,255
"2018-09-01 00:00:00",2019,70002018,A4419110402,9,15,256
"2018-09-01 00:00:00",2019,70002018,A4419110403,14,8,257
"2018-09-01 00:00:00",2019,70002018,A4918110101,4,8,258
"2018-09-01 00:00:00",2019,70002018,A4918110102,2,3,259
"2018-09-01 00:00:00",2019,70002018,A4918110103,6,4,260
"2018-09-01 00:00:00",2019,70002018,A4918110104,7,4,261
"2018-09-01 00:00:00",2019,70002018,A5018110201,8,3,262
"2018-09-01 00:00:00",2019,70002018,A5018110202,8,2,263
"2018-09-01 00:00:00",2019,70002018,A5018110203,5,7,264
"2018-09-01 00:00:00",2019,70002018,A5018110204,6,9,265
"2018-09-01 00:00:00",2019,70002018,A5018110205,4,6,266
"2018-09-01 00:00:00",2019,70002018,A5018110206,2,9,267
"2018-09-01 00:00:00",2019,70002018,A5018110207,7,5,268
"2018-09-01 00:00:00",2019,70002018,A5019110208,5,3,269
"2018-09-01 00:00:00",2019,70002018,A5119110301,2,4,270
"2018-09-01 00:00:00",2019,70002018,A5119110302,3,7,271
"2018-09-01 00:00:00",2019,70002018,A5119110303,8,9,272
"2018-09-01 00:00:00",2019,70002018,A5119110304,3,9,273
"2018-09-01 00:00:00",2019,70002018,A5318110101,3,3,274
"2018-09-01 00:00:00",2019,70002018,A5318110102,2,2,275
"2018-09-01 00:00:00",2019,70002018,A5318110103,2,3,276
"2018-09-01 00:00:00",2019,70002018,A5318110104,1,1,277
"2018-09-01 00:00:00",2019,70002018,A5318110105,2,1,278
"2018-09-01 00:00:00",2019,70002018,A5318110106,2,1,279
"2018-09-01 00:00:00",2019,70002018,A5318110107,1,1,280
"2018-09-01 00:00:00",2019,70002018,A5318110108,2,3,281
"2018-09-01 00:00:00",2019,70002018,A5419110201,3,3,282
"2018-09-01 00:00:00",2019,70002018,A5419110202,2,1,283
"2018-09-01 00:00:00",2019,70002018,A5419110203,2,2,284
"2018-09-01 00:00:00",2019,70002018,A5419110204,2,3,285
"2018-09-01 00:00:00",2019,70002018,A5419110205,1,3,286
"2018-09-01 00:00:00",2019,70002018,A5419110206,3,1,287
"2018-09-01 00:00:00",2019,70002018,A5419110207,3,1,288
"2018-09-01 00:00:00",2019,70002018,A5419110208,2,3,289
"2018-09-01 00:00:00",2019,70002018,A5519110301,1,1,290
"2018-09-01 00:00:00",2019,70002018,A5519110302,1,2,291
"2018-09-01 00:00:00",2019,70002018,A5519110303,2,2,292
"2018-09-01 00:00:00",2019,70002018,A5519110304,3,2,293
"2018-09-01 00:00:00",2019,70002018,A5520110305,1,3,294
"2018-09-01 00:00:00",2019,70002018,A5520110306,2,3,295
"2018-09-01 00:00:00",2019,70002018,A5520110307,2,3,296
"2018-09-01 00:00:00",2019,70002018,A5520110308,1,1,297
"2018-09-01 00:00:00",2019,70002018,A5620110401,2,2,298
"2018-09-01 00:00:00",2019,70002018,A5620110402,2,2,299
"2018-09-01 00:00:00",2019,70002018,A5621110403,2,2,300
"2018-09-01 00:00:00",2019,70002018,A5621110404,1,2,301
"2018-09-01 00:00:00",2019,70002018,A5621110405,2,1,302
"2018-09-01 00:00:00",2019,70002018,A6218160101,648,801,303
"2018-09-01 00:00:00",2019,70002018,A6218160102,399,318,304
"2018-09-01 00:00:00",2019,70002018,A6219160103,824,244,305
"2018-09-01 00:00:00",2019,70002018,A6319160201,509,322,306
"2018-09-01 00:00:00",2019,70002018,A6319160202,761,1066,307
"2018-09-01 00:00:00",2019,70002018,A6319160203,834,565,308
"2018-09-01 00:00:00",2019,70002018,A7118160101,808,1343,309
"2018-09-01 00:00:00",2019,70002018,A7119160102,165,290,310
"2018-09-01 00:00:00",2019,70002018,A7119160103,974,868,311
"2018-09-01 00:00:00",2019,70002018,A7219160201,557,348,312
"2018-09-01 00:00:00",2019,70003181,A0118150101,15,35,313
"2018-09-01 00:00:00",2019,70003181,A0118150102,50,17,314
"2018-09-01 00:00:00",2019,70003181,A0118150103,43,22,315
"2018-09-01 00:00:00",2019,70003181,A0118150104,8,27,316
"2018-09-01 00:00:00",2019,70003181,A0219150201,48,28,317
"2018-09-01 00:00:00",2019,70003181,A0219150202,30,34,318
"2018-09-01 00:00:00",2019,70003181,A0418150101,14,37,319
"2018-09-01 00:00:00",2019,70003181,A0418150102,34,14,320
"2018-09-01 00:00:00",2019,70003181,A0418150103,5,8,321
"2018-09-01 00:00:00",2019,70003181,A0418150104,38,9,322
"2018-09-01 00:00:00",2019,70003181,A0418150105,20,21,323
"2018-09-01 00:00:00",2019,70003181,A0418150106,21,12,324
"2018-09-01 00:00:00",2019,70003181,A0418150107,16,33,325
"2018-09-01 00:00:00",2019,70003181,A0418150108,7,23,326
"2018-09-01 00:00:00",2019,70003181,A0519150201,19,40,327
"2018-09-01 00:00:00",2019,70003181,A0519150202,34,44,328
"2018-09-01 00:00:00",2019,70003181,A0519150203,9,4,329
"2018-09-01 00:00:00",2019,70003181,A0519150204,17,38,330
"2018-09-01 00:00:00",2019,70003181,A0519150205,32,35,331
"2018-09-01 00:00:00",2019,70003181,A0519150206,22,31,332
"2018-09-01 00:00:00",2019,70003181,A0519150207,12,24,333
"2018-09-01 00:00:00",2019,70003181,A0519150208,7,27,334
"2018-09-01 00:00:00",2019,70003181,A1018150101,18,27,335
"2018-09-01 00:00:00",2019,70003181,A1018150102,7,19,336
"2018-09-01 00:00:00",2019,70003181,A1018150103,4,13,337
"2018-09-01 00:00:00",2019,70003181,A1118150201,9,17,338
"2018-09-01 00:00:00",2019,70003181,A1118150202,5,27,339
"2018-09-01 00:00:00",2019,70003181,A1119150203,7,29,340
"2018-09-01 00:00:00",2019,70003181,A1219150301,22,9,341
"2018-09-01 00:00:00",2019,70003181,A1219150302,14,18,342
"2018-09-01 00:00:00",2019,70003181,A1219150303,12,22,343
"2018-09-01 00:00:00",2019,70003181,A1618150101,3,2,344
"2018-09-01 00:00:00",2019,70003181,A1618150102,4,2,345
"2018-09-01 00:00:00",2019,70003181,A1618150103,1,4,346
"2018-09-01 00:00:00",2019,70003181,A1618150104,2,2,347
"2018-09-01 00:00:00",2019,70003181,A1718150201,1,1,348
"2018-09-01 00:00:00",2019,70003181,A1718150202,2,1,349
"2018-09-01 00:00:00",2019,70003181,A1718150203,1,3,350
"2018-09-01 00:00:00",2019,70003181,A1718150204,1,5,351
"2018-09-01 00:00:00",2019,70003181,A1819150301,3,3,352
"2018-09-01 00:00:00",2019,70003181,A2118150101,205,83,353
"2018-09-01 00:00:00",2019,70003181,A2118150102,53,69,354
"2018-09-01 00:00:00",2019,70003181,A2118150103,218,119,355
"2018-09-01 00:00:00",2019,70003181,A2118150104,150,119,356
"2018-09-01 00:00:00",2019,70003181,A2118150105,122,145,357
"2018-09-01 00:00:00",2019,70003181,A2118150106,29,154,358
"2018-09-01 00:00:00",2019,70003181,A2218150201,89,177,359
"2018-09-01 00:00:00",2019,70003181,A2218150202,65,164,360
"2018-09-01 00:00:00",2019,70003181,A2219150203,233,111,361
"2018-09-01 00:00:00",2019,70003181,A2219150204,186,29,362
"2018-09-01 00:00:00",2019,70003181,A2219150205,65,108,363
"2018-09-01 00:00:00",2019,70003181,A2219150206,106,234,364
"2018-09-01 00:00:00",2019,70003181,A2319150301,119,58,365
"2018-09-01 00:00:00",2019,70003181,A2319150302,40,115,366
"2018-09-01 00:00:00",2019,70003181,A2319150303,117,227,367
"2018-09-01 00:00:00",2019,70003181,A2319150304,93,42,368
"2018-09-01 00:00:00",2019,70003181,A2319150305,142,42,369
"2018-09-01 00:00:00",2019,70003181,A2918150101,126,75,370
"2018-09-01 00:00:00",2019,70003181,A2918150102,155,189,371
"2018-09-01 00:00:00",2019,70003181,A2918150103,173,111,372
"2018-09-01 00:00:00",2019,70003181,A2918150104,105,98,373
"2018-09-01 00:00:00",2019,70003181,A2918150105,149,125,374
"2018-09-01 00:00:00",2019,70003181,A2918150106,172,177,375
"2018-09-01 00:00:00",2019,70003181,A3018150201,174,46,376
"2018-09-01 00:00:00",2019,70003181,A3018150202,118,56,377
"2018-09-01 00:00:00",2019,70003181,A3018150203,19,86,378
"2018-09-01 00:00:00",2019,70003181,A3019150204,71,78,379
"2018-09-01 00:00:00",2019,70003181,A3019150205,130,21,380
"2018-09-01 00:00:00",2019,70003181,A3019150206,154,156,381
"2018-09-01 00:00:00",2019,70003181,A3119150301,152,105,382
"2018-09-01 00:00:00",2019,70003181,A3119150302,88,39,383
"2018-09-01 00:00:00",2019,70003181,A3119150303,101,80,384
"2018-09-01 00:00:00",2019,70003181,A3120150304,122,202,385
"2018-09-01 00:00:00",2019,70003181,A3120150305,161,97,386
"2018-09-01 00:00:00",2019,70003181,A3120150306,160,128,387
"2018-09-01 00:00:00",2019,70003181,A3220150401,152,50,388
"2018-09-01 00:00:00",2019,70003181,A3220150402,136,182,389
"2018-09-01 00:00:00",2019,70003181,A4118110101,6,5,390
"2018-09-01 00:00:00",2019,70003181,A4118110102,5,3,391
"2018-09-01 00:00:00",2019,70003181,A4118110103,5,2,392
"2018-09-01 00:00:00",2019,70003181,A4118110104,5,4,393
"2018-09-01 00:00:00",2019,70003181,A4118110105,1,2,394
"2018-09-01 00:00:00",2019,70003181,A4118110106,3,4,395
"2018-09-01 00:00:00",2019,70003181,A4118110107,4,3,396
"2018-09-01 00:00:00",2019,70003181,A4218110201,3,1,397
"2018-09-01 00:00:00",2019,70003181,A4218110202,6,3,398
"2018-09-01 00:00:00",2019,70003181,A4218110203,3,5,399
"2018-09-01 00:00:00",2019,70003181,A4218110204,6,1,400
"2018-09-01 00:00:00",2019,70003181,A4218110205,2,1,401
"2018-09-01 00:00:00",2019,70003181,A4218110206,3,3,402
"2018-09-01 00:00:00",2019,70003181,A4218110207,1,4,403
"2018-09-01 00:00:00",2019,70003181,A4218110208,1,3,404
"2018-09-01 00:00:00",2019,70003181,A4318110301,6,1,405
"2018-09-01 00:00:00",2019,70003181,A4319110302,5,2,406
"2018-09-01 00:00:00",2019,70003181,A4319110303,3,3,407
"2018-09-01 00:00:00",2019,70003181,A4319110304,3,2,408
"2018-09-01 00:00:00",2019,70003181,A4319110305,6,3,409
"2018-09-01 00:00:00",2019,70003181,A4319110306,2,1,410
"2018-09-01 00:00:00",2019,70003181,A4419110401,3,4,411
"2018-09-01 00:00:00",2019,70003181,A4419110402,1,3,412
"2018-09-01 00:00:00",2019,70003181,A4419110403,3,5,413
"2018-09-01 00:00:00",2019,70003181,A4918110101,1,2,414
"2018-09-01 00:00:00",2019,70003181,A4918110102,1,2,415
"2018-09-01 00:00:00",2019,70003181,A4918110103,1,2,416
"2018-09-01 00:00:00",2019,70003181,A4918110104,2,3,417
"2018-09-01 00:00:00",2019,70003181,A5018110201,4,2,418
"2018-09-01 00:00:00",2019,70003181,A5018110202,2,1,419
"2018-09-01 00:00:00",2019,70003181,A5018110203,1,2,420
"2018-09-01 00:00:00",2019,70003181,A5018110204,1,3,421
"2018-09-01 00:00:00",2019,70003181,A5018110205,4,2,422
"2018-09-01 00:00:00",2019,70003181,A5018110206,2,3,423
"2018-09-01 00:00:00",2019,70003181,A5018110207,3,3,424
"2018-09-01 00:00:00",2019,70003181,A5019110208,2,2,425
"2018-09-01 00:00:00",2019,70003181,A5119110301,1,2,426
"2018-09-01 00:00:00",2019,70003181,A5119110302,2,2,427
"2018-09-01 00:00:00",2019,70003181,A5119110303,1,1,428
"2018-09-01 00:00:00",2019,70003181,A5119110304,4,1,429
"2018-09-01 00:00:00",2019,70003181,A5318110101,NULL,1,430
"2018-09-01 00:00:00",2019,70003181,A5318110102,1,1,431
"2018-09-01 00:00:00",2019,70003181,A5318110103,1,1,432
"2018-09-01 00:00:00",2019,70003181,A5318110106,NULL,1,433
"2018-09-01 00:00:00",2019,70003181,A5318110107,1,1,434
"2018-09-01 00:00:00",2019,70003181,A5318110108,1,1,435
"2018-09-01 00:00:00",2019,70003181,A5419110201,1,1,436
"2018-09-01 00:00:00",2019,70003181,A5419110202,NULL,1,437
"2018-09-01 00:00:00",2019,70003181,A5419110203,1,1,438
"2018-09-01 00:00:00",2019,70003181,A5419110204,1,1,439
"2018-09-01 00:00:00",2019,70003181,A5419110205,1,1,440
"2018-09-01 00:00:00",2019,70003181,A5419110206,NULL,1,441
"2018-09-01 00:00:00",2019,70003181,A5419110207,NULL,1,442
"2018-09-01 00:00:00",2019,70003181,A5419110208,NULL,1,443
"2018-09-01 00:00:00",2019,70003181,A5519110301,1,1,444
"2018-09-01 00:00:00",2019,70003181,A5519110302,1,1,445
"2018-09-01 00:00:00",2019,70003181,A5519110303,1,1,446
"2018-09-01 00:00:00",2019,70003181,A5519110304,NULL,1,447
"2018-09-01 00:00:00",2019,70003181,A5520110305,1,1,448
"2018-09-01 00:00:00",2019,70003181,A5520110307,1,NULL,449
"2018-09-01 00:00:00",2019,70003181,A5620110401,NULL,1,450
"2018-09-01 00:00:00",2019,70003181,A5620110402,1,NULL,451
"2018-09-01 00:00:00",2019,70003181,A5621110403,NULL,1,452
"2018-09-01 00:00:00",2019,70003181,A5621110404,1,1,453
"2018-09-01 00:00:00",2019,70003181,A5621110405,1,1,454
"2018-09-01 00:00:00",2019,70003181,A6218160101,181,395,455
"2018-09-01 00:00:00",2019,70003181,A6218160102,166,298,456
"2018-09-01 00:00:00",2019,70003181,A6219160103,228,61,457
"2018-09-01 00:00:00",2019,70003181,A6319160201,222,505,458
"2018-09-01 00:00:00",2019,70003181,A6319160202,104,228,459
"2018-09-01 00:00:00",2019,70003181,A6319160203,288,266,460
"2018-09-01 00:00:00",2019,70003181,A7118160101,90,443,461
"2018-09-01 00:00:00",2019,70003181,A7119160102,270,259,462
"2018-09-01 00:00:00",2019,70003181,A7119160103,365,268,463
"2018-09-01 00:00:00",2019,70003181,A7219160201,145,386,464
"2018-09-01 00:00:00",2019,70003182,A0118150101,26,29,465
"2018-09-01 00:00:00",2019,70003182,A0118150102,44,29,466
"2018-09-01 00:00:00",2019,70003182,A0118150103,29,5,467
"2018-09-01 00:00:00",2019,70003182,A0118150104,45,7,468
"2018-09-01 00:00:00",2019,70003182,A0219150201,18,7,469
"2018-09-01 00:00:00",2019,70003182,A0219150202,32,25,470
"2018-09-01 00:00:00",2019,70003182,A0418150101,18,29,471
"2018-09-01 00:00:00",2019,70003182,A0418150102,40,36,472
"2018-09-01 00:00:00",2019,70003182,A0418150103,37,24,473
"2018-09-01 00:00:00",2019,70003182,A0418150104,7,6,474
"2018-09-01 00:00:00",2019,70003182,A0418150105,17,41,475
"2018-09-01 00:00:00",2019,70003182,A0418150106,15,5,476
"2018-09-01 00:00:00",2019,70003182,A0418150107,33,32,477
"2018-09-01 00:00:00",2019,70003182,A0418150108,33,10,478
"2018-09-01 00:00:00",2019,70003182,A0519150201,35,26,479
"2018-09-01 00:00:00",2019,70003182,A0519150202,9,34,480
"2018-09-01 00:00:00",2019,70003182,A0519150203,27,9,481
"2018-09-01 00:00:00",2019,70003182,A0519150204,20,22,482
"2018-09-01 00:00:00",2019,70003182,A0519150205,33,23,483
"2018-09-01 00:00:00",2019,70003182,A0519150206,40,39,484
"2018-09-01 00:00:00",2019,70003182,A0519150207,24,37,485
"2018-09-01 00:00:00",2019,70003182,A0519150208,9,22,486
"2018-09-01 00:00:00",2019,70003182,A1018150101,5,33,487
"2018-09-01 00:00:00",2019,70003182,A1018150102,5,6,488
"2018-09-01 00:00:00",2019,70003182,A1018150103,14,21,489
"2018-09-01 00:00:00",2019,70003182,A1118150201,21,30,490
"2018-09-01 00:00:00",2019,70003182,A1118150202,8,13,491
"2018-09-01 00:00:00",2019,70003182,A1119150203,17,26,492
"2018-09-01 00:00:00",2019,70003182,A1219150301,24,17,493
"2018-09-01 00:00:00",2019,70003182,A1219150302,12,14,494
"2018-09-01 00:00:00",2019,70003182,A1219150303,19,7,495
"2018-09-01 00:00:00",2019,70003182,A1618150101,4,2,496
"2018-09-01 00:00:00",2019,70003182,A1618150102,1,4,497
"2018-09-01 00:00:00",2019,70003182,A1618150103,4,2,498
"2018-09-01 00:00:00",2019,70003182,A1618150104,4,2,499
"2018-09-01 00:00:00",2019,70003182,A1718150201,4,2,500
"2018-09-01 00:00:00",2019,70003182,A1718150202,2,2,501
"2018-09-01 00:00:00",2019,70003182,A1718150203,4,4,502
"2018-09-01 00:00:00",2019,70003182,A1718150204,2,3,503
"2018-09-01 00:00:00",2019,70003182,A1819150301,3,2,504
"2018-09-01 00:00:00",2019,70003182,A2118150101,110,139,505
"2018-09-01 00:00:00",2019,70003182,A2118150102,170,139,506
"2018-09-01 00:00:00",2019,70003182,A2118150103,38,109,507
"2018-09-01 00:00:00",2019,70003182,A2118150104,104,149,508
"2018-09-01 00:00:00",2019,70003182,A2118150105,202,77,509
"2018-09-01 00:00:00",2019,70003182,A2118150106,136,30,510
"2018-09-01 00:00:00",2019,70003182,A2218150201,46,178,511
"2018-09-01 00:00:00",2019,70003182,A2218150202,228,85,512
"2018-09-01 00:00:00",2019,70003182,A2219150203,61,42,513
"2018-09-01 00:00:00",2019,70003182,A2219150204,152,240,514
"2018-09-01 00:00:00",2019,70003182,A2219150205,115,51,515
"2018-09-01 00:00:00",2019,70003182,A2219150206,218,235,516
"2018-09-01 00:00:00",2019,70003182,A2319150301,151,109,517
"2018-09-01 00:00:00",2019,70003182,A2319150302,229,93,518
"2018-09-01 00:00:00",2019,70003182,A2319150303,215,197,519
"2018-09-01 00:00:00",2019,70003182,A2319150304,90,160,520
"2018-09-01 00:00:00",2019,70003182,A2319150305,155,257,521
"2018-09-01 00:00:00",2019,70003182,A2918150101,34,118,522
"2018-09-01 00:00:00",2019,70003182,A2918150102,132,181,523
"2018-09-01 00:00:00",2019,70003182,A2918150103,156,155,524
"2018-09-01 00:00:00",2019,70003182,A2918150104,81,142,525
"2018-09-01 00:00:00",2019,70003182,A2918150105,182,132,526
"2018-09-01 00:00:00",2019,70003182,A2918150106,148,49,527
"2018-09-01 00:00:00",2019,70003182,A3018150201,125,68,528
"2018-09-01 00:00:00",2019,70003182,A3018150202,58,119,529
"2018-09-01 00:00:00",2019,70003182,A3018150203,80,100,530
"2018-09-01 00:00:00",2019,70003182,A3019150204,71,156,531
"2018-09-01 00:00:00",2019,70003182,A3019150205,156,83,532
"2018-09-01 00:00:00",2019,70003182,A3019150206,117,232,533
"2018-09-01 00:00:00",2019,70003182,A3119150301,102,200,534
"2018-09-01 00:00:00",2019,70003182,A3119150302,103,70,535
"2018-09-01 00:00:00",2019,70003182,A3119150303,177,103,536
"2018-09-01 00:00:00",2019,70003182,A3120150304,54,115,537
"2018-09-01 00:00:00",2019,70003182,A3120150305,100,103,538
"2018-09-01 00:00:00",2019,70003182,A3120150306,62,128,539
"2018-09-01 00:00:00",2019,70003182,A3220150401,55,162,540
"2018-09-01 00:00:00",2019,70003182,A3220150402,49,20,541
"2018-09-01 00:00:00",2019,70003182,A4118110101,4,2,542
"2018-09-01 00:00:00",2019,70003182,A4118110102,5,3,543
"2018-09-01 00:00:00",2019,70003182,A4118110103,3,1,544
"2018-09-01 00:00:00",2019,70003182,A4118110104,2,2,545
"2018-09-01 00:00:00",2019,70003182,A4118110105,2,2,546
"2018-09-01 00:00:00",2019,70003182,A4118110106,4,2,547
"2018-09-01 00:00:00",2019,70003182,A4118110107,5,2,548
"2018-09-01 00:00:00",2019,70003182,A4218110201,4,5,549
"2018-09-01 00:00:00",2019,70003182,A4218110202,5,4,550
"2018-09-01 00:00:00",2019,70003182,A4218110203,3,2,551
"2018-09-01 00:00:00",2019,70003182,A4218110204,5,3,552
"2018-09-01 00:00:00",2019,70003182,A4218110205,5,3,553
"2018-09-01 00:00:00",2019,70003182,A4218110206,5,3,554
"2018-09-01 00:00:00",2019,70003182,A4218110207,3,2,555
"2018-09-01 00:00:00",2019,70003182,A4218110208,3,4,556
"2018-09-01 00:00:00",2019,70003182,A4318110301,3,2,557
"2018-09-01 00:00:00",2019,70003182,A4319110302,2,3,558
"2018-09-01 00:00:00",2019,70003182,A4319110303,4,3,559
"2018-09-01 00:00:00",2019,70003182,A4319110304,2,2,560
"2018-09-01 00:00:00",2019,70003182,A4319110305,1,4,561
"2018-09-01 00:00:00",2019,70003182,A4319110306,5,2,562
"2018-09-01 00:00:00",2019,70003182,A4419110401,1,1,563
"2018-09-01 00:00:00",2019,70003182,A4419110402,5,5,564
"2018-09-01 00:00:00",2019,70003182,A4419110403,6,3,565
"2018-09-01 00:00:00",2019,70003182,A4918110101,1,4,566
"2018-09-01 00:00:00",2019,70003182,A4918110102,3,3,567
"2018-09-01 00:00:00",2019,70003182,A4918110103,2,2,568
"2018-09-01 00:00:00",2019,70003182,A4918110104,3,3,569
"2018-09-01 00:00:00",2019,70003182,A5018110201,3,1,570
"2018-09-01 00:00:00",2019,70003182,A5018110202,3,1,571
"2018-09-01 00:00:00",2019,70003182,A5018110203,3,2,572
"2018-09-01 00:00:00",2019,70003182,A5018110204,1,3,573
"2018-09-01 00:00:00",2019,70003182,A5018110205,2,1,574
"2018-09-01 00:00:00",2019,70003182,A5018110206,1,2,575
"2018-09-01 00:00:00",2019,70003182,A5018110207,2,2,576
"2018-09-01 00:00:00",2019,70003182,A5019110208,4,1,577
"2018-09-01 00:00:00",2019,70003182,A5119110301,2,4,578
"2018-09-01 00:00:00",2019,70003182,A5119110302,2,2,579
"2018-09-01 00:00:00",2019,70003182,A5119110303,2,1,580
"2018-09-01 00:00:00",2019,70003182,A5119110304,2,4,581
"2018-09-01 00:00:00",2019,70003182,A5318110101,1,1,582
"2018-09-01 00:00:00",2019,70003182,A5318110102,1,1,583
"2018-09-01 00:00:00",2019,70003182,A5318110103,1,NULL,584
"2018-09-01 00:00:00",2019,70003182,A5318110104,1,NULL,585
"2018-09-01 00:00:00",2019,70003182,A5318110105,1,1,586
"2018-09-01 00:00:00",2019,70003182,A5318110106,1,1,587
"2018-09-01 00:00:00",2019,70003182,A5318110107,1,NULL,588
"2018-09-01 00:00:00",2019,70003182,A5318110108,NULL,1,589
"2018-09-01 00:00:00",2019,70003182,A5419110202,NULL,1,590
"2018-09-01 00:00:00",2019,70003182,A5419110203,1,NULL,591
"2018-09-01 00:00:00",2019,70003182,A5419110204,1,1,592
"2018-09-01 00:00:00",2019,70003182,A5419110205,1,1,593
"2018-09-01 00:00:00",2019,70003182,A5419110206,1,1,594
"2018-09-01 00:00:00",2019,70003182,A5419110207,1,1,595
"2018-09-01 00:00:00",2019,70003182,A5419110208,1,1,596
"2018-09-01 00:00:00",2019,70003182,A5519110301,1,NULL,597
"2018-09-01 00:00:00",2019,70003182,A5519110302,1,1,598
"2018-09-01 00:00:00",2019,70003182,A5519110303,1,NULL,599
"2018-09-01 00:00:00",2019,70003182,A5519110304,1,NULL,600
"2018-09-01 00:00:00",2019,70003182,A5520110305,1,1,601
"2018-09-01 00:00:00",2019,70003182,A5520110306,NULL,1,602
"2018-09-01 00:00:00",2019,70003182,A5520110307,1,1,603
"2018-09-01 00:00:00",2019,70003182,A5520110308,NULL,1,604
"2018-09-01 00:00:00",2019,70003182,A5620110401,1,NULL,605
"2018-09-01 00:00:00",2019,70003182,A5620110402,1,1,606
"2018-09-01 00:00:00",2019,70003182,A5621110403,NULL,1,607
"2018-09-01 00:00:00",2019,70003182,A5621110404,NULL,1,608
"2018-09-01 00:00:00",2019,70003182,A5621110405,1,NULL,609
"2018-09-01 00:00:00",2019,70003182,A6218160101,210,426,610
"2018-09-01 00:00:00",2019,70003182,A6218160102,141,484,611
"2018-09-01 00:00:00",2019,70003182,A6219160103,314,163,612
"2018-09-01 00:00:00",2019,70003182,A6319160201,150,270,613
"2018-09-01 00:00:00",2019,70003182,A6319160202,180,255,614
"2018-09-01 00:00:00",2019,70003182,A6319160203,112,190,615
"2018-09-01 00:00:00",2019,70003182,A7118160101,107,213,616
"2018-09-01 00:00:00",2019,70003182,A7119160102,166,111,617
"2018-09-01 00:00:00",2019,70003182,A7119160103,236,326,618
"2018-09-01 00:00:00",2019,70003182,A7219160201,285,335,619
"2018-09-01 00:00:00",2019,70004069,A6218160101,NULL,0,620
"2018-09-01 00:00:00",2019,70004069,A6218160102,NULL,0,621
"2018-09-01 00:00:00",2019,70004069,A6219160103,NULL,0,622
"2018-09-01 00:00:00",2019,70004069,A6319160201,NULL,0,623
"2018-09-01 00:00:00",2019,70004069,A6319160202,NULL,0,624
"2018-09-01 00:00:00",2019,70004069,A6319160203,NULL,0,625
"2018-09-01 00:00:00",2019,70004069,A7118160101,NULL,0,626
"2018-09-01 00:00:00",2019,70004069,A7119160102,NULL,0,627
"2018-09-01 00:00:00",2019,70004069,A7119160103,NULL,0,628
"2018-09-01 00:00:00",2019,70004069,A7219160201,NULL,0,629
"2018-09-01 00:00:00",2019,70005163,A0118150101,3,2,630
"2018-09-01 00:00:00",2019,70005163,A0118150102,4,3,631
"2018-09-01 00:00:00",2019,70005163,A0118150103,3,6,632
"2018-09-01 00:00:00",2019,70005163,A0118150104,3,3,633
"2018-09-01 00:00:00",2019,70005163,A0219150201,8,9,634
"2018-09-01 00:00:00",2019,70005163,A0219150202,4,4,635
"2018-09-01 00:00:00",2019,70005163,A0418150101,5,9,636
"2018-09-01 00:00:00",2019,70005163,A0418150102,5,11,637
"2018-09-01 00:00:00",2019,70005163,A0418150103,6,9,638
"2018-09-01 00:00:00",2019,70005163,A0418150104,1,3,639
"2018-09-01 00:00:00",2019,70005163,A0418150105,7,2,640
"2018-09-01 00:00:00",2019,70005163,A0418150106,3,9,641
"2018-09-01 00:00:00",2019,70005163,A0418150107,4,13,642
"2018-09-01 00:00:00",2019,70005163,A0418150108,5,3,643
"2018-09-01 00:00:00",2019,70005163,A0519150201,2,5,644
"2018-09-01 00:00:00",2019,70005163,A0519150202,2,4,645
"2018-09-01 00:00:00",2019,70005163,A0519150203,1,4,646
"2018-09-01 00:00:00",2019,70005163,A0519150204,7,4,647
"2018-09-01 00:00:00",2019,70005163,A0519150205,4,3,648
"2018-09-01 00:00:00",2019,70005163,A0519150206,3,4,649
"2018-09-01 00:00:00",2019,70005163,A0519150207,7,3,650
"2018-09-01 00:00:00",2019,70005163,A0519150208,6,6,651
"2018-09-01 00:00:00",2019,70005163,A1018150101,1,6,652
"2018-09-01 00:00:00",2019,70005163,A1018150102,5,4,653
"2018-09-01 00:00:00",2019,70005163,A1018150103,5,6,654
"2018-09-01 00:00:00",2019,70005163,A1118150201,3,2,655
"2018-09-01 00:00:00",2019,70005163,A1118150202,4,1,656
"2018-09-01 00:00:00",2019,70005163,A1119150203,3,4,657
"2018-09-01 00:00:00",2019,70005163,A1219150301,4,4,658
"2018-09-01 00:00:00",2019,70005163,A1219150302,3,8,659
"2018-09-01 00:00:00",2019,70005163,A1219150303,2,4,660
"2018-09-01 00:00:00",2019,70005163,A1618150101,NULL,1,661
"2018-09-01 00:00:00",2019,70005163,A1618150102,1,1,662
"2018-09-01 00:00:00",2019,70005163,A1618150103,NULL,1,663
"2018-09-01 00:00:00",2019,70005163,A1618150104,NULL,1,664
"2018-09-01 00:00:00",2019,70005163,A1718150201,1,1,665
"2018-09-01 00:00:00",2019,70005163,A1718150202,1,1,666
"2018-09-01 00:00:00",2019,70005163,A1718150203,NULL,1,667
"2018-09-01 00:00:00",2019,70005163,A1718150204,NULL,1,668
"2018-09-01 00:00:00",2019,70005163,A1819150301,NULL,1,669
"2018-09-01 00:00:00",2019,70005163,A2118150101,37,49,670
"2018-09-01 00:00:00",2019,70005163,A2118150102,45,70,671
"2018-09-01 00:00:00",2019,70005163,A2118150103,16,31,672
"2018-09-01 00:00:00",2019,70005163,A2118150104,21,12,673
"2018-09-01 00:00:00",2019,70005163,A2118150105,48,49,674
"2018-09-01 00:00:00",2019,70005163,A2118150106,15,46,675
"2018-09-01 00:00:00",2019,70005163,A2218150201,19,46,676
"2018-09-01 00:00:00",2019,70005163,A2218150202,40,27,677
"2018-09-01 00:00:00",2019,70005163,A2219150203,23,53,678
"2018-09-01 00:00:00",2019,70005163,A2219150204,35,27,679
"2018-09-01 00:00:00",2019,70005163,A2219150205,10,48,680
"2018-09-01 00:00:00",2019,70005163,A2219150206,24,11,681
"2018-09-01 00:00:00",2019,70005163,A2319150301,12,49,682
"2018-09-01 00:00:00",2019,70005163,A2319150302,44,55,683
"2018-09-01 00:00:00",2019,70005163,A2319150303,33,58,684
"2018-09-01 00:00:00",2019,70005163,A2319150304,9,48,685
"2018-09-01 00:00:00",2019,70005163,A2319150305,24,41,686
"2018-09-01 00:00:00",2019,70005163,A2918150101,37,13,687
"2018-09-01 00:00:00",2019,70005163,A2918150102,26,28,688
"2018-09-01 00:00:00",2019,70005163,A2918150103,24,36,689
"2018-09-01 00:00:00",2019,70005163,A2918150104,35,44,690
"2018-09-01 00:00:00",2019,70005163,A2918150105,35,18,691
"2018-09-01 00:00:00",2019,70005163,A2918150106,35,36,692
"2018-09-01 00:00:00",2019,70005163,A3018150201,18,28,693
"2018-09-01 00:00:00",2019,70005163,A3018150202,8,11,694
"2018-09-01 00:00:00",2019,70005163,A3018150203,27,29,695
"2018-09-01 00:00:00",2019,70005163,A3019150204,25,19,696
"2018-09-01 00:00:00",2019,70005163,A3019150205,15,45,697
"2018-09-01 00:00:00",2019,70005163,A3019150206,19,28,698
"2018-09-01 00:00:00",2019,70005163,A3119150301,26,13,699
"2018-09-01 00:00:00",2019,70005163,A3119150302,22,38,700
"2018-09-01 00:00:00",2019,70005163,A3119150303,21,23,701
"2018-09-01 00:00:00",2019,70005163,A3120150304,35,38,702
"2018-09-01 00:00:00",2019,70005163,A3120150305,20,37,703
"2018-09-01 00:00:00",2019,70005163,A3120150306,27,11,704
"2018-09-01 00:00:00",2019,70005163,A3220150401,10,15,705
"2018-09-01 00:00:00",2019,70005163,A3220150402,19,8,706
"2018-09-01 00:00:00",2019,70005163,A4118110101,1,1,707
"2018-09-01 00:00:00",2019,70005163,A4118110102,1,NULL,708
"2018-09-01 00:00:00",2019,70005163,A4118110103,NULL,1,709
"2018-09-01 00:00:00",2019,70005163,A4118110104,NULL,1,710
"2018-09-01 00:00:00",2019,70005163,A4118110105,1,NULL,711
"2018-09-01 00:00:00",2019,70005163,A4118110106,1,1,712
"2018-09-01 00:00:00",2019,70005163,A4118110107,1,1,713
"2018-09-01 00:00:00",2019,70005163,A4218110201,1,1,714
"2018-09-01 00:00:00",2019,70005163,A4218110202,1,1,715
"2018-09-01 00:00:00",2019,70005163,A4218110203,NULL,1,716
"2018-09-01 00:00:00",2019,70005163,A4218110204,1,NULL,717
"2018-09-01 00:00:00",2019,70005163,A4218110205,1,1,718
"2018-09-01 00:00:00",2019,70005163,A4218110206,1,NULL,719
"2018-09-01 00:00:00",2019,70005163,A4218110207,1,1,720
"2018-09-01 00:00:00",2019,70005163,A4318110301,1,NULL,721
"2018-09-01 00:00:00",2019,70005163,A4319110302,1,2,722
"2018-09-01 00:00:00",2019,70005163,A4319110303,1,1,723
"2018-09-01 00:00:00",2019,70005163,A4319110304,1,1,724
"2018-09-01 00:00:00",2019,70005163,A4319110305,NULL,1,725
"2018-09-01 00:00:00",2019,70005163,A4319110306,1,1,726
"2018-09-01 00:00:00",2019,70005163,A4419110401,1,1,727
"2018-09-01 00:00:00",2019,70005163,A4419110402,NULL,1,728
"2018-09-01 00:00:00",2019,70005163,A4419110403,1,1,729
"2018-09-01 00:00:00",2019,70005163,A4918110101,NULL,1,730
"2018-09-01 00:00:00",2019,70005163,A4918110102,1,1,731
"2018-09-01 00:00:00",2019,70005163,A4918110104,NULL,1,732
"2018-09-01 00:00:00",2019,70005163,A5018110201,1,1,733
"2018-09-01 00:00:00",2019,70005163,A5018110202,NULL,1,734
"2018-09-01 00:00:00",2019,70005163,A5018110203,1,1,735
"2018-09-01 00:00:00",2019,70005163,A5018110204,NULL,1,736
"2018-09-01 00:00:00",2019,70005163,A5018110205,NULL,1,737
"2018-09-01 00:00:00",2019,70005163,A5018110207,1,NULL,738
"2018-09-01 00:00:00",2019,70005163,A5019110208,NULL,1,739
"2018-09-01 00:00:00",2019,70005163,A5119110301,1,1,740
"2018-09-01 00:00:00",2019,70005163,A5119110302,1,1,741
"2018-09-01 00:00:00",2019,70005163,A5119110303,1,1,742
"2018-09-01 00:00:00",2019,70005163,A5119110304,1,1,743
"2018-09-01 00:00:00",2019,70005163,A6218160101,56,14,744
"2018-09-01 00:00:00",2019,70005163,A6218160102,38,43,745
"2018-09-01 00:00:00",2019,70005163,A6219160103,54,66,746
"2018-09-01 00:00:00",2019,70005163,A6319160201,38,22,747
"2018-09-01 00:00:00",2019,70005163,A6319160202,49,58,748
"2018-09-01 00:00:00",2019,70005163,A6319160203,70,56,749
"2018-09-01 00:00:00",2019,70005163,A7118160101,43,65,750
"2018-09-01 00:00:00",2019,70005163,A7119160102,68,110,751
"2018-09-01 00:00:00",2019,70005163,A7119160103,70,91,752
"2018-09-01 00:00:00",2019,70005163,A7219160201,81,64,753
"2018-09-01 00:00:00",2019,70006157,A0118150101,28,26,754
"2018-09-01 00:00:00",2019,70006157,A0118150102,29,21,755
"2018-09-01 00:00:00",2019,70006157,A0118150103,23,5,756
"2018-09-01 00:00:00",2019,70006157,A0118150104,29,28,757
"2018-09-01 00:00:00",2019,70006157,A0219150201,27,25,758
"2018-09-01 00:00:00",2019,70006157,A0219150202,24,26,759
"2018-09-01 00:00:00",2019,70006157,A0418150101,29,8,760
"2018-09-01 00:00:00",2019,70006157,A0418150102,22,16,761
"2018-09-01 00:00:00",2019,70006157,A0418150103,26,12,762
"2018-09-01 00:00:00",2019,70006157,A0418150104,16,6,763
"2018-09-01 00:00:00",2019,70006157,A0418150105,21,7,764
"2018-09-01 00:00:00",2019,70006157,A0418150106,6,13,765
"2018-09-01 00:00:00",2019,70006157,A0418150107,26,4,766
"2018-09-01 00:00:00",2019,70006157,A0418150108,13,3,767
"2018-09-01 00:00:00",2019,70006157,A0519150201,17,6,768
"2018-09-01 00:00:00",2019,70006157,A0519150202,10,11,769
"2018-09-01 00:00:00",2019,70006157,A0519150203,15,25,770
"2018-09-01 00:00:00",2019,70006157,A0519150204,21,22,771
"2018-09-01 00:00:00",2019,70006157,A0519150205,23,10,772
"2018-09-01 00:00:00",2019,70006157,A0519150206,21,12,773
"2018-09-01 00:00:00",2019,70006157,A0519150207,7,25,774
"2018-09-01 00:00:00",2019,70006157,A0519150208,21,7,775
"2018-09-01 00:00:00",2019,70006157,A1018150101,3,19,776
"2018-09-01 00:00:00",2019,70006157,A1018150102,8,3,777
"2018-09-01 00:00:00",2019,70006157,A1018150103,11,17,778
"2018-09-01 00:00:00",2019,70006157,A1118150201,13,10,779
"2018-09-01 00:00:00",2019,70006157,A1118150202,15,20,780
"2018-09-01 00:00:00",2019,70006157,A1119150203,12,12,781
"2018-09-01 00:00:00",2019,70006157,A1219150301,8,13,782
"2018-09-01 00:00:00",2019,70006157,A1219150302,6,4,783
"2018-09-01 00:00:00",2019,70006157,A1219150303,11,17,784
"2018-09-01 00:00:00",2019,70006157,A1618150101,1,NULL,785
"2018-09-01 00:00:00",2019,70006157,A1618150102,2,2,786
"2018-09-01 00:00:00",2019,70006157,A1618150103,1,NULL,787
"2018-09-01 00:00:00",2019,70006157,A1618150104,1,1,788
"2018-09-01 00:00:00",2019,70006157,A1718150201,2,NULL,789
"2018-09-01 00:00:00",2019,70006157,A1718150202,3,1,790
"2018-09-01 00:00:00",2019,70006157,A1718150203,2,2,791
"2018-09-01 00:00:00",2019,70006157,A1718150204,3,2,792
"2018-09-01 00:00:00",2019,70006157,A1819150301,1,1,793
"2018-09-01 00:00:00",2019,70006157,A2118150101,152,45,794
"2018-09-01 00:00:00",2019,70006157,A2118150102,121,127,795
"2018-09-01 00:00:00",2019,70006157,A2118150103,91,99,796
"2018-09-01 00:00:00",2019,70006157,A2118150104,49,82,797
"2018-09-01 00:00:00",2019,70006157,A2118150105,159,62,798
"2018-09-01 00:00:00",2019,70006157,A2118150106,152,123,799
"2018-09-01 00:00:00",2019,70006157,A2218150201,71,87,800
"2018-09-01 00:00:00",2019,70006157,A2218150202,56,135,801
"2018-09-01 00:00:00",2019,70006157,A2219150203,32,54,802
"2018-09-01 00:00:00",2019,70006157,A2219150204,105,46,803
"2018-09-01 00:00:00",2019,70006157,A2219150205,81,133,804
"2018-09-01 00:00:00",2019,70006157,A2219150206,82,54,805
"2018-09-01 00:00:00",2019,70006157,A2319150301,145,72,806
"2018-09-01 00:00:00",2019,70006157,A2319150302,57,97,807
"2018-09-01 00:00:00",2019,70006157,A2319150303,61,66,808
"2018-09-01 00:00:00",2019,70006157,A2319150304,24,48,809
"2018-09-01 00:00:00",2019,70006157,A2319150305,56,125,810
"2018-09-01 00:00:00",2019,70006157,A2918150101,30,108,811
"2018-09-01 00:00:00",2019,70006157,A2918150102,90,16,812
"2018-09-01 00:00:00",2019,70006157,A2918150103,69,15,813
"2018-09-01 00:00:00",2019,70006157,A2918150104,34,85,814
"2018-09-01 00:00:00",2019,70006157,A2918150105,134,86,815
"2018-09-01 00:00:00",2019,70006157,A2918150106,110,107,816
"2018-09-01 00:00:00",2019,70006157,A3018150201,35,87,817
"2018-09-01 00:00:00",2019,70006157,A3018150202,77,112,818
"2018-09-01 00:00:00",2019,70006157,A3018150203,68,92,819
"2018-09-01 00:00:00",2019,70006157,A3019150204,72,29,820
"2018-09-01 00:00:00",2019,70006157,A3019150205,63,59,821
"2018-09-01 00:00:00",2019,70006157,A3019150206,91,93,822
"2018-09-01 00:00:00",2019,70006157,A3119150301,113,25,823
"2018-09-01 00:00:00",2019,70006157,A3119150302,103,46,824
"2018-09-01 00:00:00",2019,70006157,A3119150303,138,126,825
"2018-09-01 00:00:00",2019,70006157,A3120150304,52,139,826
"2018-09-01 00:00:00",2019,70006157,A3120150305,121,138,827
"2018-09-01 00:00:00",2019,70006157,A3120150306,27,99,828
"2018-09-01 00:00:00",2019,70006157,A3220150401,58,42,829
"2018-09-01 00:00:00",2019,70006157,A3220150402,130,117,830
"2018-09-01 00:00:00",2019,70006157,A4118110101,2,1,831
"2018-09-01 00:00:00",2019,70006157,A4118110102,1,2,832
"2018-09-01 00:00:00",2019,70006157,A4118110103,2,3,833
"2018-09-01 00:00:00",2019,70006157,A4118110104,2,2,834
"2018-09-01 00:00:00",2019,70006157,A4118110105,3,2,835
"2018-09-01 00:00:00",2019,70006157,A4118110106,4,2,836
"2018-09-01 00:00:00",2019,70006157,A4118110107,1,2,837
"2018-09-01 00:00:00",2019,70006157,A4218110201,4,1,838
"2018-09-01 00:00:00",2019,70006157,A4218110202,3,3,839
"2018-09-01 00:00:00",2019,70006157,A4218110203,1,4,840
"2018-09-01 00:00:00",2019,70006157,A4218110204,2,2,841
"2018-09-01 00:00:00",2019,70006157,A4218110205,4,3,842
"2018-09-01 00:00:00",2019,70006157,A4218110206,4,3,843
"2018-09-01 00:00:00",2019,70006157,A4218110207,2,3,844
"2018-09-01 00:00:00",2019,70006157,A4218110208,2,3,845
"2018-09-01 00:00:00",2019,70006157,A4318110301,2,2,846
"2018-09-01 00:00:00",2019,70006157,A4319110302,4,4,847
"2018-09-01 00:00:00",2019,70006157,A4319110303,3,3,848
"2018-09-01 00:00:00",2019,70006157,A4319110304,3,2,849
"2018-09-01 00:00:00",2019,70006157,A4319110305,4,2,850
"2018-09-01 00:00:00",2019,70006157,A4319110306,2,3,851
"2018-09-01 00:00:00",2019,70006157,A4419110401,1,3,852
"2018-09-01 00:00:00",2019,70006157,A4419110402,1,1,853
"2018-09-01 00:00:00",2019,70006157,A4419110403,1,2,854
"2018-09-01 00:00:00",2019,70006157,A4918110101,1,3,855
"2018-09-01 00:00:00",2019,70006157,A4918110102,2,2,856
"2018-09-01 00:00:00",2019,70006157,A4918110103,3,1,857
"2018-09-01 00:00:00",2019,70006157,A4918110104,2,1,858
"2018-09-01 00:00:00",2019,70006157,A5018110201,2,1,859
"2018-09-01 00:00:00",2019,70006157,A5018110202,1,1,860
"2018-09-01 00:00:00",2019,70006157,A5018110203,2,2,861
"2018-09-01 00:00:00",2019,70006157,A5018110204,3,1,862
"2018-09-01 00:00:00",2019,70006157,A5018110205,3,1,863
"2018-09-01 00:00:00",2019,70006157,A5018110206,1,3,864
"2018-09-01 00:00:00",2019,70006157,A5018110207,1,2,865
"2018-09-01 00:00:00",2019,70006157,A5019110208,2,1,866
"2018-09-01 00:00:00",2019,70006157,A5119110301,2,2,867
"2018-09-01 00:00:00",2019,70006157,A5119110302,2,1,868
"2018-09-01 00:00:00",2019,70006157,A5119110303,1,1,869
"2018-09-01 00:00:00",2019,70006157,A5119110304,2,3,870
"2018-09-01 00:00:00",2019,70006157,A5318110101,NULL,1,871
"2018-09-01 00:00:00",2019,70006157,A5318110102,NULL,1,872
"2018-09-01 00:00:00",2019,70006157,A5318110103,1,NULL,873
"2018-09-01 00:00:00",2019,70006157,A5318110104,1,NULL,874
"2018-09-01 00:00:00",2019,70006157,A5318110105,1,1,875
"2018-09-01 00:00:00",2019,70006157,A5318110106,1,NULL,876
"2018-09-01 00:00:00",2019,70006157,A5318110107,1,1,877
"2018-09-01 00:00:00",2019,70006157,A5318110108,1,1,878
"2018-09-01 00:00:00",2019,70006157,A5419110201,1,NULL,879
"2018-09-01 00:00:00",2019,70006157,A5419110202,1,1,880
"2018-09-01 00:00:00",2019,70006157,A5419110203,1,NULL,881
"2018-09-01 00:00:00",2019,70006157,A5419110204,1,NULL,882
"2018-09-01 00:00:00",2019,70006157,A5419110205,1,NULL,883
"2018-09-01 00:00:00",2019,70006157,A5419110206,NULL,1,884
"2018-09-01 00:00:00",2019,70006157,A5419110207,1,1,885
"2018-09-01 00:00:00",2019,70006157,A5419110208,NULL,1,886
"2018-09-01 00:00:00",2019,70006157,A5519110301,1,NULL,887
"2018-09-01 00:00:00",2019,70006157,A5519110302,1,1,888
"2018-09-01 00:00:00",2019,70006157,A5519110303,1,NULL,889
"2018-09-01 00:00:00",2019,70006157,A5520110305,1,1,890
"2018-09-01 00:00:00",2019,70006157,A5520110306,1,NULL,891
"2018-09-01 00:00:00",2019,70006157,A5520110307,1,NULL,892
"2018-09-01 00:00:00",2019,70006157,A5520110308,1,NULL,893
"2018-09-01 00:00:00",2019,70006157,A5620110401,1,NULL,894
"2018-09-01 00:00:00",2019,70006157,A5620110402,1,1,895
"2018-09-01 00:00:00",2019,70006157,A5621110403,1,1,896
"2018-09-01 00:00:00",2019,70006157,A5621110405,1,NULL,897
"2018-09-01 00:00:00",2019,70006157,A6218160101,69,235,898
"2018-09-01 00:00:00",2019,70006157,A6218160102,116,251,899
"2018-09-01 00:00:00",2019,70006157,A6219160103,131,271,900
"2018-09-01 00:00:00",2019,70006157,A6319160201,256,44,901
"2018-09-01 00:00:00",2019,70006157,A6319160202,272,188,902
"2018-09-01 00:00:00",2019,70006157,A6319160203,163,62,903
"2018-09-01 00:00:00",2019,70006157,A7118160101,289,145,904
"2018-09-01 00:00:00",2019,70006157,A7119160102,157,72,905
"2018-09-01 00:00:00",2019,70006157,A7119160103,172,187,906
"2018-09-01 00:00:00",2019,70006157,A7219160201,194,186,907
"2018-09-01 00:00:00",2019,70006158,A0118150101,21,21,908
"2018-09-01 00:00:00",2019,70006158,A0118150102,30,28,909
"2018-09-01 00:00:00",2019,70006158,A0118150103,10,11,910
"2018-09-01 00:00:00",2019,70006158,A0118150104,33,10,911
"2018-09-01 00:00:00",2019,70006158,A0219150201,34,7,912
"2018-09-01 00:00:00",2019,70006158,A0219150202,5,21,913
"2018-09-01 00:00:00",2019,70006158,A0418150101,28,7,914
"2018-09-01 00:00:00",2019,70006158,A0418150102,6,20,915
"2018-09-01 00:00:00",2019,70006158,A0418150103,11,5,916
"2018-09-01 00:00:00",2019,70006158,A0418150104,8,13,917
"2018-09-01 00:00:00",2019,70006158,A0418150105,25,7,918
"2018-09-01 00:00:00",2019,70006158,A0418150106,19,14,919
"2018-09-01 00:00:00",2019,70006158,A0418150107,17,11,920
"2018-09-01 00:00:00",2019,70006158,A0418150108,19,14,921
"2018-09-01 00:00:00",2019,70006158,A0519150201,13,28,922
"2018-09-01 00:00:00",2019,70006158,A0519150202,22,18,923
"2018-09-01 00:00:00",2019,70006158,A0519150203,4,15,924
"2018-09-01 00:00:00",2019,70006158,A0519150204,7,8,925
"2018-09-01 00:00:00",2019,70006158,A0519150205,16,4,926
"2018-09-01 00:00:00",2019,70006158,A0519150206,15,20,927
"2018-09-01 00:00:00",2019,70006158,A0519150207,26,11,928
"2018-09-01 00:00:00",2019,70006158,A0519150208,25,28,929
"2018-09-01 00:00:00",2019,70006158,A1018150101,5,14,930
"2018-09-01 00:00:00",2019,70006158,A1018150102,18,22,931
"2018-09-01 00:00:00",2019,70006158,A1018150103,2,8,932
"2018-09-01 00:00:00",2019,70006158,A1118150201,7,16,933
"2018-09-01 00:00:00",2019,70006158,A1118150202,18,10,934
"2018-09-01 00:00:00",2019,70006158,A1119150203,12,15,935
"2018-09-01 00:00:00",2019,70006158,A1219150301,7,10,936
"2018-09-01 00:00:00",2019,70006158,A1219150302,15,2,937
"2018-09-01 00:00:00",2019,70006158,A1219150303,14,4,938
"2018-09-01 00:00:00",2019,70006158,A1618150101,1,NULL,939
"2018-09-01 00:00:00",2019,70006158,A1618150102,1,2,940
"2018-09-01 00:00:00",2019,70006158,A1618150103,3,1,941
"2018-09-01 00:00:00",2019,70006158,A1618150104,2,2,942
"2018-09-01 00:00:00",2019,70006158,A1718150201,1,1,943
"2018-09-01 00:00:00",2019,70006158,A1718150202,3,1,944
"2018-09-01 00:00:00",2019,70006158,A1718150203,1,3,945
"2018-09-01 00:00:00",2019,70006158,A1718150204,1,2,946
"2018-09-01 00:00:00",2019,70006158,A1819150301,1,NULL,947
"2018-09-01 00:00:00",2019,70006158,A2118150101,136,92,948
"2018-09-01 00:00:00",2019,70006158,A2118150102,138,80,949
"2018-09-01 00:00:00",2019,70006158,A2118150103,160,126,950
"2018-09-01 00:00:00",2019,70006158,A2118150104,150,108,951
"2018-09-01 00:00:00",2019,70006158,A2118150105,106,116,952
"2018-09-01 00:00:00",2019,70006158,A2118150106,105,142,953
"2018-09-01 00:00:00",2019,70006158,A2218150201,22,90,954
"2018-09-01 00:00:00",2019,70006158,A2218150202,65,36,955
"2018-09-01 00:00:00",2019,70006158,A2219150203,96,103,956
"2018-09-01 00:00:00",2019,70006158,A2219150204,41,135,957
"2018-09-01 00:00:00",2019,70006158,A2219150205,157,122,958
"2018-09-01 00:00:00",2019,70006158,A2219150206,171,149,959
"2018-09-01 00:00:00",2019,70006158,A2319150301,51,45,960
"2018-09-01 00:00:00",2019,70006158,A2319150302,101,44,961
"2018-09-01 00:00:00",2019,70006158,A2319150303,108,65,962
"2018-09-01 00:00:00",2019,70006158,A2319150304,179,150,963
"2018-09-01 00:00:00",2019,70006158,A2319150305,40,159,964
"2018-09-01 00:00:00",2019,70006158,A2918150101,101,70,965
"2018-09-01 00:00:00",2019,70006158,A2918150102,44,85,966
"2018-09-01 00:00:00",2019,70006158,A2918150103,21,113,967
"2018-09-01 00:00:00",2019,70006158,A2918150104,17,84,968
"2018-09-01 00:00:00",2019,70006158,A2918150105,107,39,969
"2018-09-01 00:00:00",2019,70006158,A2918150106,83,75,970
"2018-09-01 00:00:00",2019,70006158,A3018150201,130,33,971
"2018-09-01 00:00:00",2019,70006158,A3018150202,77,111,972
"2018-09-01 00:00:00",2019,70006158,A3018150203,35,75,973
"2018-09-01 00:00:00",2019,70006158,A3019150204,86,119,974
"2018-09-01 00:00:00",2019,70006158,A3019150205,80,115,975
"2018-09-01 00:00:00",2019,70006158,A3019150206,75,36,976
"2018-09-01 00:00:00",2019,70006158,A3119150301,98,28,977
"2018-09-01 00:00:00",2019,70006158,A3119150302,43,66,978
"2018-09-01 00:00:00",2019,70006158,A3119150303,32,129,979
"2018-09-01 00:00:00",2019,70006158,A3120150304,73,105,980
"2018-09-01 00:00:00",2019,70006158,A3120150305,33,78,981
"2018-09-01 00:00:00",2019,70006158,A3120150306,75,114,982
"2018-09-01 00:00:00",2019,70006158,A3220150401,77,152,983
"2018-09-01 00:00:00",2019,70006158,A3220150402,91,54,984
"2018-09-01 00:00:00",2019,70006158,A4118110101,1,3,985
"2018-09-01 00:00:00",2019,70006158,A4118110102,1,3,986
"2018-09-01 00:00:00",2019,70006158,A4118110103,3,1,987
"2018-09-01 00:00:00",2019,70006158,A4118110104,1,4,988
"2018-09-01 00:00:00",2019,70006158,A4118110105,3,1,989
"2018-09-01 00:00:00",2019,70006158,A4118110106,2,3,990
"2018-09-01 00:00:00",2019,70006158,A4118110107,3,3,991
"2018-09-01 00:00:00",2019,70006158,A4218110201,2,1,992
"2018-09-01 00:00:00",2019,70006158,A4218110202,3,3,993
"2018-09-01 00:00:00",2019,70006158,A4218110203,3,3,994
"2018-09-01 00:00:00",2019,70006158,A4218110204,3,1,995
"2018-09-01 00:00:00",2019,70006158,A4218110205,2,1,996
"2018-09-01 00:00:00",2019,70006158,A4218110206,2,2,997
"2018-09-01 00:00:00",2019,70006158,A4218110207,4,2,998
"2018-09-01 00:00:00",2019,70006158,A4218110208,4,1,999
"2018-09-01 00:00:00",2019,70006158,A4318110301,3,1,1000
"2019-09-01 00:00:00",2020,70002017,A0118150101,137,109,1
"2019-09-01 00:00:00",2020,70002017,A0118150102,122,45,2
"2019-09-01 00:00:00",2020,70002017,A0118150103,34,75,3
"2019-09-01 00:00:00",2020,70002017,A0118150104,109,156,4
"2019-09-01 00:00:00",2020,70002017,A0219150201,35,166,5
"2019-09-01 00:00:00",2020,70002017,A0219150202,112,152,6
"2019-09-01 00:00:00",2020,70002017,A0220150203,98,24,7
"2019-09-01 00:00:00",2020,70002017,A0320150301,110,106,8
"2019-09-01 00:00:00",2020,70002017,A0418150101,112,105,9
"2019-09-01 00:00:00",2020,70002017,A0418150102,35,33,10
"2019-09-01 00:00:00",2020,70002017,A0418150103,53,20,11
"2019-09-01 00:00:00",2020,70002017,A0418150104,40,116,12
"2019-09-01 00:00:00",2020,70002017,A0418150105,58,27,13
"2019-09-01 00:00:00",2020,70002017,A0418150106,52,73,14
"2019-09-01 00:00:00",2020,70002017,A0418150107,46,84,15
"2019-09-01 00:00:00",2020,70002017,A0418150108,46,28,16
"2019-09-01 00:00:00",2020,70002017,A0519150201,32,94,17
"2019-09-01 00:00:00",2020,70002017,A0519150202,31,62,18
"2019-09-01 00:00:00",2020,70002017,A0519150203,69,52,19
"2019-09-01 00:00:00",2020,70002017,A0519150204,96,128,20
"2019-09-01 00:00:00",2020,70002017,A0519150205,50,103,21
"2019-09-01 00:00:00",2020,70002017,A0519150206,53,28,22
"2019-09-01 00:00:00",2020,70002017,A0519150207,107,13,23
"2019-09-01 00:00:00",2020,70002017,A0519150208,83,82,24
"2019-09-01 00:00:00",2020,70002017,A0619150301,97,108,25
"2019-09-01 00:00:00",2020,70002017,A0619150302,123,98,26
"2019-09-01 00:00:00",2020,70002017,A0620150303,118,24,27
"2019-09-01 00:00:00",2020,70002017,A0620150304,93,103,28
"2019-09-01 00:00:00",2020,70002017,A0620150305,117,16,29
"2019-09-01 00:00:00",2020,70002017,A0620150306,104,48,30
"2019-09-01 00:00:00",2020,70002017,A0621150307,21,26,31
"2019-09-01 00:00:00",2020,70002017,A0621150308,125,25,32
"2019-09-01 00:00:00",2020,70002017,A0721150401,99,20,33
"2019-09-01 00:00:00",2020,70002017,A0721150402,64,52,34
"2019-09-01 00:00:00",2020,70002017,A1018150101,32,33,35
"2019-09-01 00:00:00",2020,70002017,A1018150102,73,36,36
"2019-09-01 00:00:00",2020,70002017,A1018150103,48,48,37
"2019-09-01 00:00:00",2020,70002017,A1118150201,96,18,38
"2019-09-01 00:00:00",2020,70002017,A1118150202,45,44,39
"2019-09-01 00:00:00",2020,70002017,A1119150203,39,61,40
"2019-09-01 00:00:00",2020,70002017,A1219150301,80,68,41
"2019-09-01 00:00:00",2020,70002017,A1219150302,46,24,42
"2019-09-01 00:00:00",2020,70002017,A1219150303,60,28,43
"2019-09-01 00:00:00",2020,70002017,A1319150401,73,37,44
"2019-09-01 00:00:00",2020,70002017,A1320150402,37,29,45
"2019-09-01 00:00:00",2020,70002017,A1320150403,120,16,46
"2019-09-01 00:00:00",2020,70002017,A1420150501,106,31,47
"2019-09-01 00:00:00",2020,70002017,A1618150101,34,12,48
"2019-09-01 00:00:00",2020,70002017,A1618150102,29,8,49
"2019-09-01 00:00:00",2020,70002017,A1618150103,35,7,50
"2019-09-01 00:00:00",2020,70002017,A1618150104,32,11,51
"2019-09-01 00:00:00",2020,70002017,A1718150201,9,3,52
"2019-09-01 00:00:00",2020,70002017,A1718150202,6,22,53
"2019-09-01 00:00:00",2020,70002017,A1718150203,29,14,54
"2019-09-01 00:00:00",2020,70002017,A1718150204,16,13,55
"2019-09-01 00:00:00",2020,70002017,A1819150301,12,20,56
"2019-09-01 00:00:00",2020,70002017,A1819150302,17,11,57
"2019-09-01 00:00:00",2020,70002017,A1819150303,31,19,58
"2019-09-01 00:00:00",2020,70002017,A1819150304,15,5,59
"2019-09-01 00:00:00",2020,70002017,A2118150101,498,92,60
"2019-09-01 00:00:00",2020,70002017,A2118150102,171,647,61
"2019-09-01 00:00:00",2020,70002017,A2118150103,635,176,62
"2019-09-01 00:00:00",2020,70002017,A2118150104,711,216,63
"2019-09-01 00:00:00",2020,70002017,A2118150105,88,384,64
"2019-09-01 00:00:00",2020,70002017,A2118150106,145,212,65
"2019-09-01 00:00:00",2020,70002017,A2218150201,128,469,66
"2019-09-01 00:00:00",2020,70002017,A2218150202,415,681,67
"2019-09-01 00:00:00",2020,70002017,A2219150203,708,564,68
"2019-09-01 00:00:00",2020,70002017,A2219150204,505,439,69
"2019-09-01 00:00:00",2020,70002017,A2219150205,307,232,70
"2019-09-01 00:00:00",2020,70002017,A2219150206,710,569,71
"2019-09-01 00:00:00",2020,70002017,A2319150301,373,426,72
"2019-09-01 00:00:00",2020,70002017,A2319150302,321,423,73
"2019-09-01 00:00:00",2020,70002017,A2319150303,478,178,74
"2019-09-01 00:00:00",2020,70002017,A2319150304,528,456,75
"2019-09-01 00:00:00",2020,70002017,A2319150305,190,204,76
"2019-09-01 00:00:00",2020,70002017,A2319150306,464,427,77
"2019-09-01 00:00:00",2020,70002017,A2419150401,253,649,78
"2019-09-01 00:00:00",2020,70002017,A2419150402,181,551,79
"2019-09-01 00:00:00",2020,70002017,A2419150403,118,106,80
"2019-09-01 00:00:00",2020,70002017,A2419150404,681,450,81
"2019-09-01 00:00:00",2020,70002017,A2419150405,268,117,82
"2019-09-01 00:00:00",2020,70002017,A2420150406,550,494,83
"2019-09-01 00:00:00",2020,70002017,A2918150101,491,168,84
"2019-09-01 00:00:00",2020,70002017,A2918150102,105,315,85
"2019-09-01 00:00:00",2020,70002017,A2918150103,115,303,86
"2019-09-01 00:00:00",2020,70002017,A2918150104,399,127,87
"2019-09-01 00:00:00",2020,70002017,A2918150105,259,40,88
"2019-09-01 00:00:00",2020,70002017,A2918150106,389,84,89
"2019-09-01 00:00:00",2020,70002017,A3018150201,96,288,90
"2019-09-01 00:00:00",2020,70002017,A3018150202,396,151,91
"2019-09-01 00:00:00",2020,70002017,A3018150203,288,390,92
"2019-09-01 00:00:00",2020,70002017,A3019150204,355,92,93
"2019-09-01 00:00:00",2020,70002017,A3019150205,529,249,94
"2019-09-01 00:00:00",2020,70002017,A3019150206,324,260,95
"2019-09-01 00:00:00",2020,70002017,A3119150301,522,183,96
"2019-09-01 00:00:00",2020,70002017,A3119150302,177,113,97
"2019-09-01 00:00:00",2020,70002017,A3119150303,131,274,98
"2019-09-01 00:00:00",2020,70002017,A3120150304,204,263,99
"2019-09-01 00:00:00",2020,70002017,A3120150305,161,62,100
"2019-09-01 00:00:00",2020,70002017,A3120150306,65,82,101
"2019-09-01 00:00:00",2020,70002017,A3220150401,195,341,102
"2019-09-01 00:00:00",2020,70002017,A3220150402,394,311,103
"2019-09-01 00:00:00",2020,70002017,A3220150403,306,77,104
"2019-09-01 00:00:00",2020,70002017,A3220150404,335,141,105
"2019-09-01 00:00:00",2020,70002017,A3220150405,353,278,106
"2019-09-01 00:00:00",2020,70002017,A3220150406,365,180,107
"2019-09-01 00:00:00",2020,70002017,A3320150501,500,135,108
"2019-09-01 00:00:00",2020,70002017,A3320150502,480,139,109
"2019-09-01 00:00:00",2020,70002017,A3320150503,248,39,110
"2019-09-01 00:00:00",2020,70002017,A3320150504,168,305,111
"2019-09-01 00:00:00",2020,70002017,A3718150101,2,7,112
"2019-09-01 00:00:00",2020,70002017,A3718150102,4,5,113
"2019-09-01 00:00:00",2020,70002017,A3718150103,4,2,114
"2019-09-01 00:00:00",2020,70002017,A3718150104,2,1,115
"2019-09-01 00:00:00",2020,70002017,A3718150105,1,2,116
"2019-09-01 00:00:00",2020,70002017,A3818150201,6,3,117
"2019-09-01 00:00:00",2020,70002017,A3818150202,3,7,118
"2019-09-01 00:00:00",2020,70002017,A3819150203,5,7,119
"2019-09-01 00:00:00",2020,70002017,A3819150204,3,5,120
"2019-09-01 00:00:00",2020,70002017,A3819150205,3,3,121
"2019-09-01 00:00:00",2020,70002017,A3920150301,1,6,122
"2019-09-01 00:00:00",2020,70002017,A3920150302,2,4,123
"2019-09-01 00:00:00",2020,70002017,A3920150303,4,3,124
"2019-09-01 00:00:00",2020,70002017,A3920150304,3,2,125
"2019-09-01 00:00:00",2020,70002017,A3920150305,3,3,126
"2019-09-01 00:00:00",2020,70002017,A4020150401,3,6,127
"2019-09-01 00:00:00",2020,70002017,A4020150402,4,5,128
"2019-09-01 00:00:00",2020,70002017,A4118110101,15,9,129
"2019-09-01 00:00:00",2020,70002017,A4118110102,7,9,130
"2019-09-01 00:00:00",2020,70002017,A4118110103,22,17,131
"2019-09-01 00:00:00",2020,70002017,A4118110104,10,9,132
"2019-09-01 00:00:00",2020,70002017,A4118110105,21,7,133
"2019-09-01 00:00:00",2020,70002017,A4118110106,20,13,134
"2019-09-01 00:00:00",2020,70002017,A4118110107,22,8,135
"2019-09-01 00:00:00",2020,70002017,A4218110201,6,15,136
"2019-09-01 00:00:00",2020,70002017,A4218110202,20,16,137
"2019-09-01 00:00:00",2020,70002017,A4218110203,12,18,138
"2019-09-01 00:00:00",2020,70002017,A4218110204,11,12,139
"2019-09-01 00:00:00",2020,70002017,A4218110205,7,24,140
"2019-09-01 00:00:00",2020,70002017,A4218110206,19,12,141
"2019-09-01 00:00:00",2020,70002017,A4218110207,16,11,142
"2019-09-01 00:00:00",2020,70002017,A4218110208,18,15,143
"2019-09-01 00:00:00",2020,70002017,A4318110301,11,9,144
"2019-09-01 00:00:00",2020,70002017,A4319110302,18,15,145
"2019-09-01 00:00:00",2020,70002017,A4319110303,5,4,146
"2019-09-01 00:00:00",2020,70002017,A4319110304,17,7,147
"2019-09-01 00:00:00",2020,70002017,A4319110305,4,8,148
"2019-09-01 00:00:00",2020,70002017,A4319110306,13,5,149
"2019-09-01 00:00:00",2020,70002017,A4419110401,8,16,150
"2019-09-01 00:00:00",2020,70002017,A4419110402,9,12,151
"2019-09-01 00:00:00",2020,70002017,A4419110403,12,20,152
"2019-09-01 00:00:00",2020,70002017,A4419110404,18,16,153
"2019-09-01 00:00:00",2020,70002017,A4419110405,20,19,154
"2019-09-01 00:00:00",2020,70002017,A4419110406,22,10,155
"2019-09-01 00:00:00",2020,70002017,A4419110407,5,24,156
"2019-09-01 00:00:00",2020,70002017,A4419110408,13,27,157
"2019-09-01 00:00:00",2020,70002017,A4519110501,17,9,158
"2019-09-01 00:00:00",2020,70002017,A4519110502,9,10,159
"2019-09-01 00:00:00",2020,70002017,A4519110503,4,9,160
"2019-09-01 00:00:00",2020,70002017,A4520110504,15,20,161
"2019-09-01 00:00:00",2020,70002017,A4918110101,6,13,162
"2019-09-01 00:00:00",2020,70002017,A4918110102,7,4,163
"2019-09-01 00:00:00",2020,70002017,A4918110103,5,13,164
"2019-09-01 00:00:00",2020,70002017,A4918110104,12,3,165
"2019-09-01 00:00:00",2020,70002017,A5018110201,5,15,166
"2019-09-01 00:00:00",2020,70002017,A5018110202,13,16,167
"2019-09-01 00:00:00",2020,70002017,A5018110203,10,3,168
"2019-09-01 00:00:00",2020,70002017,A5018110204,8,3,169
"2019-09-01 00:00:00",2020,70002017,A5018110205,3,11,170
"2019-09-01 00:00:00",2020,70002017,A5018110206,4,6,171
"2019-09-01 00:00:00",2020,70002017,A5018110207,4,16,172
"2019-09-01 00:00:00",2020,70002017,A5019110208,7,5,173
"2019-09-01 00:00:00",2020,70002017,A5119110301,15,19,174
"2019-09-01 00:00:00",2020,70002017,A5119110302,14,14,175
"2019-09-01 00:00:00",2020,70002017,A5119110303,9,16,176
"2019-09-01 00:00:00",2020,70002017,A5119110304,16,18,177
"2019-09-01 00:00:00",2020,70002017,A5119110305,4,5,178
"2019-09-01 00:00:00",2020,70002017,A5119110306,9,6,179
"2019-09-01 00:00:00",2020,70002017,A5119110307,3,7,180
"2019-09-01 00:00:00",2020,70002017,A5119110308,10,18,181
"2019-09-01 00:00:00",2020,70002017,A5219110401,12,5,182
"2019-09-01 00:00:00",2020,70002017,A5219110402,12,8,183
"2019-09-01 00:00:00",2020,70002017,A5219110403,7,6,184
"2019-09-01 00:00:00",2020,70002017,A5219110404,8,18,185
"2019-09-01 00:00:00",2020,70002017,A5219110405,11,7,186
"2019-09-01 00:00:00",2020,70002017,A5219110406,5,12,187
"2019-09-01 00:00:00",2020,70002017,A5318110101,1,2,188
"2019-09-01 00:00:00",2020,70002017,A5318110102,3,2,189
"2019-09-01 00:00:00",2020,70002017,A5318110103,4,2,190
"2019-09-01 00:00:00",2020,70002017,A5318110104,1,2,191
"2019-09-01 00:00:00",2020,70002017,A5318110105,3,1,192
"2019-09-01 00:00:00",2020,70002017,A5318110106,2,2,193
"2019-09-01 00:00:00",2020,70002017,A5318110107,2,4,194
"2019-09-01 00:00:00",2020,70002017,A5318110108,1,3,195
"2019-09-01 00:00:00",2020,70002017,A5419110201,3,4,196
"2019-09-01 00:00:00",2020,70002017,A5419110202,1,1,197
"2019-09-01 00:00:00",2020,70002017,A5419110203,2,1,198
"2019-09-01 00:00:00",2020,70002017,A5419110204,4,1,199
"2019-09-01 00:00:00",2020,70002017,A5419110205,2,2,200
"2019-09-01 00:00:00",2020,70002017,A5419110206,3,4,201
"2019-09-01 00:00:00",2020,70002017,A5419110207,3,1,202
"2019-09-01 00:00:00",2020,70002017,A5419110208,1,4,203
"2019-09-01 00:00:00",2020,70002017,A5519110301,1,2,204
"2019-09-01 00:00:00",2020,70002017,A5519110302,3,1,205
"2019-09-01 00:00:00",2020,70002017,A5519110303,2,3,206
"2019-09-01 00:00:00",2020,70002017,A5519110304,2,4,207
"2019-09-01 00:00:00",2020,70002017,A5520110305,3,5,208
"2019-09-01 00:00:00",2020,70002017,A5520110306,3,4,209
"2019-09-01 00:00:00",2020,70002017,A5520110307,2,2,210
"2019-09-01 00:00:00",2020,70002017,A5520110308,4,3,211
"2019-09-01 00:00:00",2020,70002017,A5620110401,1,3,212
"2019-09-01 00:00:00",2020,70002017,A5620110402,3,4,213
"2019-09-01 00:00:00",2020,70002017,A5621110403,3,2,214
"2019-09-01 00:00:00",2020,70002017,A5621110404,3,1,215
"2019-09-01 00:00:00",2020,70002017,A5621110405,1,3,216
"2019-09-01 00:00:00",2020,70002017,A5621110406,2,2,217
"2019-09-01 00:00:00",2020,70002017,A5621110407,2,3,218
"2019-09-01 00:00:00",2020,70002017,A5621110408,3,3,219
"2019-09-01 00:00:00",2020,70002017,A5721110501,2,3,220
"2019-09-01 00:00:00",2020,70002017,A6018110102,1,1,221
"2019-09-01 00:00:00",2020,70002017,A6018110103,1,1,222
"2019-09-01 00:00:00",2020,70002017,A6018110104,1,1,223
"2019-09-01 00:00:00",2020,70002017,A6018110105,1,NULL,224
"2019-09-01 00:00:00",2020,70002017,A6018110106,1,NULL,225
"2019-09-01 00:00:00",2020,70002017,A6019110107,1,NULL,226
"2019-09-01 00:00:00",2020,70002017,A6218160101,613,384,227
"2019-09-01 00:00:00",2020,70002017,A6218160102,680,834,228
"2019-09-01 00:00:00",2020,70002017,A6219160103,657,383,229
"2019-09-01 00:00:00",2020,70002017,A6319160201,423,427,230
"2019-09-01 00:00:00",2020,70002017,A6319160202,711,834,231
"2019-09-01 00:00:00",2020,70002017,A6319160203,738,543,232
"2019-09-01 00:00:00",2020,70002017,A6419160301,318,629,233
"2019-09-01 00:00:00",2020,70002017,A6419160302,573,152,234
"2019-09-01 00:00:00",2020,70002017,A6419160303,299,453,235
"2019-09-01 00:00:00",2020,70002017,A6519160401,585,240,236
"2019-09-01 00:00:00",2020,70002017,A6720160103,570,763,237
"2019-09-01 00:00:00",2020,70002017,A6818160201,214,870,238
"2019-09-01 00:00:00",2020,70002017,A7118160101,524,442,239
"2019-09-01 00:00:00",2020,70002017,A7119160102,378,259,240
"2019-09-01 00:00:00",2020,70002017,A7119160103,101,420,241
"2019-09-01 00:00:00",2020,70002017,A7219160201,122,372,242
"2019-09-01 00:00:00",2020,70002017,A7220160202,153,421,243
"2019-09-01 00:00:00",2020,70002017,A7220160203,660,467,244
"2019-09-01 00:00:00",2020,70002018,A0118150101,47,158,245
"2019-09-01 00:00:00",2020,70002018,A0118150102,24,74,246
"2019-09-01 00:00:00",2020,70002018,A0118150103,88,56,247
"2019-09-01 00:00:00",2020,70002018,A0118150104,59,81,248
"2019-09-01 00:00:00",2020,70002018,A0219150201,63,88,249
"2019-09-01 00:00:00",2020,70002018,A0219150202,93,52,250
"2019-09-01 00:00:00",2020,70002018,A0220150203,127,22,251
"2019-09-01 00:00:00",2020,70002018,A0320150301,31,32,252
"2019-09-01 00:00:00",2020,70002018,A0418150101,40,41,253
"2019-09-01 00:00:00",2020,70002018,A0418150102,30,114,254
"2019-09-01 00:00:00",2020,70002018,A0418150103,111,123,255
"2019-09-01 00:00:00",2020,70002018,A0418150104,100,47,256
"2019-09-01 00:00:00",2020,70002018,A0418150105,65,83,257
"2019-09-01 00:00:00",2020,70002018,A0418150106,27,74,258
"2019-09-01 00:00:00",2020,70002018,A0418150107,122,102,259
"2019-09-01 00:00:00",2020,70002018,A0418150108,69,36,260
"2019-09-01 00:00:00",2020,70002018,A0519150201,40,86,261
"2019-09-01 00:00:00",2020,70002018,A0519150202,88,78,262
"2019-09-01 00:00:00",2020,70002018,A0519150203,76,54,263
"2019-09-01 00:00:00",2020,70002018,A0519150204,49,66,264
"2019-09-01 00:00:00",2020,70002018,A0519150205,74,131,265
"2019-09-01 00:00:00",2020,70002018,A0519150206,74,31,266
"2019-09-01 00:00:00",2020,70002018,A0519150207,16,62,267
"2019-09-01 00:00:00",2020,70002018,A0519150208,71,120,268
"2019-09-01 00:00:00",2020,70002018,A0619150301,50,144,269
"2019-09-01 00:00:00",2020,70002018,A0619150302,56,91,270
"2019-09-01 00:00:00",2020,70002018,A0620150303,48,90,271
"2019-09-01 00:00:00",2020,70002018,A0620150304,27,56,272
"2019-09-01 00:00:00",2020,70002018,A0620150305,101,14,273
"2019-09-01 00:00:00",2020,70002018,A0620150306,124,108,274
"2019-09-01 00:00:00",2020,70002018,A0621150307,125,74,275
"2019-09-01 00:00:00",2020,70002018,A0621150308,40,32,276
"2019-09-01 00:00:00",2020,70002018,A0721150401,65,79,277
"2019-09-01 00:00:00",2020,70002018,A0721150402,37,41,278
"2019-09-01 00:00:00",2020,70002018,A1018150101,66,83,279
"2019-09-01 00:00:00",2020,70002018,A1018150102,23,46,280
"2019-09-01 00:00:00",2020,70002018,A1018150103,73,13,281
"2019-09-01 00:00:00",2020,70002018,A1118150201,63,47,282
"2019-09-01 00:00:00",2020,70002018,A1118150202,42,22,283
"2019-09-01 00:00:00",2020,70002018,A1119150203,110,83,284
"2019-09-01 00:00:00",2020,70002018,A1219150301,70,65,285
"2019-09-01 00:00:00",2020,70002018,A1219150302,41,11,286
"2019-09-01 00:00:00",2020,70002018,A1219150303,48,28,287
"2019-09-01 00:00:00",2020,70002018,A1319150401,88,16,288
"2019-09-01 00:00:00",2020,70002018,A1320150402,70,59,289
"2019-09-01 00:00:00",2020,70002018,A1320150403,72,23,290
"2019-09-01 00:00:00",2020,70002018,A1420150501,57,46,291
"2019-09-01 00:00:00",2020,70002018,A1618150101,19,3,292
"2019-09-01 00:00:00",2020,70002018,A1618150102,22,30,293
"2019-09-01 00:00:00",2020,70002018,A1618150103,33,8,294
"2019-09-01 00:00:00",2020,70002018,A1618150104,26,32,295
"2019-09-01 00:00:00",2020,70002018,A1718150201,24,15,296
"2019-09-01 00:00:00",2020,70002018,A1718150202,5,12,297
"2019-09-01 00:00:00",2020,70002018,A1718150203,34,6,298
"2019-09-01 00:00:00",2020,70002018,A1718150204,27,18,299
"2019-09-01 00:00:00",2020,70002018,A1819150301,4,7,300
"2019-09-01 00:00:00",2020,70002018,A1819150302,23,13,301
"2019-09-01 00:00:00",2020,70002018,A1819150303,4,8,302
"2019-09-01 00:00:00",2020,70002018,A1819150304,18,23,303
"2019-09-01 00:00:00",2020,70002018,A2118150101,593,531,304
"2019-09-01 00:00:00",2020,70002018,A2118150102,115,147,305
"2019-09-01 00:00:00",2020,70002018,A2118150103,114,156,306
"2019-09-01 00:00:00",2020,70002018,A2118150104,491,231,307
"2019-09-01 00:00:00",2020,70002018,A2118150105,143,566,308
"2019-09-01 00:00:00",2020,70002018,A2118150106,111,181,309
"2019-09-01 00:00:00",2020,70002018,A2218150201,125,316,310
"2019-09-01 00:00:00",2020,70002018,A2218150202,310,703,311
"2019-09-01 00:00:00",2020,70002018,A2219150203,264,531,312
"2019-09-01 00:00:00",2020,70002018,A2219150204,341,688,313
"2019-09-01 00:00:00",2020,70002018,A2219150205,76,107,314
"2019-09-01 00:00:00",2020,70002018,A2219150206,485,507,315
"2019-09-01 00:00:00",2020,70002018,A2319150301,628,69,316
"2019-09-01 00:00:00",2020,70002018,A2319150302,500,625,317
"2019-09-01 00:00:00",2020,70002018,A2319150303,527,585,318
"2019-09-01 00:00:00",2020,70002018,A2319150304,527,190,319
"2019-09-01 00:00:00",2020,70002018,A2319150305,318,725,320
"2019-09-01 00:00:00",2020,70002018,A2319150306,213,302,321
"2019-09-01 00:00:00",2020,70002018,A2419150401,166,462,322
"2019-09-01 00:00:00",2020,70002018,A2419150402,672,178,323
"2019-09-01 00:00:00",2020,70002018,A2419150403,367,319,324
"2019-09-01 00:00:00",2020,70002018,A2419150404,624,595,325
"2019-09-01 00:00:00",2020,70002018,A2419150405,658,171,326
"2019-09-01 00:00:00",2020,70002018,A2420150406,382,174,327
"2019-09-01 00:00:00",2020,70002018,A2918150101,160,61,328
"2019-09-01 00:00:00",2020,70002018,A2918150102,500,312,329
"2019-09-01 00:00:00",2020,70002018,A2918150103,281,213,330
"2019-09-01 00:00:00",2020,70002018,A2918150104,147,188,331
"2019-09-01 00:00:00",2020,70002018,A2918150105,65,214,332
"2019-09-01 00:00:00",2020,70002018,A2918150106,335,52,333
"2019-09-01 00:00:00",2020,70002018,A3018150201,404,345,334
"2019-09-01 00:00:00",2020,70002018,A3018150202,515,279,335
"2019-09-01 00:00:00",2020,70002018,A3018150203,218,257,336
"2019-09-01 00:00:00",2020,70002018,A3019150204,392,327,337
"2019-09-01 00:00:00",2020,70002018,A3019150205,373,161,338
"2019-09-01 00:00:00",2020,70002018,A3019150206,202,304,339
"2019-09-01 00:00:00",2020,70002018,A3119150301,541,151,340
"2019-09-01 00:00:00",2020,70002018,A3119150302,400,316,341
"2019-09-01 00:00:00",2020,70002018,A3119150303,286,120,342
"2019-09-01 00:00:00",2020,70002018,A3120150304,134,74,343
"2019-09-01 00:00:00",2020,70002018,A3120150305,388,117,344
"2019-09-01 00:00:00",2020,70002018,A3120150306,324,147,345
"2019-09-01 00:00:00",2020,70002018,A3220150401,384,161,346
"2019-09-01 00:00:00",2020,70002018,A3220150402,309,47,347
"2019-09-01 00:00:00",2020,70002018,A3220150403,317,181,348
"2019-09-01 00:00:00",2020,70002018,A3220150404,259,89,349
"2019-09-01 00:00:00",2020,70002018,A3220150405,388,170,350
"2019-09-01 00:00:00",2020,70002018,A3220150406,316,361,351
"2019-09-01 00:00:00",2020,70002018,A3320150501,505,55,352
"2019-09-01 00:00:00",2020,70002018,A3320150502,223,128,353
"2019-09-01 00:00:00",2020,70002018,A3320150503,350,260,354
"2019-09-01 00:00:00",2020,70002018,A3320150504,400,323,355
"2019-09-01 00:00:00",2020,70002018,A3718150101,2,5,356
"2019-09-01 00:00:00",2020,70002018,A3718150102,6,6,357
"2019-09-01 00:00:00",2020,70002018,A3718150103,1,7,358
"2019-09-01 00:00:00",2020,70002018,A3718150104,2,5,359
"2019-09-01 00:00:00",2020,70002018,A3718150105,4,3,360
"2019-09-01 00:00:00",2020,70002018,A3818150201,3,4,361
"2019-09-01 00:00:00",2020,70002018,A3818150202,2,2,362
"2019-09-01 00:00:00",2020,70002018,A3819150203,5,7,363
"2019-09-01 00:00:00",2020,70002018,A3819150204,2,2,364
"2019-09-01 00:00:00",2020,70002018,A3819150205,2,3,365
"2019-09-01 00:00:00",2020,70002018,A3920150301,5,6,366
"2019-09-01 00:00:00",2020,70002018,A3920150302,2,5,367
"2019-09-01 00:00:00",2020,70002018,A3920150303,4,1,368
"2019-09-01 00:00:00",2020,70002018,A3920150304,3,4,369
"2019-09-01 00:00:00",2020,70002018,A3920150305,5,2,370
"2019-09-01 00:00:00",2020,70002018,A4020150401,3,1,371
"2019-09-01 00:00:00",2020,70002018,A4020150402,5,3,372
"2019-09-01 00:00:00",2020,70002018,A4118110101,13,6,373
"2019-09-01 00:00:00",2020,70002018,A4118110102,4,4,374
"2019-09-01 00:00:00",2020,70002018,A4118110103,16,24,375
"2019-09-01 00:00:00",2020,70002018,A4118110104,22,5,376
"2019-09-01 00:00:00",2020,70002018,A4118110105,19,27,377
"2019-09-01 00:00:00",2020,70002018,A4118110106,14,12,378
"2019-09-01 00:00:00",2020,70002018,A4118110107,6,14,379
"2019-09-01 00:00:00",2020,70002018,A4218110201,14,7,380
"2019-09-01 00:00:00",2020,70002018,A4218110202,13,24,381
"2019-09-01 00:00:00",2020,70002018,A4218110203,15,7,382
"2019-09-01 00:00:00",2020,70002018,A4218110204,14,10,383
"2019-09-01 00:00:00",2020,70002018,A4218110205,4,17,384
"2019-09-01 00:00:00",2020,70002018,A4218110206,9,9,385
"2019-09-01 00:00:00",2020,70002018,A4218110207,17,14,386
"2019-09-01 00:00:00",2020,70002018,A4218110208,11,5,387
"2019-09-01 00:00:00",2020,70002018,A4318110301,21,10,388
"2019-09-01 00:00:00",2020,70002018,A4319110302,4,10,389
"2019-09-01 00:00:00",2020,70002018,A4319110303,13,17,390
"2019-09-01 00:00:00",2020,70002018,A4319110304,7,9,391
"2019-09-01 00:00:00",2020,70002018,A4319110305,10,9,392
"2019-09-01 00:00:00",2020,70002018,A4319110306,8,21,393
"2019-09-01 00:00:00",2020,70002018,A4419110401,10,19,394
"2019-09-01 00:00:00",2020,70002018,A4419110402,16,11,395
"2019-09-01 00:00:00",2020,70002018,A4419110403,9,13,396
"2019-09-01 00:00:00",2020,70002018,A4419110404,7,16,397
"2019-09-01 00:00:00",2020,70002018,A4419110405,18,8,398
"2019-09-01 00:00:00",2020,70002018,A4419110406,7,11,399
"2019-09-01 00:00:00",2020,70002018,A4419110407,16,18,400
"2019-09-01 00:00:00",2020,70002018,A4419110408,5,12,401
"2019-09-01 00:00:00",2020,70002018,A4519110501,18,5,402
"2019-09-01 00:00:00",2020,70002018,A4519110502,5,17,403
"2019-09-01 00:00:00",2020,70002018,A4519110503,12,24,404
"2019-09-01 00:00:00",2020,70002018,A4520110504,13,5,405
"2019-09-01 00:00:00",2020,70002018,A4918110101,12,14,406
"2019-09-01 00:00:00",2020,70002018,A4918110102,17,9,407
"2019-09-01 00:00:00",2020,70002018,A4918110103,8,13,408
"2019-09-01 00:00:00",2020,70002018,A4918110104,8,16,409
"2019-09-01 00:00:00",2020,70002018,A5018110201,10,11,410
"2019-09-01 00:00:00",2020,70002018,A5018110202,14,2,411
"2019-09-01 00:00:00",2020,70002018,A5018110203,13,9,412
"2019-09-01 00:00:00",2020,70002018,A5018110204,7,10,413
"2019-09-01 00:00:00",2020,70002018,A5018110205,9,4,414
"2019-09-01 00:00:00",2020,70002018,A5018110206,5,13,415
"2019-09-01 00:00:00",2020,70002018,A5018110207,17,7,416
"2019-09-01 00:00:00",2020,70002018,A5019110208,15,8,417
"2019-09-01 00:00:00",2020,70002018,A5119110301,13,14,418
"2019-09-01 00:00:00",2020,70002018,A5119110302,15,13,419
"2019-09-01 00:00:00",2020,70002018,A5119110303,10,13,420
"2019-09-01 00:00:00",2020,70002018,A5119110304,6,10,421
"2019-09-01 00:00:00",2020,70002018,A5119110305,16,17,422
"2019-09-01 00:00:00",2020,70002018,A5119110306,15,16,423
"2019-09-01 00:00:00",2020,70002018,A5119110307,6,11,424
"2019-09-01 00:00:00",2020,70002018,A5119110308,3,7,425
"2019-09-01 00:00:00",2020,70002018,A5219110401,6,13,426
"2019-09-01 00:00:00",2020,70002018,A5219110402,5,17,427
"2019-09-01 00:00:00",2020,70002018,A5219110403,8,7,428
"2019-09-01 00:00:00",2020,70002018,A5219110404,5,10,429
"2019-09-01 00:00:00",2020,70002018,A5219110405,4,17,430
"2019-09-01 00:00:00",2020,70002018,A5219110406,4,3,431
"2019-09-01 00:00:00",2020,70002018,A5318110101,1,4,432
"2019-09-01 00:00:00",2020,70002018,A5318110102,4,4,433
"2019-09-01 00:00:00",2020,70002018,A5318110103,4,2,434
"2019-09-01 00:00:00",2020,70002018,A5318110104,3,1,435
"2019-09-01 00:00:00",2020,70002018,A5318110105,2,3,436
"2019-09-01 00:00:00",2020,70002018,A5318110106,4,4,437
"2019-09-01 00:00:00",2020,70002018,A5318110107,2,3,438
"2019-09-01 00:00:00",2020,70002018,A5318110108,3,2,439
"2019-09-01 00:00:00",2020,70002018,A5419110201,3,4,440
"2019-09-01 00:00:00",2020,70002018,A5419110202,2,4,441
"2019-09-01 00:00:00",2020,70002018,A5419110203,2,3,442
"2019-09-01 00:00:00",2020,70002018,A5419110204,3,3,443
"2019-09-01 00:00:00",2020,70002018,A5419110205,1,2,444
"2019-09-01 00:00:00",2020,70002018,A5419110206,2,3,445
"2019-09-01 00:00:00",2020,70002018,A5419110207,3,5,446
"2019-09-01 00:00:00",2020,70002018,A5419110208,2,2,447
"2019-09-01 00:00:00",2020,70002018,A5519110301,2,3,448
"2019-09-01 00:00:00",2020,70002018,A5519110302,3,2,449
"2019-09-01 00:00:00",2020,70002018,A5519110303,2,2,450
"2019-09-01 00:00:00",2020,70002018,A5519110304,2,2,451
"2019-09-01 00:00:00",2020,70002018,A5520110305,1,3,452
"2019-09-01 00:00:00",2020,70002018,A5520110306,4,1,453
"2019-09-01 00:00:00",2020,70002018,A5520110307,3,2,454
"2019-09-01 00:00:00",2020,70002018,A5520110308,3,3,455
"2019-09-01 00:00:00",2020,70002018,A5620110401,2,1,456
"2019-09-01 00:00:00",2020,70002018,A5620110402,3,2,457
"2019-09-01 00:00:00",2020,70002018,A5621110403,4,3,458
"2019-09-01 00:00:00",2020,70002018,A5621110404,3,2,459
"2019-09-01 00:00:00",2020,70002018,A5621110405,2,3,460
"2019-09-01 00:00:00",2020,70002018,A5621110406,3,2,461
"2019-09-01 00:00:00",2020,70002018,A5621110407,2,2,462
"2019-09-01 00:00:00",2020,70002018,A5621110408,3,2,463
"2019-09-01 00:00:00",2020,70002018,A5721110501,3,1,464
"2019-09-01 00:00:00",2020,70002018,A6018110101,1,NULL,465
"2019-09-01 00:00:00",2020,70002018,A6018110102,1,NULL,466
"2019-09-01 00:00:00",2020,70002018,A6018110103,NULL,1,467
"2019-09-01 00:00:00",2020,70002018,A6018110105,1,NULL,468
"2019-09-01 00:00:00",2020,70002018,A6018110106,1,NULL,469
"2019-09-01 00:00:00",2020,70002018,A6019110107,1,1,470
"2019-09-01 00:00:00",2020,70002018,A6218160101,203,618,471
"2019-09-01 00:00:00",2020,70002018,A6218160102,706,610,472
"2019-09-01 00:00:00",2020,70002018,A6219160103,763,101,473
"2019-09-01 00:00:00",2020,70002018,A6319160201,102,646,474
"2019-09-01 00:00:00",2020,70002018,A6319160202,200,906,475
"2019-09-01 00:00:00",2020,70002018,A6319160203,613,705,476
"2019-09-01 00:00:00",2020,70002018,A6419160301,276,739,477
"2019-09-01 00:00:00",2020,70002018,A6419160302,521,485,478
"2019-09-01 00:00:00",2020,70002018,A6419160303,385,613,479
"2019-09-01 00:00:00",2020,70002018,A6519160401,588,181,480
"2019-09-01 00:00:00",2020,70002018,A6720160103,418,1170,481
"2019-09-01 00:00:00",2020,70002018,A6818160201,428,188,482
"2019-09-01 00:00:00",2020,70002018,A7118160101,530,253,483
"2019-09-01 00:00:00",2020,70002018,A7119160102,324,105,484
"2019-09-01 00:00:00",2020,70002018,A7119160103,593,417,485
"2019-09-01 00:00:00",2020,70002018,A7219160201,148,150,486
"2019-09-01 00:00:00",2020,70002018,A7220160202,473,311,487
"2019-09-01 00:00:00",2020,70002018,A7220160203,744,136,488
"2019-09-01 00:00:00",2020,70003181,A0118150101,57,27,489
"2019-09-01 00:00:00",2020,70003181,A0118150102,20,26,490
"2019-09-01 00:00:00",2020,70003181,A0118150103,9,9,491
"2019-09-01 00:00:00",2020,70003181,A0118150104,67,23,492
"2019-09-01 00:00:00",2020,70003181,A0219150201,17,19,493
"2019-09-01 00:00:00",2020,70003181,A0219150202,64,21,494
"2019-09-01 00:00:00",2020,70003181,A0220150203,20,34,495
"2019-09-01 00:00:00",2020,70003181,A0320150301,66,9,496
"2019-09-01 00:00:00",2020,70003181,A0418150101,52,26,497
"2019-09-01 00:00:00",2020,70003181,A0418150102,44,21,498
"2019-09-01 00:00:00",2020,70003181,A0418150103,57,13,499
"2019-09-01 00:00:00",2020,70003181,A0418150104,16,18,500
"2019-09-01 00:00:00",2020,70003181,A0418150105,34,25,501
"2019-09-01 00:00:00",2020,70003181,A0418150106,45,4,502
"2019-09-01 00:00:00",2020,70003181,A0418150107,7,28,503
"2019-09-01 00:00:00",2020,70003181,A0418150108,32,21,504
"2019-09-01 00:00:00",2020,70003181,A0519150201,27,29,505
"2019-09-01 00:00:00",2020,70003181,A0519150202,53,20,506
"2019-09-01 00:00:00",2020,70003181,A0519150203,30,21,507
"2019-09-01 00:00:00",2020,70003181,A0519150204,17,14,508
"2019-09-01 00:00:00",2020,70003181,A0519150205,31,21,509
"2019-09-01 00:00:00",2020,70003181,A0519150206,44,29,510
"2019-09-01 00:00:00",2020,70003181,A0519150207,12,36,511
"2019-09-01 00:00:00",2020,70003181,A0519150208,46,27,512
"2019-09-01 00:00:00",2020,70003181,A0619150301,50,5,513
"2019-09-01 00:00:00",2020,70003181,A0619150302,40,33,514
"2019-09-01 00:00:00",2020,70003181,A0620150303,38,5,515
"2019-09-01 00:00:00",2020,70003181,A0620150304,40,21,516
"2019-09-01 00:00:00",2020,70003181,A0620150305,34,6,517
"2019-09-01 00:00:00",2020,70003181,A0620150306,9,11,518
"2019-09-01 00:00:00",2020,70003181,A0621150307,19,20,519
"2019-09-01 00:00:00",2020,70003181,A0621150308,26,18,520
"2019-09-01 00:00:00",2020,70003181,A0721150401,10,19,521
"2019-09-01 00:00:00",2020,70003181,A0721150402,27,28,522
"2019-09-01 00:00:00",2020,70003181,A1018150101,28,6,523
"2019-09-01 00:00:00",2020,70003181,A1018150102,22,4,524
"2019-09-01 00:00:00",2020,70003181,A1018150103,54,11,525
"2019-09-01 00:00:00",2020,70003181,A1118150201,38,15,526
"2019-09-01 00:00:00",2020,70003181,A1118150202,24,11,527
"2019-09-01 00:00:00",2020,70003181,A1119150203,23,7,528
"2019-09-01 00:00:00",2020,70003181,A1219150301,12,13,529
"2019-09-01 00:00:00",2020,70003181,A1219150302,38,14,530
"2019-09-01 00:00:00",2020,70003181,A1219150303,55,18,531
"2019-09-01 00:00:00",2020,70003181,A1319150401,10,2,532
"2019-09-01 00:00:00",2020,70003181,A1320150402,31,9,533
"2019-09-01 00:00:00",2020,70003181,A1320150403,24,14,534
"2019-09-01 00:00:00",2020,70003181,A1420150501,44,7,535
"2019-09-01 00:00:00",2020,70003181,A1618150101,2,1,536
"2019-09-01 00:00:00",2020,70003181,A1618150102,6,5,537
"2019-09-01 00:00:00",2020,70003181,A1618150103,8,6,538
"2019-09-01 00:00:00",2020,70003181,A1618150104,15,5,539
"2019-09-01 00:00:00",2020,70003181,A1718150201,11,2,540
"2019-09-01 00:00:00",2020,70003181,A1718150202,3,1,541
"2019-09-01 00:00:00",2020,70003181,A1718150203,8,2,542
"2019-09-01 00:00:00",2020,70003181,A1718150204,11,2,543
"2019-09-01 00:00:00",2020,70003181,A1819150301,12,1,544
"2019-09-01 00:00:00",2020,70003181,A1819150302,11,8,545
"2019-09-01 00:00:00",2020,70003181,A1819150303,3,7,546
"2019-09-01 00:00:00",2020,70003181,A1819150304,15,1,547
"2019-09-01 00:00:00",2020,70003181,A2118150101,166,125,548
"2019-09-01 00:00:00",2020,70003181,A2118150102,67,76,549
"2019-09-01 00:00:00",2020,70003181,A2118150103,295,93,550
"2019-09-01 00:00:00",2020,70003181,A2118150104,265,122,551
"2019-09-01 00:00:00",2020,70003181,A2118150105,206,76,552
"2019-09-01 00:00:00",2020,70003181,A2118150106,132,93,553
"2019-09-01 00:00:00",2020,70003181,A2218150201,159,89,554
"2019-09-01 00:00:00",2020,70003181,A2218150202,142,56,555
"2019-09-01 00:00:00",2020,70003181,A2219150203,333,113,556
"2019-09-01 00:00:00",2020,70003181,A2219150204,145,44,557
"2019-09-01 00:00:00",2020,70003181,A2219150205,333,72,558
"2019-09-01 00:00:00",2020,70003181,A2219150206,175,28,559
"2019-09-01 00:00:00",2020,70003181,A2319150301,274,75,560
"2019-09-01 00:00:00",2020,70003181,A2319150302,97,128,561
"2019-09-01 00:00:00",2020,70003181,A2319150303,325,28,562
"2019-09-01 00:00:00",2020,70003181,A2319150304,171,50,563
"2019-09-01 00:00:00",2020,70003181,A2319150305,116,62,564
"2019-09-01 00:00:00",2020,70003181,A2319150306,263,35,565
"2019-09-01 00:00:00",2020,70003181,A2419150401,86,147,566
"2019-09-01 00:00:00",2020,70003181,A2419150402,250,132,567
"2019-09-01 00:00:00",2020,70003181,A2419150403,230,82,568
"2019-09-01 00:00:00",2020,70003181,A2419150404,331,61,569
"2019-09-01 00:00:00",2020,70003181,A2419150405,304,134,570
"2019-09-01 00:00:00",2020,70003181,A2420150406,278,132,571
"2019-09-01 00:00:00",2020,70003181,A2918150101,137,92,572
"2019-09-01 00:00:00",2020,70003181,A2918150102,144,76,573
"2019-09-01 00:00:00",2020,70003181,A2918150103,118,66,574
"2019-09-01 00:00:00",2020,70003181,A2918150104,70,95,575
"2019-09-01 00:00:00",2020,70003181,A2918150105,153,105,576
"2019-09-01 00:00:00",2020,70003181,A2918150106,48,41,577
"2019-09-01 00:00:00",2020,70003181,A3018150201,191,82,578
"2019-09-01 00:00:00",2020,70003181,A3018150202,155,39,579
"2019-09-01 00:00:00",2020,70003181,A3018150203,49,32,580
"2019-09-01 00:00:00",2020,70003181,A3019150204,181,67,581
"2019-09-01 00:00:00",2020,70003181,A3019150205,226,96,582
"2019-09-01 00:00:00",2020,70003181,A3019150206,182,22,583
"2019-09-01 00:00:00",2020,70003181,A3119150301,167,108,584
"2019-09-01 00:00:00",2020,70003181,A3119150302,187,13,585
"2019-09-01 00:00:00",2020,70003181,A3119150303,187,68,586
"2019-09-01 00:00:00",2020,70003181,A3120150304,101,73,587
"2019-09-01 00:00:00",2020,70003181,A3120150305,88,57,588
"2019-09-01 00:00:00",2020,70003181,A3120150306,42,54,589
"2019-09-01 00:00:00",2020,70003181,A3220150401,104,37,590
"2019-09-01 00:00:00",2020,70003181,A3220150402,234,64,591
"2019-09-01 00:00:00",2020,70003181,A3220150403,93,78,592
"2019-09-01 00:00:00",2020,70003181,A3220150404,59,100,593
"2019-09-01 00:00:00",2020,70003181,A3220150405,156,37,594
"2019-09-01 00:00:00",2020,70003181,A3220150406,109,24,595
"2019-09-01 00:00:00",2020,70003181,A3320150501,184,67,596
"2019-09-01 00:00:00",2020,70003181,A3320150502,174,19,597
"2019-09-01 00:00:00",2020,70003181,A3320150503,214,40,598
"2019-09-01 00:00:00",2020,70003181,A3320150504,157,91,599
"2019-09-01 00:00:00",2020,70003181,A3718150101,2,2,600
"2019-09-01 00:00:00",2020,70003181,A3718150102,1,1,601
"2019-09-01 00:00:00",2020,70003181,A3718150103,1,1,602
"2019-09-01 00:00:00",2020,70003181,A3718150105,2,NULL,603
"2019-09-01 00:00:00",2020,70003181,A3818150201,1,1,604
"2019-09-01 00:00:00",2020,70003181,A3818150202,2,2,605
"2019-09-01 00:00:00",2020,70003181,A3819150203,2,1,606
"2019-09-01 00:00:00",2020,70003181,A3819150204,2,1,607
"2019-09-01 00:00:00",2020,70003181,A3819150205,3,2,608
"2019-09-01 00:00:00",2020,70003181,A3920150301,1,2,609
"2019-09-01 00:00:00",2020,70003181,A3920150302,1,1,610
"2019-09-01 00:00:00",2020,70003181,A3920150303,2,2,611
"2019-09-01 00:00:00",2020,70003181,A3920150304,2,2,612
"2019-09-01 00:00:00",2020,70003181,A3920150305,2,2,613
"2019-09-01 00:00:00",2020,70003181,A4020150401,2,1,614
"2019-09-01 00:00:00",2020,70003181,A4020150402,2,2,615
"2019-09-01 00:00:00",2020,70003181,A4118110101,7,4,616
"2019-09-01 00:00:00",2020,70003181,A4118110102,9,5,617
"2019-09-01 00:00:00",2020,70003181,A4118110103,3,5,618
"2019-09-01 00:00:00",2020,70003181,A4118110104,5,4,619
"2019-09-01 00:00:00",2020,70003181,A4118110105,2,2,620
"2019-09-01 00:00:00",2020,70003181,A4118110106,9,2,621
"2019-09-01 00:00:00",2020,70003181,A4118110107,10,2,622
"2019-09-01 00:00:00",2020,70003181,A4218110201,9,2,623
"2019-09-01 00:00:00",2020,70003181,A4218110202,5,2,624
"2019-09-01 00:00:00",2020,70003181,A4218110203,2,2,625
"2019-09-01 00:00:00",2020,70003181,A4218110204,2,3,626
"2019-09-01 00:00:00",2020,70003181,A4218110205,9,4,627
"2019-09-01 00:00:00",2020,70003181,A4218110206,6,4,628
"2019-09-01 00:00:00",2020,70003181,A4218110207,10,6,629
"2019-09-01 00:00:00",2020,70003181,A4218110208,6,3,630
"2019-09-01 00:00:00",2020,70003181,A4318110301,2,3,631
"2019-09-01 00:00:00",2020,70003181,A4319110302,5,5,632
"2019-09-01 00:00:00",2020,70003181,A4319110303,4,5,633
"2019-09-01 00:00:00",2020,70003181,A4319110304,10,5,634
"2019-09-01 00:00:00",2020,70003181,A4319110305,8,5,635
"2019-09-01 00:00:00",2020,70003181,A4319110306,6,7,636
"2019-09-01 00:00:00",2020,70003181,A4419110401,9,7,637
"2019-09-01 00:00:00",2020,70003181,A4419110402,7,3,638
"2019-09-01 00:00:00",2020,70003181,A4419110403,10,5,639
"2019-09-01 00:00:00",2020,70003181,A4419110404,7,3,640
"2019-09-01 00:00:00",2020,70003181,A4419110405,5,4,641
"2019-09-01 00:00:00",2020,70003181,A4419110406,3,6,642
"2019-09-01 00:00:00",2020,70003181,A4419110407,3,2,643
"2019-09-01 00:00:00",2020,70003181,A4419110408,8,3,644
"2019-09-01 00:00:00",2020,70003181,A4519110501,10,1,645
"2019-09-01 00:00:00",2020,70003181,A4519110502,5,2,646
"2019-09-01 00:00:00",2020,70003181,A4519110503,6,2,647
"2019-09-01 00:00:00",2020,70003181,A4520110504,4,1,648
"2019-09-01 00:00:00",2020,70003181,A4918110101,2,2,649
"2019-09-01 00:00:00",2020,70003181,A4918110102,2,3,650
"2019-09-01 00:00:00",2020,70003181,A4918110103,4,3,651
"2019-09-01 00:00:00",2020,70003181,A4918110104,4,1,652
"2019-09-01 00:00:00",2020,70003181,A5018110201,2,2,653
"2019-09-01 00:00:00",2020,70003181,A5018110202,7,2,654
"2019-09-01 00:00:00",2020,70003181,A5018110203,2,2,655
"2019-09-01 00:00:00",2020,70003181,A5018110204,6,1,656
"2019-09-01 00:00:00",2020,70003181,A5018110205,5,4,657
"2019-09-01 00:00:00",2020,70003181,A5018110206,6,5,658
"2019-09-01 00:00:00",2020,70003181,A5018110207,4,3,659
"2019-09-01 00:00:00",2020,70003181,A5019110208,8,1,660
"2019-09-01 00:00:00",2020,70003181,A5119110301,3,3,661
"2019-09-01 00:00:00",2020,70003181,A5119110302,7,4,662
"2019-09-01 00:00:00",2020,70003181,A5119110303,7,4,663
"2019-09-01 00:00:00",2020,70003181,A5119110304,3,4,664
"2019-09-01 00:00:00",2020,70003181,A5119110305,3,3,665
"2019-09-01 00:00:00",2020,70003181,A5119110306,6,3,666
"2019-09-01 00:00:00",2020,70003181,A5119110307,2,3,667
"2019-09-01 00:00:00",2020,70003181,A5119110308,1,5,668
"2019-09-01 00:00:00",2020,70003181,A5219110401,5,3,669
"2019-09-01 00:00:00",2020,70003181,A5219110402,8,1,670
"2019-09-01 00:00:00",2020,70003181,A5219110403,5,2,671
"2019-09-01 00:00:00",2020,70003181,A5219110404,5,5,672
"2019-09-01 00:00:00",2020,70003181,A5219110405,5,3,673
"2019-09-01 00:00:00",2020,70003181,A5219110406,3,2,674
"2019-09-01 00:00:00",2020,70003181,A5318110101,1,1,675
"2019-09-01 00:00:00",2020,70003181,A5318110102,2,1,676
"2019-09-01 00:00:00",2020,70003181,A5318110103,2,1,677
"2019-09-01 00:00:00",2020,70003181,A5318110104,1,1,678
"2019-09-01 00:00:00",2020,70003181,A5318110105,2,1,679
"2019-09-01 00:00:00",2020,70003181,A5318110106,1,NULL,680
"2019-09-01 00:00:00",2020,70003181,A5318110107,1,1,681
"2019-09-01 00:00:00",2020,70003181,A5318110108,2,1,682
"2019-09-01 00:00:00",2020,70003181,A5419110201,1,1,683
"2019-09-01 00:00:00",2020,70003181,A5419110202,1,1,684
"2019-09-01 00:00:00",2020,70003181,A5419110203,1,1,685
"2019-09-01 00:00:00",2020,70003181,A5419110204,1,1,686
"2019-09-01 00:00:00",2020,70003181,A5419110205,NULL,1,687
"2019-09-01 00:00:00",2020,70003181,A5419110206,1,1,688
"2019-09-01 00:00:00",2020,70003181,A5419110207,1,1,689
"2019-09-01 00:00:00",2020,70003181,A5419110208,NULL,1,690
"2019-09-01 00:00:00",2020,70003181,A5519110301,1,NULL,691
"2019-09-01 00:00:00",2020,70003181,A5519110302,2,1,692
"2019-09-01 00:00:00",2020,70003181,A5519110303,2,1,693
"2019-09-01 00:00:00",2020,70003181,A5519110304,1,1,694
"2019-09-01 00:00:00",2020,70003181,A5520110305,1,1,695
"2019-09-01 00:00:00",2020,70003181,A5520110307,NULL,1,696
"2019-09-01 00:00:00",2020,70003181,A5520110308,2,NULL,697
"2019-09-01 00:00:00",2020,70003181,A5620110401,2,1,698
"2019-09-01 00:00:00",2020,70003181,A5621110403,1,NULL,699
"2019-09-01 00:00:00",2020,70003181,A5621110404,2,1,700
"2019-09-01 00:00:00",2020,70003181,A5621110405,NULL,1,701
"2019-09-01 00:00:00",2020,70003181,A5621110406,1,1,702
"2019-09-01 00:00:00",2020,70003181,A5621110407,2,1,703
"2019-09-01 00:00:00",2020,70003181,A5621110408,2,1,704
"2019-09-01 00:00:00",2020,70003181,A5721110501,2,1,705
"2019-09-01 00:00:00",2020,70003181,A6018110104,1,NULL,706
"2019-09-01 00:00:00",2020,70003181,A6218160101,136,111,707
"2019-09-01 00:00:00",2020,70003181,A6218160102,126,52,708
"2019-09-01 00:00:00",2020,70003181,A6219160103,55,117,709
"2019-09-01 00:00:00",2020,70003181,A6319160201,315,39,710
"2019-09-01 00:00:00",2020,70003181,A6319160202,183,77,711
"2019-09-01 00:00:00",2020,70003181,A6319160203,183,71,712
"2019-09-01 00:00:00",2020,70003181,A6419160301,199,33,713
"2019-09-01 00:00:00",2020,70003181,A6419160302,276,78,714
"2019-09-01 00:00:00",2020,70003181,A6419160303,336,38,715
"2019-09-01 00:00:00",2020,70003181,A6519160401,231,190,716
"2019-09-01 00:00:00",2020,70003181,A6720160103,476,205,717
"2019-09-01 00:00:00",2020,70003181,A6818160201,382,30,718
"2019-09-01 00:00:00",2020,70003181,A7118160101,315,138,719
"2019-09-01 00:00:00",2020,70003181,A7119160102,210,117,720
"2019-09-01 00:00:00",2020,70003181,A7119160103,139,128,721
"2019-09-01 00:00:00",2020,70003181,A7219160201,45,24,722
"2019-09-01 00:00:00",2020,70003181,A7220160202,58,71,723
"2019-09-01 00:00:00",2020,70003181,A7220160203,242,109,724
"2019-09-01 00:00:00",2020,70003182,A0118150101,63,32,725
"2019-09-01 00:00:00",2020,70003182,A0118150102,77,35,726
"2019-09-01 00:00:00",2020,70003182,A0118150103,25,23,727
"2019-09-01 00:00:00",2020,70003182,A0118150104,55,21,728
"2019-09-01 00:00:00",2020,70003182,A0219150201,81,33,729
"2019-09-01 00:00:00",2020,70003182,A0219150202,52,6,730
"2019-09-01 00:00:00",2020,70003182,A0220150203,26,29,731
"2019-09-01 00:00:00",2020,70003182,A0320150301,31,5,732
"2019-09-01 00:00:00",2020,70003182,A0418150101,32,20,733
"2019-09-01 00:00:00",2020,70003182,A0418150102,34,13,734
"2019-09-01 00:00:00",2020,70003182,A0418150103,8,16,735
"2019-09-01 00:00:00",2020,70003182,A0418150104,43,12,736
"2019-09-01 00:00:00",2020,70003182,A0418150105,48,18,737
"2019-09-01 00:00:00",2020,70003182,A0418150106,22,16,738
"2019-09-01 00:00:00",2020,70003182,A0418150107,50,4,739
"2019-09-01 00:00:00",2020,70003182,A0418150108,40,11,740
"2019-09-01 00:00:00",2020,70003182,A0519150201,57,5,741
"2019-09-01 00:00:00",2020,70003182,A0519150202,17,6,742
"2019-09-01 00:00:00",2020,70003182,A0519150203,39,15,743
"2019-09-01 00:00:00",2020,70003182,A0519150204,25,6,744
"2019-09-01 00:00:00",2020,70003182,A0519150205,39,8,745
"2019-09-01 00:00:00",2020,70003182,A0519150206,38,10,746
"2019-09-01 00:00:00",2020,70003182,A0519150207,9,7,747
"2019-09-01 00:00:00",2020,70003182,A0519150208,49,24,748
"2019-09-01 00:00:00",2020,70003182,A0619150301,9,5,749
"2019-09-01 00:00:00",2020,70003182,A0619150302,18,9,750
"2019-09-01 00:00:00",2020,70003182,A0620150303,56,6,751
"2019-09-01 00:00:00",2020,70003182,A0620150304,48,18,752
"2019-09-01 00:00:00",2020,70003182,A0620150305,31,16,753
"2019-09-01 00:00:00",2020,70003182,A0620150306,17,12,754
"2019-09-01 00:00:00",2020,70003182,A0621150307,33,5,755
"2019-09-01 00:00:00",2020,70003182,A0621150308,6,6,756
"2019-09-01 00:00:00",2020,70003182,A0721150401,41,18,757
"2019-09-01 00:00:00",2020,70003182,A0721150402,26,20,758
"2019-09-01 00:00:00",2020,70003182,A1018150101,17,21,759
"2019-09-01 00:00:00",2020,70003182,A1018150102,52,5,760
"2019-09-01 00:00:00",2020,70003182,A1018150103,25,22,761
"2019-09-01 00:00:00",2020,70003182,A1118150201,42,14,762
"2019-09-01 00:00:00",2020,70003182,A1118150202,12,9,763
"2019-09-01 00:00:00",2020,70003182,A1119150203,27,15,764
"2019-09-01 00:00:00",2020,70003182,A1219150301,15,6,765
"2019-09-01 00:00:00",2020,70003182,A1219150302,34,20,766
"2019-09-01 00:00:00",2020,70003182,A1219150303,8,15,767
"2019-09-01 00:00:00",2020,70003182,A1319150401,30,17,768
"2019-09-01 00:00:00",2020,70003182,A1320150402,31,3,769
"2019-09-01 00:00:00",2020,70003182,A1320150403,34,6,770
"2019-09-01 00:00:00",2020,70003182,A1420150501,51,15,771
"2019-09-01 00:00:00",2020,70003182,A1618150101,8,5,772
"2019-09-01 00:00:00",2020,70003182,A1618150102,2,4,773
"2019-09-01 00:00:00",2020,70003182,A1618150103,7,5,774
"2019-09-01 00:00:00",2020,70003182,A1618150104,13,5,775
"2019-09-01 00:00:00",2020,70003182,A1718150201,2,2,776
"2019-09-01 00:00:00",2020,70003182,A1718150202,2,5,777
"2019-09-01 00:00:00",2020,70003182,A1718150203,11,7,778
"2019-09-01 00:00:00",2020,70003182,A1718150204,15,4,779
"2019-09-01 00:00:00",2020,70003182,A1819150301,9,5,780
"2019-09-01 00:00:00",2020,70003182,A1819150302,15,4,781
"2019-09-01 00:00:00",2020,70003182,A1819150303,11,1,782
"2019-09-01 00:00:00",2020,70003182,A1819150304,16,3,783
"2019-09-01 00:00:00",2020,70003182,A2118150101,217,110,784
"2019-09-01 00:00:00",2020,70003182,A2118150102,79,202,785
"2019-09-01 00:00:00",2020,70003182,A2118150103,328,75,786
"2019-09-01 00:00:00",2020,70003182,A2118150104,117,58,787
"2019-09-01 00:00:00",2020,70003182,A2118150105,322,89,788
"2019-09-01 00:00:00",2020,70003182,A2118150106,281,28,789
"2019-09-01 00:00:00",2020,70003182,A2218150201,205,64,790
"2019-09-01 00:00:00",2020,70003182,A2218150202,112,51,791
"2019-09-01 00:00:00",2020,70003182,A2219150203,246,179,792
"2019-09-01 00:00:00",2020,70003182,A2219150204,128,137,793
"2019-09-01 00:00:00",2020,70003182,A2219150205,115,45,794
"2019-09-01 00:00:00",2020,70003182,A2219150206,144,32,795
"2019-09-01 00:00:00",2020,70003182,A2319150301,165,98,796
"2019-09-01 00:00:00",2020,70003182,A2319150302,48,30,797
"2019-09-01 00:00:00",2020,70003182,A2319150303,37,148,798
"2019-09-01 00:00:00",2020,70003182,A2319150304,145,169,799
"2019-09-01 00:00:00",2020,70003182,A2319150305,240,63,800
"2019-09-01 00:00:00",2020,70003182,A2319150306,249,80,801
"2019-09-01 00:00:00",2020,70003182,A2419150401,312,98,802
"2019-09-01 00:00:00",2020,70003182,A2419150402,196,33,803
"2019-09-01 00:00:00",2020,70003182,A2419150403,197,88,804
"2019-09-01 00:00:00",2020,70003182,A2419150404,82,141,805
"2019-09-01 00:00:00",2020,70003182,A2419150405,70,71,806
"2019-09-01 00:00:00",2020,70003182,A2420150406,302,89,807
"2019-09-01 00:00:00",2020,70003182,A2918150101,252,11,808
"2019-09-01 00:00:00",2020,70003182,A2918150102,152,12,809
"2019-09-01 00:00:00",2020,70003182,A2918150103,64,22,810
"2019-09-01 00:00:00",2020,70003182,A2918150104,162,52,811
"2019-09-01 00:00:00",2020,70003182,A2918150105,34,91,812
"2019-09-01 00:00:00",2020,70003182,A2918150106,264,45,813
"2019-09-01 00:00:00",2020,70003182,A3018150201,116,41,814
"2019-09-01 00:00:00",2020,70003182,A3018150202,58,93,815
"2019-09-01 00:00:00",2020,70003182,A3018150203,98,62,816
"2019-09-01 00:00:00",2020,70003182,A3019150204,48,62,817
"2019-09-01 00:00:00",2020,70003182,A3019150205,79,90,818
"2019-09-01 00:00:00",2020,70003182,A3019150206,88,58,819
"2019-09-01 00:00:00",2020,70003182,A3119150301,39,26,820
"2019-09-01 00:00:00",2020,70003182,A3119150302,173,21,821
"2019-09-01 00:00:00",2020,70003182,A3119150303,176,15,822
"2019-09-01 00:00:00",2020,70003182,A3120150304,198,104,823
"2019-09-01 00:00:00",2020,70003182,A3120150305,133,25,824
"2019-09-01 00:00:00",2020,70003182,A3120150306,156,58,825
"2019-09-01 00:00:00",2020,70003182,A3220150401,169,24,826
"2019-09-01 00:00:00",2020,70003182,A3220150402,228,56,827
"2019-09-01 00:00:00",2020,70003182,A3220150403,143,11,828
"2019-09-01 00:00:00",2020,70003182,A3220150404,224,78,829
"2019-09-01 00:00:00",2020,70003182,A3220150405,177,26,830
"2019-09-01 00:00:00",2020,70003182,A3220150406,176,77,831
"2019-09-01 00:00:00",2020,70003182,A3320150501,151,62,832
"2019-09-01 00:00:00",2020,70003182,A3320150502,76,55,833
"2019-09-01 00:00:00",2020,70003182,A3320150503,241,90,834
"2019-09-01 00:00:00",2020,70003182,A3320150504,249,16,835
"2019-09-01 00:00:00",2020,70003182,A3718150101,2,1,836
"2019-09-01 00:00:00",2020,70003182,A3718150102,1,1,837
"2019-09-01 00:00:00",2020,70003182,A3718150103,2,NULL,838
"2019-09-01 00:00:00",2020,70003182,A3718150104,2,1,839
"2019-09-01 00:00:00",2020,70003182,A3718150105,2,1,840
"2019-09-01 00:00:00",2020,70003182,A3818150201,2,NULL,841
"2019-09-01 00:00:00",2020,70003182,A3818150202,1,1,842
"2019-09-01 00:00:00",2020,70003182,A3819150203,2,NULL,843
"2019-09-01 00:00:00",2020,70003182,A3819150204,1,1,844
"2019-09-01 00:00:00",2020,70003182,A3819150205,1,2,845
"2019-09-01 00:00:00",2020,70003182,A3920150301,2,NULL,846
"2019-09-01 00:00:00",2020,70003182,A3920150302,2,NULL,847
"2019-09-01 00:00:00",2020,70003182,A3920150303,2,2,848
"2019-09-01 00:00:00",2020,70003182,A3920150304,2,1,849
"2019-09-01 00:00:00",2020,70003182,A3920150305,2,1,850
"2019-09-01 00:00:00",2020,70003182,A4020150401,1,1,851
"2019-09-01 00:00:00",2020,70003182,A4020150402,NULL,1,852
"2019-09-01 00:00:00",2020,70003182,A4118110101,7,2,853
"2019-09-01 00:00:00",2020,70003182,A4118110102,10,2,854
"2019-09-01 00:00:00",2020,70003182,A4118110103,10,3,855
"2019-09-01 00:00:00",2020,70003182,A4118110104,5,5,856
"2019-09-01 00:00:00",2020,70003182,A4118110105,3,5,857
"2019-09-01 00:00:00",2020,70003182,A4118110106,2,6,858
"2019-09-01 00:00:00",2020,70003182,A4118110107,7,4,859
"2019-09-01 00:00:00",2020,70003182,A4218110201,4,4,860
"2019-09-01 00:00:00",2020,70003182,A4218110202,4,7,861
"2019-09-01 00:00:00",2020,70003182,A4218110203,4,4,862
"2019-09-01 00:00:00",2020,70003182,A4218110204,5,2,863
"2019-09-01 00:00:00",2020,70003182,A4218110205,8,5,864
"2019-09-01 00:00:00",2020,70003182,A4218110206,7,5,865
"2019-09-01 00:00:00",2020,70003182,A4218110207,8,3,866
"2019-09-01 00:00:00",2020,70003182,A4218110208,6,7,867
"2019-09-01 00:00:00",2020,70003182,A4318110301,3,4,868
"2019-09-01 00:00:00",2020,70003182,A4319110302,6,6,869
"2019-09-01 00:00:00",2020,70003182,A4319110303,7,6,870
"2019-09-01 00:00:00",2020,70003182,A4319110304,3,2,871
"2019-09-01 00:00:00",2020,70003182,A4319110305,6,6,872
"2019-09-01 00:00:00",2020,70003182,A4319110306,4,2,873
"2019-09-01 00:00:00",2020,70003182,A4419110401,5,2,874
"2019-09-01 00:00:00",2020,70003182,A4419110402,7,1,875
"2019-09-01 00:00:00",2020,70003182,A4419110403,9,2,876
"2019-09-01 00:00:00",2020,70003182,A4419110404,6,5,877
"2019-09-01 00:00:00",2020,70003182,A4419110405,3,3,878
"2019-09-01 00:00:00",2020,70003182,A4419110406,9,2,879
"2019-09-01 00:00:00",2020,70003182,A4419110407,4,3,880
"2019-09-01 00:00:00",2020,70003182,A4419110408,10,4,881
"2019-09-01 00:00:00",2020,70003182,A4519110501,2,4,882
"2019-09-01 00:00:00",2020,70003182,A4519110502,8,4,883
"2019-09-01 00:00:00",2020,70003182,A4519110503,4,2,884
"2019-09-01 00:00:00",2020,70003182,A4520110504,6,6,885
"2019-09-01 00:00:00",2020,70003182,A4918110101,4,3,886
"2019-09-01 00:00:00",2020,70003182,A4918110102,2,5,887
"2019-09-01 00:00:00",2020,70003182,A4918110103,3,2,888
"2019-09-01 00:00:00",2020,70003182,A4918110104,6,4,889
"2019-09-01 00:00:00",2020,70003182,A5018110201,8,2,890
"2019-09-01 00:00:00",2020,70003182,A5018110202,2,4,891
"2019-09-01 00:00:00",2020,70003182,A5018110203,5,2,892
"2019-09-01 00:00:00",2020,70003182,A5018110204,2,3,893
"2019-09-01 00:00:00",2020,70003182,A5018110205,6,5,894
"2019-09-01 00:00:00",2020,70003182,A5018110206,1,1,895
"2019-09-01 00:00:00",2020,70003182,A5018110207,2,1,896
"2019-09-01 00:00:00",2020,70003182,A5019110208,2,3,897
"2019-09-01 00:00:00",2020,70003182,A5119110301,3,5,898
"2019-09-01 00:00:00",2020,70003182,A5119110302,6,5,899
"2019-09-01 00:00:00",2020,70003182,A5119110303,4,4,900
"2019-09-01 00:00:00",2020,70003182,A5119110304,7,3,901
"2019-09-01 00:00:00",2020,70003182,A5119110305,8,5,902
"2019-09-01 00:00:00",2020,70003182,A5119110306,5,2,903
"2019-09-01 00:00:00",2020,70003182,A5119110307,4,3,904
"2019-09-01 00:00:00",2020,70003182,A5119110308,6,1,905
"2019-09-01 00:00:00",2020,70003182,A5219110401,4,1,906
"2019-09-01 00:00:00",2020,70003182,A5219110402,3,5,907
"2019-09-01 00:00:00",2020,70003182,A5219110403,7,3,908
"2019-09-01 00:00:00",2020,70003182,A5219110404,6,2,909
"2019-09-01 00:00:00",2020,70003182,A5219110405,5,2,910
"2019-09-01 00:00:00",2020,70003182,A5219110406,4,2,911
"2019-09-01 00:00:00",2020,70003182,A5318110101,1,1,912
"2019-09-01 00:00:00",2020,70003182,A5318110102,1,1,913
"2019-09-01 00:00:00",2020,70003182,A5318110103,1,1,914
"2019-09-01 00:00:00",2020,70003182,A5318110104,NULL,1,915
"2019-09-01 00:00:00",2020,70003182,A5318110105,NULL,1,916
"2019-09-01 00:00:00",2020,70003182,A5318110106,1,1,917
"2019-09-01 00:00:00",2020,70003182,A5318110107,NULL,1,918
"2019-09-01 00:00:00",2020,70003182,A5318110108,2,1,919
"2019-09-01 00:00:00",2020,70003182,A5419110201,2,NULL,920
"2019-09-01 00:00:00",2020,70003182,A5419110202,1,1,921
"2019-09-01 00:00:00",2020,70003182,A5419110203,1,NULL,922
"2019-09-01 00:00:00",2020,70003182,A5419110204,1,1,923
"2019-09-01 00:00:00",2020,70003182,A5419110205,NULL,1,924
"2019-09-01 00:00:00",2020,70003182,A5419110206,1,1,925
"2019-09-01 00:00:00",2020,70003182,A5419110207,2,1,926
"2019-09-01 00:00:00",2020,70003182,A5419110208,1,NULL,927
"2019-09-01 00:00:00",2020,70003182,A5519110301,1,1,928
"2019-09-01 00:00:00",2020,70003182,A5519110302,1,1,929
"2019-09-01 00:00:00",2020,70003182,A5519110303,1,1,930
"2019-09-01 00:00:00",2020,70003182,A5519110304,1,1,931
"2019-09-01 00:00:00",2020,70003182,A5520110305,2,NULL,932
"2019-09-01 00:00:00",2020,70003182,A5520110306,2,1,933
"2019-09-01 00:00:00",2020,70003182,A5520110307,1,1,934
"2019-09-01 00:00:00",2020,70003182,A5520110308,1,1,935
"2019-09-01 00:00:00",2020,70003182,A5620110401,1,1,936
"2019-09-01 00:00:00",2020,70003182,A5620110402,2,1,937
"2019-09-01 00:00:00",2020,70003182,A5621110403,1,1,938
"2019-09-01 00:00:00",2020,70003182,A5621110404,1,1,939
"2019-09-01 00:00:00",2020,70003182,A5621110405,2,NULL,940
"2019-09-01 00:00:00",2020,70003182,A5621110406,2,1,941
"2019-09-01 00:00:00",2020,70003182,A5621110407,2,NULL,942
"2019-09-01 00:00:00",2020,70003182,A5621110408,1,1,943
"2019-09-01 00:00:00",2020,70003182,A5721110501,1,1,944
"2019-09-01 00:00:00",2020,70003182,A6018110103,1,NULL,945
"2019-09-01 00:00:00",2020,70003182,A6018110104,1,NULL,946
"2019-09-01 00:00:00",2020,70003182,A6019110107,1,NULL,947
"2019-09-01 00:00:00",2020,70003182,A6218160101,171,99,948
"2019-09-01 00:00:00",2020,70003182,A6218160102,60,137,949
"2019-09-01 00:00:00",2020,70003182,A6219160103,330,115,950
"2019-09-01 00:00:00",2020,70003182,A6319160201,372,166,951
"2019-09-01 00:00:00",2020,70003182,A6319160202,354,126,952
"2019-09-01 00:00:00",2020,70003182,A6319160203,262,104,953
"2019-09-01 00:00:00",2020,70003182,A6419160301,310,52,954
"2019-09-01 00:00:00",2020,70003182,A6419160302,154,72,955
"2019-09-01 00:00:00",2020,70003182,A6419160303,227,155,956
"2019-09-01 00:00:00",2020,70003182,A6519160401,381,121,957
"2019-09-01 00:00:00",2020,70003182,A6720160103,209,153,958
"2019-09-01 00:00:00",2020,70003182,A6818160201,547,188,959
"2019-09-01 00:00:00",2020,70003182,A7118160101,359,122,960
"2019-09-01 00:00:00",2020,70003182,A7119160102,245,49,961
"2019-09-01 00:00:00",2020,70003182,A7119160103,82,49,962
"2019-09-01 00:00:00",2020,70003182,A7219160201,287,46,963
"2019-09-01 00:00:00",2020,70003182,A7220160202,242,14,964
"2019-09-01 00:00:00",2020,70003182,A7220160203,205,130,965
"2019-09-01 00:00:00",2020,70004069,A0118150101,9,8,966
"2019-09-01 00:00:00",2020,70004069,A0118150102,10,10,967
"2019-09-01 00:00:00",2020,70004069,A0118150103,1,7,968
"2019-09-01 00:00:00",2020,70004069,A0118150104,6,14,969
"2019-09-01 00:00:00",2020,70004069,A0219150201,2,6,970
"2019-09-01 00:00:00",2020,70004069,A0219150202,2,2,971
"2019-09-01 00:00:00",2020,70004069,A0220150203,4,13,972
"2019-09-01 00:00:00",2020,70004069,A0320150301,2,6,973
"2019-09-01 00:00:00",2020,70004069,A0418150101,3,8,974
"2019-09-01 00:00:00",2020,70004069,A0418150102,2,3,975
"2019-09-01 00:00:00",2020,70004069,A0418150103,3,7,976
"2019-09-01 00:00:00",2020,70004069,A0418150104,3,5,977
"2019-09-01 00:00:00",2020,70004069,A0418150105,6,3,978
"2019-09-01 00:00:00",2020,70004069,A0418150106,5,8,979
"2019-09-01 00:00:00",2020,70004069,A0418150107,2,6,980
"2019-09-01 00:00:00",2020,70004069,A0418150108,8,2,981
"2019-09-01 00:00:00",2020,70004069,A0519150201,4,5,982
"2019-09-01 00:00:00",2020,70004069,A0519150202,5,4,983
"2019-09-01 00:00:00",2020,70004069,A0519150203,8,7,984
"2019-09-01 00:00:00",2020,70004069,A0519150204,4,7,985
"2019-09-01 00:00:00",2020,70004069,A0519150205,5,9,986
"2019-09-01 00:00:00",2020,70004069,A0519150206,2,11,987
"2019-09-01 00:00:00",2020,70004069,A0519150207,7,2,988
"2019-09-01 00:00:00",2020,70004069,A0519150208,5,2,989
"2019-09-01 00:00:00",2020,70004069,A0619150301,6,5,990
"2019-09-01 00:00:00",2020,70004069,A0619150302,8,6,991
"2019-09-01 00:00:00",2020,70004069,A0620150303,2,6,992
"2019-09-01 00:00:00",2020,70004069,A0620150304,5,5,993
"2019-09-01 00:00:00",2020,70004069,A0620150305,4,6,994
"2019-09-01 00:00:00",2020,70004069,A0620150306,4,3,995
"2019-09-01 00:00:00",2020,70004069,A0621150307,7,6,996
"2019-09-01 00:00:00",2020,70004069,A0621150308,8,9,997
"2019-09-01 00:00:00",2020,70004069,A0721150401,6,6,998
"2019-09-01 00:00:00",2020,70004069,A0721150402,6,7,999
"2019-09-01 00:00:00",2020,70004069,A1018150101,6,2,1000
"2020-09-01 00:00:00",2021,70002017,A0118150101,248,84,1
"2020-09-01 00:00:00",2021,70002017,A0118150102,42,42,2
"2020-09-01 00:00:00",2021,70002017,A0118150103,166,160,3
"2020-09-01 00:00:00",2021,70002017,A0118150104,83,50,4
"2020-09-01 00:00:00",2021,70002017,A0219150201,94,129,5
"2020-09-01 00:00:00",2021,70002017,A0219150202,242,201,6
"2020-09-01 00:00:00",2021,70002017,A0220150203,134,190,7
"2020-09-01 00:00:00",2021,70002017,A0320150301,108,109,8
"2020-09-01 00:00:00",2021,70002017,A0321150302,223,224,9
"2020-09-01 00:00:00",2021,70002017,A0321150303,234,150,10
"2020-09-01 00:00:00",2021,70002017,A0418150103,119,101,11
"2020-09-01 00:00:00",2021,70002017,A0418150104,64,97,12
"2020-09-01 00:00:00",2021,70002017,A0418150105,23,168,13
"2020-09-01 00:00:00",2021,70002017,A0418150106,37,180,14
"2020-09-01 00:00:00",2021,70002017,A0519150201,170,130,15
"2020-09-01 00:00:00",2021,70002017,A0519150202,42,29,16
"2020-09-01 00:00:00",2021,70002017,A0519150203,160,37,17
"2020-09-01 00:00:00",2021,70002017,A0519150204,67,97,18
"2020-09-01 00:00:00",2021,70002017,A0519150205,122,89,19
"2020-09-01 00:00:00",2021,70002017,A0519150206,145,37,20
"2020-09-01 00:00:00",2021,70002017,A0519150207,182,209,21
"2020-09-01 00:00:00",2021,70002017,A0519150208,193,59,22
"2020-09-01 00:00:00",2021,70002017,A0619150301,112,201,23
"2020-09-01 00:00:00",2021,70002017,A0619150302,77,189,24
"2020-09-01 00:00:00",2021,70002017,A0620150303,62,54,25
"2020-09-01 00:00:00",2021,70002017,A0620150304,100,159,26
"2020-09-01 00:00:00",2021,70002017,A0620150305,170,61,27
"2020-09-01 00:00:00",2021,70002017,A0620150306,157,159,28
"2020-09-01 00:00:00",2021,70002017,A0621150307,58,118,29
"2020-09-01 00:00:00",2021,70002017,A0621150308,182,55,30
"2020-09-01 00:00:00",2021,70002017,A0721150401,82,163,31
"2020-09-01 00:00:00",2021,70002017,A0721150402,37,34,32
"2020-09-01 00:00:00",2021,70002017,A0721150403,131,84,33
"2020-09-01 00:00:00",2021,70002017,A0721150404,61,195,34
"2020-09-01 00:00:00",2021,70002017,A0821150501,116,114,35
"2020-09-01 00:00:00",2021,70002017,A0821150502,196,88,36
"2020-09-01 00:00:00",2021,70002017,A0821150503,104,35,37
"2020-09-01 00:00:00",2021,70002017,A0821150504,167,50,38
"2020-09-01 00:00:00",2021,70002017,A0921150601,134,108,39
"2020-09-01 00:00:00",2021,70002017,A1018150101,40,98,40
"2020-09-01 00:00:00",2021,70002017,A1018150102,119,49,41
"2020-09-01 00:00:00",2021,70002017,A1018150103,97,38,42
"2020-09-01 00:00:00",2021,70002017,A1118150201,131,293,43
"2020-09-01 00:00:00",2021,70002017,A1118150202,97,79,44
"2020-09-01 00:00:00",2021,70002017,A1119150203,99,208,45
"2020-09-01 00:00:00",2021,70002017,A1219150301,202,134,46
"2020-09-01 00:00:00",2021,70002017,A1219150302,70,35,47
"2020-09-01 00:00:00",2021,70002017,A1219150303,203,260,48
"2020-09-01 00:00:00",2021,70002017,A1319150401,89,208,49
"2020-09-01 00:00:00",2021,70002017,A1320150402,59,26,50
"2020-09-01 00:00:00",2021,70002017,A1320150403,133,103,51
"2020-09-01 00:00:00",2021,70002017,A1420150501,183,248,52
"2020-09-01 00:00:00",2021,70002017,A1420150502,132,97,53
"2020-09-01 00:00:00",2021,70002017,A1421150503,148,147,54
"2020-09-01 00:00:00",2021,70002017,A1521150601,193,116,55
"2020-09-01 00:00:00",2021,70002017,A1521150602,33,241,56
"2020-09-01 00:00:00",2021,70002017,A1618150101,136,47,57
"2020-09-01 00:00:00",2021,70002017,A1618150102,129,132,58
"2020-09-01 00:00:00",2021,70002017,A1618150103,118,38,59
"2020-09-01 00:00:00",2021,70002017,A1618150104,77,114,60
"2020-09-01 00:00:00",2021,70002017,A1718150201,55,91,61
"2020-09-01 00:00:00",2021,70002017,A1718150202,143,51,62
"2020-09-01 00:00:00",2021,70002017,A1718150203,113,13,63
"2020-09-01 00:00:00",2021,70002017,A1718150204,88,61,64
"2020-09-01 00:00:00",2021,70002017,A1819150301,134,20,65
"2020-09-01 00:00:00",2021,70002017,A1819150302,31,109,66
"2020-09-01 00:00:00",2021,70002017,A1819150303,53,102,67
"2020-09-01 00:00:00",2021,70002017,A1819150304,30,101,68
"2020-09-01 00:00:00",2021,70002017,A1919150401,55,51,69
"2020-09-01 00:00:00",2021,70002017,A1919150402,54,45,70
"2020-09-01 00:00:00",2021,70002017,A1919150403,77,87,71
"2020-09-01 00:00:00",2021,70002017,A1920150404,138,19,72
"2020-09-01 00:00:00",2021,70002017,A2020150501,112,51,73
"2020-09-01 00:00:00",2021,70002017,A2020150502,18,96,74
"2020-09-01 00:00:00",2021,70002017,A2021150503,61,95,75
"2020-09-01 00:00:00",2021,70002017,A2118150101,158,915,76
"2020-09-01 00:00:00",2021,70002017,A2118150102,227,1300,77
"2020-09-01 00:00:00",2021,70002017,A2118150103,356,471,78
"2020-09-01 00:00:00",2021,70002017,A2118150104,447,550,79
"2020-09-01 00:00:00",2021,70002017,A2118150105,347,669,80
"2020-09-01 00:00:00",2021,70002017,A2118150106,254,1078,81
"2020-09-01 00:00:00",2021,70002017,A2218150201,480,938,82
"2020-09-01 00:00:00",2021,70002017,A2218150202,792,591,83
"2020-09-01 00:00:00",2021,70002017,A2219150203,433,391,84
"2020-09-01 00:00:00",2021,70002017,A2219150204,252,896,85
"2020-09-01 00:00:00",2021,70002017,A2219150205,788,620,86
"2020-09-01 00:00:00",2021,70002017,A2219150206,262,240,87
"2020-09-01 00:00:00",2021,70002017,A2319150301,187,306,88
"2020-09-01 00:00:00",2021,70002017,A2319150302,1038,1077,89
"2020-09-01 00:00:00",2021,70002017,A2319150303,612,471,90
"2020-09-01 00:00:00",2021,70002017,A2319150304,119,381,91
"2020-09-01 00:00:00",2021,70002017,A2319150305,414,255,92
"2020-09-01 00:00:00",2021,70002017,A2319150306,624,833,93
"2020-09-01 00:00:00",2021,70002017,A2419150401,368,638,94
"2020-09-01 00:00:00",2021,70002017,A2419150402,239,1031,95
"2020-09-01 00:00:00",2021,70002017,A2419150403,324,462,96
"2020-09-01 00:00:00",2021,70002017,A2419150404,988,361,97
"2020-09-01 00:00:00",2021,70002017,A2419150405,437,438,98
"2020-09-01 00:00:00",2021,70002017,A2420150406,245,919,99
"2020-09-01 00:00:00",2021,70002017,A2520150501,1000,1280,100
"2020-09-01 00:00:00",2021,70002017,A2520150502,424,1029,101
"2020-09-01 00:00:00",2021,70002017,A2520150503,314,315,102
"2020-09-01 00:00:00",2021,70002017,A2520150504,842,424,103
"2020-09-01 00:00:00",2021,70002017,A2520150505,982,992,104
"2020-09-01 00:00:00",2021,70002017,A2520150506,601,159,105
"2020-09-01 00:00:00",2021,70002017,A2620150601,587,767,106
"2020-09-01 00:00:00",2021,70002017,A2620150602,973,892,107
"2020-09-01 00:00:00",2021,70002017,A2620150603,349,180,108
"2020-09-01 00:00:00",2021,70002017,A2620150604,297,1095,109
"2020-09-01 00:00:00",2021,70002017,A2620150605,636,956,110
"2020-09-01 00:00:00",2021,70002017,A2620150606,626,355,111
"2020-09-01 00:00:00",2021,70002017,A2720150701,788,741,112
"2020-09-01 00:00:00",2021,70002017,A2721150702,297,741,113
"2020-09-01 00:00:00",2021,70002017,A2721150703,508,525,114
"2020-09-01 00:00:00",2021,70002017,A2721150704,1034,248,115
"2020-09-01 00:00:00",2021,70002017,A2721150705,304,1105,116
"2020-09-01 00:00:00",2021,70002017,A2721150706,179,868,117
"2020-09-01 00:00:00",2021,70002017,A2821150801,264,913,118
"2020-09-01 00:00:00",2021,70002017,A2918150101,549,84,119
"2020-09-01 00:00:00",2021,70002017,A2918150102,500,351,120
"2020-09-01 00:00:00",2021,70002017,A2918150103,180,398,121
"2020-09-01 00:00:00",2021,70002017,A2918150104,655,161,122
"2020-09-01 00:00:00",2021,70002017,A2918150105,810,267,123
"2020-09-01 00:00:00",2021,70002017,A2918150106,92,363,124
"2020-09-01 00:00:00",2021,70002017,A3018150201,586,114,125
"2020-09-01 00:00:00",2021,70002017,A3018150202,737,79,126
"2020-09-01 00:00:00",2021,70002017,A3018150203,329,262,127
"2020-09-01 00:00:00",2021,70002017,A3019150204,871,254,128
"2020-09-01 00:00:00",2021,70002017,A3019150205,730,419,129
"2020-09-01 00:00:00",2021,70002017,A3019150206,702,494,130
"2020-09-01 00:00:00",2021,70002017,A3119150301,794,405,131
"2020-09-01 00:00:00",2021,70002017,A3119150302,310,448,132
"2020-09-01 00:00:00",2021,70002017,A3119150303,794,503,133
"2020-09-01 00:00:00",2021,70002017,A3120150304,836,579,134
"2020-09-01 00:00:00",2021,70002017,A3120150305,873,299,135
"2020-09-01 00:00:00",2021,70002017,A3120150306,658,478,136
"2020-09-01 00:00:00",2021,70002017,A3220150401,524,521,137
"2020-09-01 00:00:00",2021,70002017,A3220150402,558,574,138
"2020-09-01 00:00:00",2021,70002017,A3220150403,368,184,139
"2020-09-01 00:00:00",2021,70002017,A3220150404,194,486,140
"2020-09-01 00:00:00",2021,70002017,A3220150405,352,538,141
"2020-09-01 00:00:00",2021,70002017,A3220150406,452,415,142
"2020-09-01 00:00:00",2021,70002017,A3320150501,628,70,143
"2020-09-01 00:00:00",2021,70002017,A3320150502,554,469,144
"2020-09-01 00:00:00",2021,70002017,A3320150503,715,366,145
"2020-09-01 00:00:00",2021,70002017,A3320150504,649,102,146
"2020-09-01 00:00:00",2021,70002017,A3320150505,524,334,147
"2020-09-01 00:00:00",2021,70002017,A3320150506,292,249,148
"2020-09-01 00:00:00",2021,70002017,A3420150601,158,362,149
"2020-09-01 00:00:00",2021,70002017,A3420150602,868,332,150
"2020-09-01 00:00:00",2021,70002017,A3421150603,389,432,151
"2020-09-01 00:00:00",2021,70002017,A3421150604,211,588,152
"2020-09-01 00:00:00",2021,70002017,A3421150605,473,96,153
"2020-09-01 00:00:00",2021,70002017,A3421150606,878,105,154
"2020-09-01 00:00:00",2021,70002017,A3521150701,269,341,155
"2020-09-01 00:00:00",2021,70002017,A3521150702,584,179,156
"2020-09-01 00:00:00",2021,70002017,A3521150703,296,83,157
"2020-09-01 00:00:00",2021,70002017,A3521150704,201,605,158
"2020-09-01 00:00:00",2021,70002017,A3521150705,829,223,159
"2020-09-01 00:00:00",2021,70002017,A3718150101,20,77,160
"2020-09-01 00:00:00",2021,70002017,A3718150102,40,59,161
"2020-09-01 00:00:00",2021,70002017,A3718150103,72,33,162
"2020-09-01 00:00:00",2021,70002017,A3718150105,81,38,163
"2020-09-01 00:00:00",2021,70002017,A3818150201,79,26,164
"2020-09-01 00:00:00",2021,70002017,A3818150202,53,40,165
"2020-09-01 00:00:00",2021,70002017,A3819150203,43,21,166
"2020-09-01 00:00:00",2021,70002017,A3819150204,77,57,167
"2020-09-01 00:00:00",2021,70002017,A3819150205,39,46,168
"2020-09-01 00:00:00",2021,70002017,A3920150301,81,25,169
"2020-09-01 00:00:00",2021,70002017,A3920150302,41,13,170
"2020-09-01 00:00:00",2021,70002017,A3920150303,17,75,171
"2020-09-01 00:00:00",2021,70002017,A3920150304,11,89,172
"2020-09-01 00:00:00",2021,70002017,A3920150305,55,93,173
"2020-09-01 00:00:00",2021,70002017,A4020150401,22,80,174
"2020-09-01 00:00:00",2021,70002017,A4020150402,66,77,175
"2020-09-01 00:00:00",2021,70002017,A4021150403,49,55,176
"2020-09-01 00:00:00",2021,70002017,A4021150404,81,35,177
"2020-09-01 00:00:00",2021,70002017,A4021150405,70,65,178
"2020-09-01 00:00:00",2021,70002017,A4118110105,12,24,179
"2020-09-01 00:00:00",2021,70002017,A4118110106,31,12,180
"2020-09-01 00:00:00",2021,70002017,A4118110107,19,14,181
"2020-09-01 00:00:00",2021,70002017,A4218110201,30,25,182
"2020-09-01 00:00:00",2021,70002017,A4218110202,15,12,183
"2020-09-01 00:00:00",2021,70002017,A4218110203,25,9,184
"2020-09-01 00:00:00",2021,70002017,A4218110204,10,27,185
"2020-09-01 00:00:00",2021,70002017,A4218110205,37,20,186
"2020-09-01 00:00:00",2021,70002017,A4218110206,15,25,187
"2020-09-01 00:00:00",2021,70002017,A4218110207,38,38,188
"2020-09-01 00:00:00",2021,70002017,A4218110208,36,16,189
"2020-09-01 00:00:00",2021,70002017,A4318110301,22,23,190
"2020-09-01 00:00:00",2021,70002017,A4319110302,32,27,191
"2020-09-01 00:00:00",2021,70002017,A4319110303,22,32,192
"2020-09-01 00:00:00",2021,70002017,A4319110304,7,16,193
"2020-09-01 00:00:00",2021,70002017,A4319110305,30,22,194
"2020-09-01 00:00:00",2021,70002017,A4319110306,30,22,195
"2020-09-01 00:00:00",2021,70002017,A4419110401,36,26,196
"2020-09-01 00:00:00",2021,70002017,A4419110402,19,32,197
"2020-09-01 00:00:00",2021,70002017,A4419110403,26,13,198
"2020-09-01 00:00:00",2021,70002017,A4419110404,9,11,199
"2020-09-01 00:00:00",2021,70002017,A4419110405,22,17,200
"2020-09-01 00:00:00",2021,70002017,A4419110406,15,15,201
"2020-09-01 00:00:00",2021,70002017,A4419110407,30,21,202
"2020-09-01 00:00:00",2021,70002017,A4419110408,7,12,203
"2020-09-01 00:00:00",2021,70002017,A4519110501,32,26,204
"2020-09-01 00:00:00",2021,70002017,A4519110502,33,25,205
"2020-09-01 00:00:00",2021,70002017,A4519110503,25,31,206
"2020-09-01 00:00:00",2021,70002017,A4520110504,39,32,207
"2020-09-01 00:00:00",2021,70002017,A4520110505,10,11,208
"2020-09-01 00:00:00",2021,70002017,A4520110506,33,10,209
"2020-09-01 00:00:00",2021,70002017,A4520110507,35,14,210
"2020-09-01 00:00:00",2021,70002017,A4520110508,14,19,211
"2020-09-01 00:00:00",2021,70002017,A4620110601,26,12,212
"2020-09-01 00:00:00",2021,70002017,A4620110602,9,15,213
"2020-09-01 00:00:00",2021,70002017,A4620110603,27,23,214
"2020-09-01 00:00:00",2021,70002017,A4620110604,15,18,215
"2020-09-01 00:00:00",2021,70002017,A4620110605,12,35,216
"2020-09-01 00:00:00",2021,70002017,A4620110606,11,29,217
"2020-09-01 00:00:00",2021,70002017,A4620110607,22,23,218
"2020-09-01 00:00:00",2021,70002017,A4620110608,26,16,219
"2020-09-01 00:00:00",2021,70002017,A4720110701,18,21,220
"2020-09-01 00:00:00",2021,70002017,A4720110702,26,16,221
"2020-09-01 00:00:00",2021,70002017,A4721110703,22,7,222
"2020-09-01 00:00:00",2021,70002017,A4721110704,15,27,223
"2020-09-01 00:00:00",2021,70002017,A4721110705,9,30,224
"2020-09-01 00:00:00",2021,70002017,A4918110101,28,32,225
"2020-09-01 00:00:00",2021,70002017,A4918110102,17,18,226
"2020-09-01 00:00:00",2021,70002017,A4918110103,8,29,227
"2020-09-01 00:00:00",2021,70002017,A4918110104,15,7,228
"2020-09-01 00:00:00",2021,70002017,A5018110201,12,32,229
"2020-09-01 00:00:00",2021,70002017,A5018110202,27,35,230
"2020-09-01 00:00:00",2021,70002017,A5018110203,9,7,231
"2020-09-01 00:00:00",2021,70002017,A5018110204,22,23,232
"2020-09-01 00:00:00",2021,70002017,A5018110205,25,12,233
"2020-09-01 00:00:00",2021,70002017,A5018110206,21,29,234
"2020-09-01 00:00:00",2021,70002017,A5018110207,17,20,235
"2020-09-01 00:00:00",2021,70002017,A5019110208,13,20,236
"2020-09-01 00:00:00",2021,70002017,A5119110301,24,32,237
"2020-09-01 00:00:00",2021,70002017,A5119110302,21,26,238
"2020-09-01 00:00:00",2021,70002017,A5119110303,23,11,239
"2020-09-01 00:00:00",2021,70002017,A5119110305,17,9,240
"2020-09-01 00:00:00",2021,70002017,A5119110306,22,7,241
"2020-09-01 00:00:00",2021,70002017,A5119110307,16,11,242
"2020-09-01 00:00:00",2021,70002017,A5119110308,27,21,243
"2020-09-01 00:00:00",2021,70002017,A5219110401,20,7,244
"2020-09-01 00:00:00",2021,70002017,A5219110402,24,16,245
"2020-09-01 00:00:00",2021,70002017,A5219110403,24,37,246
"2020-09-01 00:00:00",2021,70002017,A5219110405,21,23,247
"2020-09-01 00:00:00",2021,70002017,A5219110406,20,16,248
"2020-09-01 00:00:00",2021,70002017,A5219110407,9,30,249
"2020-09-01 00:00:00",2021,70002017,A5220110408,23,23,250
"2020-09-01 00:00:00",2021,70002017,A5318110103,9,9,251
"2020-09-01 00:00:00",2021,70002017,A5318110104,17,8,252
"2020-09-01 00:00:00",2021,70002017,A5318110105,15,15,253
"2020-09-01 00:00:00",2021,70002017,A5318110106,16,19,254
"2020-09-01 00:00:00",2021,70002017,A5318110107,16,13,255
"2020-09-01 00:00:00",2021,70002017,A5318110108,10,19,256
"2020-09-01 00:00:00",2021,70002017,A5419110201,4,4,257
"2020-09-01 00:00:00",2021,70002017,A5419110202,11,8,258
"2020-09-01 00:00:00",2021,70002017,A5419110203,13,9,259
"2020-09-01 00:00:00",2021,70002017,A5419110204,17,8,260
"2020-09-01 00:00:00",2021,70002017,A5419110205,10,17,261
"2020-09-01 00:00:00",2021,70002017,A5419110206,12,13,262
"2020-09-01 00:00:00",2021,70002017,A5419110207,16,16,263
"2020-09-01 00:00:00",2021,70002017,A5419110208,16,12,264
"2020-09-01 00:00:00",2021,70002017,A5519110301,6,8,265
"2020-09-01 00:00:00",2021,70002017,A5519110302,10,12,266
"2020-09-01 00:00:00",2021,70002017,A5519110303,12,23,267
"2020-09-01 00:00:00",2021,70002017,A5519110304,4,7,268
"2020-09-01 00:00:00",2021,70002017,A5520110305,4,13,269
"2020-09-01 00:00:00",2021,70002017,A5520110306,11,15,270
"2020-09-01 00:00:00",2021,70002017,A5520110307,13,8,271
"2020-09-01 00:00:00",2021,70002017,A5520110308,9,15,272
"2020-09-01 00:00:00",2021,70002017,A5620110401,5,4,273
"2020-09-01 00:00:00",2021,70002017,A5620110402,5,14,274
"2020-09-01 00:00:00",2021,70002017,A5621110403,9,13,275
"2020-09-01 00:00:00",2021,70002017,A5621110404,15,6,276
"2020-09-01 00:00:00",2021,70002017,A5621110405,9,8,277
"2020-09-01 00:00:00",2021,70002017,A5621110406,4,11,278
"2020-09-01 00:00:00",2021,70002017,A5621110407,14,13,279
"2020-09-01 00:00:00",2021,70002017,A5621110408,10,10,280
"2020-09-01 00:00:00",2021,70002017,A5721110501,13,4,281
"2020-09-01 00:00:00",2021,70002017,A5721110502,15,15,282
"2020-09-01 00:00:00",2021,70002017,A5721110503,15,8,283
"2020-09-01 00:00:00",2021,70002017,A5721110504,6,21,284
"2020-09-01 00:00:00",2021,70002017,A5721110505,8,5,285
"2020-09-01 00:00:00",2021,70002017,A5721110506,7,18,286
"2020-09-01 00:00:00",2021,70002017,A5820110101,16,38,287
"2020-09-01 00:00:00",2021,70002017,A5820110102,24,29,288
"2020-09-01 00:00:00",2021,70002017,A5820110103,13,31,289
"2020-09-01 00:00:00",2021,70002017,A5820110104,24,28,290
"2020-09-01 00:00:00",2021,70002017,A5820110105,20,6,291
"2020-09-01 00:00:00",2021,70002017,A5820110106,5,13,292
"2020-09-01 00:00:00",2021,70002017,A5820110107,16,36,293
"2020-09-01 00:00:00",2021,70002017,A5821110108,14,13,294
"2020-09-01 00:00:00",2021,70002017,A6018110101,1,5,295
"2020-09-01 00:00:00",2021,70002017,A6018110102,2,4,296
"2020-09-01 00:00:00",2021,70002017,A6018110103,5,2,297
"2020-09-01 00:00:00",2021,70002017,A6018110104,4,3,298
"2020-09-01 00:00:00",2021,70002017,A6018110105,4,1,299
"2020-09-01 00:00:00",2021,70002017,A6018110106,1,3,300
"2020-09-01 00:00:00",2021,70002017,A6019110107,3,2,301
"2020-09-01 00:00:00",2021,70002017,A6019110108,2,2,302
"2020-09-01 00:00:00",2021,70002017,A6119110201,3,4,303
"2020-09-01 00:00:00",2021,70002017,A6119110202,3,3,304
"2020-09-01 00:00:00",2021,70002017,A6119110203,4,4,305
"2020-09-01 00:00:00",2021,70002017,A6119110204,1,5,306
"2020-09-01 00:00:00",2021,70002017,A6120110205,4,2,307
"2020-09-01 00:00:00",2021,70002017,A6120110206,2,1,308
"2020-09-01 00:00:00",2021,70002017,A6218160101,148,498,309
"2020-09-01 00:00:00",2021,70002017,A6218160102,312,452,310
"2020-09-01 00:00:00",2021,70002017,A6219160103,300,1134,311
"2020-09-01 00:00:00",2021,70002017,A6319160201,584,777,312
"2020-09-01 00:00:00",2021,70002017,A6319160202,944,194,313
"2020-09-01 00:00:00",2021,70002017,A6319160203,505,489,314
"2020-09-01 00:00:00",2021,70002017,A6419160301,364,1397,315
"2020-09-01 00:00:00",2021,70002017,A6419160302,876,899,316
"2020-09-01 00:00:00",2021,70002017,A6419160303,636,1434,317
"2020-09-01 00:00:00",2021,70002017,A6519160401,393,1296,318
"2020-09-01 00:00:00",2021,70002017,A6520160402,445,1017,319
"2020-09-01 00:00:00",2021,70002017,A6520160403,264,1423,320
"2020-09-01 00:00:00",2021,70002017,A6620160501,743,1187,321
"2020-09-01 00:00:00",2021,70002017,A6720160103,658,529,322
"2020-09-01 00:00:00",2021,70002017,A6818160201,415,1524,323
"2020-09-01 00:00:00",2021,70002017,A6818160202,1331,754,324
"2020-09-01 00:00:00",2021,70002017,A6819160203,940,1333,325
"2020-09-01 00:00:00",2021,70002017,A7118160101,400,528,326
"2020-09-01 00:00:00",2021,70002017,A7119160102,245,475,327
"2020-09-01 00:00:00",2021,70002017,A7119160103,559,615,328
"2020-09-01 00:00:00",2021,70002017,A7219160201,292,323,329
"2020-09-01 00:00:00",2021,70002017,A7220160202,315,324,330
"2020-09-01 00:00:00",2021,70002017,A7220160203,541,128,331
"2020-09-01 00:00:00",2021,70002017,A7321160301,265,731,332
"2020-09-01 00:00:00",2021,70002017,A7321160302,505,354,333
"2020-09-01 00:00:00",2021,70002017,A7321160303,158,306,334
"2020-09-01 00:00:00",2021,70002018,A0118150101,240,174,335
"2020-09-01 00:00:00",2021,70002018,A0118150102,91,78,336
"2020-09-01 00:00:00",2021,70002018,A0118150103,246,176,337
"2020-09-01 00:00:00",2021,70002018,A0118150104,238,153,338
"2020-09-01 00:00:00",2021,70002018,A0219150201,91,64,339
"2020-09-01 00:00:00",2021,70002018,A0219150202,28,128,340
"2020-09-01 00:00:00",2021,70002018,A0220150203,224,52,341
"2020-09-01 00:00:00",2021,70002018,A0320150301,192,127,342
"2020-09-01 00:00:00",2021,70002018,A0321150302,211,41,343
"2020-09-01 00:00:00",2021,70002018,A0321150303,163,143,344
"2020-09-01 00:00:00",2021,70002018,A0418150103,156,149,345
"2020-09-01 00:00:00",2021,70002018,A0418150104,99,48,346
"2020-09-01 00:00:00",2021,70002018,A0418150105,154,66,347
"2020-09-01 00:00:00",2021,70002018,A0418150106,185,182,348
"2020-09-01 00:00:00",2021,70002018,A0519150201,123,71,349
"2020-09-01 00:00:00",2021,70002018,A0519150202,185,35,350
"2020-09-01 00:00:00",2021,70002018,A0519150203,104,141,351
"2020-09-01 00:00:00",2021,70002018,A0519150204,26,58,352
"2020-09-01 00:00:00",2021,70002018,A0519150205,137,20,353
"2020-09-01 00:00:00",2021,70002018,A0519150206,183,158,354
"2020-09-01 00:00:00",2021,70002018,A0519150207,26,53,355
"2020-09-01 00:00:00",2021,70002018,A0519150208,172,224,356
"2020-09-01 00:00:00",2021,70002018,A0619150301,67,124,357
"2020-09-01 00:00:00",2021,70002018,A0619150302,76,79,358
"2020-09-01 00:00:00",2021,70002018,A0620150303,34,31,359
"2020-09-01 00:00:00",2021,70002018,A0620150304,133,35,360
"2020-09-01 00:00:00",2021,70002018,A0620150305,64,149,361
"2020-09-01 00:00:00",2021,70002018,A0620150306,52,168,362
"2020-09-01 00:00:00",2021,70002018,A0621150307,157,126,363
"2020-09-01 00:00:00",2021,70002018,A0621150308,190,26,364
"2020-09-01 00:00:00",2021,70002018,A0721150401,54,121,365
"2020-09-01 00:00:00",2021,70002018,A0721150402,121,39,366
"2020-09-01 00:00:00",2021,70002018,A0721150403,163,40,367
"2020-09-01 00:00:00",2021,70002018,A0721150404,77,73,368
"2020-09-01 00:00:00",2021,70002018,A0821150501,178,54,369
"2020-09-01 00:00:00",2021,70002018,A0821150502,188,60,370
"2020-09-01 00:00:00",2021,70002018,A0821150503,128,135,371
"2020-09-01 00:00:00",2021,70002018,A0821150504,144,100,372
"2020-09-01 00:00:00",2021,70002018,A0921150601,48,91,373
"2020-09-01 00:00:00",2021,70002018,A1018150101,69,104,374
"2020-09-01 00:00:00",2021,70002018,A1018150102,47,118,375
"2020-09-01 00:00:00",2021,70002018,A1018150103,164,124,376
"2020-09-01 00:00:00",2021,70002018,A1118150201,164,201,377
"2020-09-01 00:00:00",2021,70002018,A1118150202,50,25,378
"2020-09-01 00:00:00",2021,70002018,A1119150203,71,60,379
"2020-09-01 00:00:00",2021,70002018,A1219150301,179,138,380
"2020-09-01 00:00:00",2021,70002018,A1219150302,149,198,381
"2020-09-01 00:00:00",2021,70002018,A1219150303,173,149,382
"2020-09-01 00:00:00",2021,70002018,A1319150401,146,235,383
"2020-09-01 00:00:00",2021,70002018,A1320150402,146,244,384
"2020-09-01 00:00:00",2021,70002018,A1320150403,121,167,385
"2020-09-01 00:00:00",2021,70002018,A1420150501,156,158,386
"2020-09-01 00:00:00",2021,70002018,A1420150502,121,237,387
"2020-09-01 00:00:00",2021,70002018,A1421150503,126,215,388
"2020-09-01 00:00:00",2021,70002018,A1521150601,173,169,389
"2020-09-01 00:00:00",2021,70002018,A1521150602,146,179,390
"2020-09-01 00:00:00",2021,70002018,A1618150101,62,115,391
"2020-09-01 00:00:00",2021,70002018,A1618150102,51,31,392
"2020-09-01 00:00:00",2021,70002018,A1618150103,105,77,393
"2020-09-01 00:00:00",2021,70002018,A1618150104,100,25,394
"2020-09-01 00:00:00",2021,70002018,A1718150201,115,67,395
"2020-09-01 00:00:00",2021,70002018,A1718150202,63,93,396
"2020-09-01 00:00:00",2021,70002018,A1718150203,131,36,397
"2020-09-01 00:00:00",2021,70002018,A1718150204,39,71,398
"2020-09-01 00:00:00",2021,70002018,A1819150301,32,48,399
"2020-09-01 00:00:00",2021,70002018,A1819150302,73,103,400
"2020-09-01 00:00:00",2021,70002018,A1819150303,40,27,401
"2020-09-01 00:00:00",2021,70002018,A1819150304,27,138,402
"2020-09-01 00:00:00",2021,70002018,A1919150401,107,14,403
"2020-09-01 00:00:00",2021,70002018,A1919150402,44,88,404
"2020-09-01 00:00:00",2021,70002018,A1919150403,141,35,405
"2020-09-01 00:00:00",2021,70002018,A1920150404,43,120,406
"2020-09-01 00:00:00",2021,70002018,A2020150501,18,110,407
"2020-09-01 00:00:00",2021,70002018,A2020150502,34,92,408
"2020-09-01 00:00:00",2021,70002018,A2021150503,83,16,409
"2020-09-01 00:00:00",2021,70002018,A2118150101,553,1049,410
"2020-09-01 00:00:00",2021,70002018,A2118150102,196,232,411
"2020-09-01 00:00:00",2021,70002018,A2118150103,830,529,412
"2020-09-01 00:00:00",2021,70002018,A2118150104,828,731,413
"2020-09-01 00:00:00",2021,70002018,A2118150105,399,243,414
"2020-09-01 00:00:00",2021,70002018,A2118150106,996,187,415
"2020-09-01 00:00:00",2021,70002018,A2218150201,302,404,416
"2020-09-01 00:00:00",2021,70002018,A2218150202,636,480,417
"2020-09-01 00:00:00",2021,70002018,A2219150203,458,999,418
"2020-09-01 00:00:00",2021,70002018,A2219150204,399,1135,419
"2020-09-01 00:00:00",2021,70002018,A2219150205,227,1273,420
"2020-09-01 00:00:00",2021,70002018,A2219150206,476,672,421
"2020-09-01 00:00:00",2021,70002018,A2319150301,189,297,422
"2020-09-01 00:00:00",2021,70002018,A2319150302,545,1093,423
"2020-09-01 00:00:00",2021,70002018,A2319150303,114,556,424
"2020-09-01 00:00:00",2021,70002018,A2319150304,597,385,425
"2020-09-01 00:00:00",2021,70002018,A2319150305,1036,605,426
"2020-09-01 00:00:00",2021,70002018,A2319150306,849,701,427
"2020-09-01 00:00:00",2021,70002018,A2419150401,626,235,428
"2020-09-01 00:00:00",2021,70002018,A2419150402,763,1144,429
"2020-09-01 00:00:00",2021,70002018,A2419150403,445,236,430
"2020-09-01 00:00:00",2021,70002018,A2419150404,770,822,431
"2020-09-01 00:00:00",2021,70002018,A2419150405,272,981,432
"2020-09-01 00:00:00",2021,70002018,A2420150406,410,1141,433
"2020-09-01 00:00:00",2021,70002018,A2520150501,283,1166,434
"2020-09-01 00:00:00",2021,70002018,A2520150502,817,763,435
"2020-09-01 00:00:00",2021,70002018,A2520150503,738,1105,436
"2020-09-01 00:00:00",2021,70002018,A2520150504,270,281,437
"2020-09-01 00:00:00",2021,70002018,A2520150505,869,770,438
"2020-09-01 00:00:00",2021,70002018,A2520150506,792,893,439
"2020-09-01 00:00:00",2021,70002018,A2620150601,711,511,440
"2020-09-01 00:00:00",2021,70002018,A2620150602,516,760,441
"2020-09-01 00:00:00",2021,70002018,A2620150603,961,1032,442
"2020-09-01 00:00:00",2021,70002018,A2620150604,146,664,443
"2020-09-01 00:00:00",2021,70002018,A2620150605,493,957,444
"2020-09-01 00:00:00",2021,70002018,A2620150606,162,360,445
"2020-09-01 00:00:00",2021,70002018,A2720150701,759,553,446
"2020-09-01 00:00:00",2021,70002018,A2721150702,356,795,447
"2020-09-01 00:00:00",2021,70002018,A2721150703,691,730,448
"2020-09-01 00:00:00",2021,70002018,A2721150704,919,723,449
"2020-09-01 00:00:00",2021,70002018,A2721150705,304,1348,450
"2020-09-01 00:00:00",2021,70002018,A2721150706,254,868,451
"2020-09-01 00:00:00",2021,70002018,A2821150801,905,476,452
"2020-09-01 00:00:00",2021,70002018,A2918150101,260,479,453
"2020-09-01 00:00:00",2021,70002018,A2918150102,808,609,454
"2020-09-01 00:00:00",2021,70002018,A2918150103,667,525,455
"2020-09-01 00:00:00",2021,70002018,A2918150104,535,585,456
"2020-09-01 00:00:00",2021,70002018,A2918150105,102,552,457
"2020-09-01 00:00:00",2021,70002018,A2918150106,871,261,458
"2020-09-01 00:00:00",2021,70002018,A3018150201,114,217,459
"2020-09-01 00:00:00",2021,70002018,A3018150202,480,430,460
"2020-09-01 00:00:00",2021,70002018,A3018150203,762,649,461
"2020-09-01 00:00:00",2021,70002018,A3019150204,725,599,462
"2020-09-01 00:00:00",2021,70002018,A3019150205,419,630,463
"2020-09-01 00:00:00",2021,70002018,A3019150206,639,337,464
"2020-09-01 00:00:00",2021,70002018,A3119150301,560,145,465
"2020-09-01 00:00:00",2021,70002018,A3119150302,843,393,466
"2020-09-01 00:00:00",2021,70002018,A3119150303,616,287,467
"2020-09-01 00:00:00",2021,70002018,A3120150304,206,130,468
"2020-09-01 00:00:00",2021,70002018,A3120150305,836,409,469
"2020-09-01 00:00:00",2021,70002018,A3120150306,106,728,470
"2020-09-01 00:00:00",2021,70002018,A3220150401,852,545,471
"2020-09-01 00:00:00",2021,70002018,A3220150402,199,213,472
"2020-09-01 00:00:00",2021,70002018,A3220150403,324,183,473
"2020-09-01 00:00:00",2021,70002018,A3220150404,239,100,474
"2020-09-01 00:00:00",2021,70002018,A3220150405,519,295,475
"2020-09-01 00:00:00",2021,70002018,A3220150406,260,616,476
"2020-09-01 00:00:00",2021,70002018,A3320150501,811,379,477
"2020-09-01 00:00:00",2021,70002018,A3320150502,229,431,478
"2020-09-01 00:00:00",2021,70002018,A3320150503,655,193,479
"2020-09-01 00:00:00",2021,70002018,A3320150504,465,541,480
"2020-09-01 00:00:00",2021,70002018,A3320150505,456,424,481
"2020-09-01 00:00:00",2021,70002018,A3320150506,744,555,482
"2020-09-01 00:00:00",2021,70002018,A3420150601,375,577,483
"2020-09-01 00:00:00",2021,70002018,A3420150602,820,451,484
"2020-09-01 00:00:00",2021,70002018,A3421150603,255,183,485
"2020-09-01 00:00:00",2021,70002018,A3421150604,419,296,486
"2020-09-01 00:00:00",2021,70002018,A3421150605,799,547,487
"2020-09-01 00:00:00",2021,70002018,A3421150606,421,130,488
"2020-09-01 00:00:00",2021,70002018,A3521150701,426,157,489
"2020-09-01 00:00:00",2021,70002018,A3521150702,326,314,490
"2020-09-01 00:00:00",2021,70002018,A3521150703,551,255,491
"2020-09-01 00:00:00",2021,70002018,A3521150704,556,365,492
"2020-09-01 00:00:00",2021,70002018,A3521150705,442,372,493
"2020-09-01 00:00:00",2021,70002018,A3718150101,15,99,494
"2020-09-01 00:00:00",2021,70002018,A3718150102,62,29,495
"2020-09-01 00:00:00",2021,70002018,A3718150103,33,102,496
"2020-09-01 00:00:00",2021,70002018,A3718150105,9,39,497
"2020-09-01 00:00:00",2021,70002018,A3818150201,83,65,498
"2020-09-01 00:00:00",2021,70002018,A3818150202,36,48,499
"2020-09-01 00:00:00",2021,70002018,A3819150203,31,100,500
"2020-09-01 00:00:00",2021,70002018,A3819150204,19,77,501
"2020-09-01 00:00:00",2021,70002018,A3819150205,84,89,502
"2020-09-01 00:00:00",2021,70002018,A3920150301,28,28,503
"2020-09-01 00:00:00",2021,70002018,A3920150302,52,72,504
"2020-09-01 00:00:00",2021,70002018,A3920150303,45,26,505
"2020-09-01 00:00:00",2021,70002018,A3920150304,51,114,506
"2020-09-01 00:00:00",2021,70002018,A3920150305,86,102,507
"2020-09-01 00:00:00",2021,70002018,A4020150401,46,65,508
"2020-09-01 00:00:00",2021,70002018,A4020150402,33,47,509
"2020-09-01 00:00:00",2021,70002018,A4021150403,63,101,510
"2020-09-01 00:00:00",2021,70002018,A4021150404,62,36,511
"2020-09-01 00:00:00",2021,70002018,A4021150405,34,24,512
"2020-09-01 00:00:00",2021,70002018,A4118110105,21,27,513
"2020-09-01 00:00:00",2021,70002018,A4118110106,31,34,514
"2020-09-01 00:00:00",2021,70002018,A4118110107,30,15,515
"2020-09-01 00:00:00",2021,70002018,A4218110201,10,34,516
"2020-09-01 00:00:00",2021,70002018,A4218110202,30,18,517
"2020-09-01 00:00:00",2021,70002018,A4218110203,33,29,518
"2020-09-01 00:00:00",2021,70002018,A4218110204,7,18,519
"2020-09-01 00:00:00",2021,70002018,A4218110205,34,19,520
"2020-09-01 00:00:00",2021,70002018,A4218110206,24,27,521
"2020-09-01 00:00:00",2021,70002018,A4218110207,12,33,522
"2020-09-01 00:00:00",2021,70002018,A4218110208,20,11,523
"2020-09-01 00:00:00",2021,70002018,A4318110301,23,27,524
"2020-09-01 00:00:00",2021,70002018,A4319110302,30,12,525
"2020-09-01 00:00:00",2021,70002018,A4319110303,25,16,526
"2020-09-01 00:00:00",2021,70002018,A4319110304,13,33,527
"2020-09-01 00:00:00",2021,70002018,A4319110305,28,10,528
"2020-09-01 00:00:00",2021,70002018,A4319110306,30,21,529
"2020-09-01 00:00:00",2021,70002018,A4419110401,36,13,530
"2020-09-01 00:00:00",2021,70002018,A4419110402,28,26,531
"2020-09-01 00:00:00",2021,70002018,A4419110403,15,22,532
"2020-09-01 00:00:00",2021,70002018,A4419110404,24,9,533
"2020-09-01 00:00:00",2021,70002018,A4419110405,34,6,534
"2020-09-01 00:00:00",2021,70002018,A4419110406,9,23,535
"2020-09-01 00:00:00",2021,70002018,A4419110407,40,15,536
"2020-09-01 00:00:00",2021,70002018,A4419110408,28,26,537
"2020-09-01 00:00:00",2021,70002018,A4519110501,21,23,538
"2020-09-01 00:00:00",2021,70002018,A4519110502,35,35,539
"2020-09-01 00:00:00",2021,70002018,A4519110503,38,13,540
"2020-09-01 00:00:00",2021,70002018,A4520110504,8,16,541
"2020-09-01 00:00:00",2021,70002018,A4520110505,9,29,542
"2020-09-01 00:00:00",2021,70002018,A4520110506,37,13,543
"2020-09-01 00:00:00",2021,70002018,A4520110507,22,23,544
"2020-09-01 00:00:00",2021,70002018,A4520110508,17,24,545
"2020-09-01 00:00:00",2021,70002018,A4620110601,15,24,546
"2020-09-01 00:00:00",2021,70002018,A4620110602,17,9,547
"2020-09-01 00:00:00",2021,70002018,A4620110603,11,22,548
"2020-09-01 00:00:00",2021,70002018,A4620110604,28,14,549
"2020-09-01 00:00:00",2021,70002018,A4620110605,38,19,550
"2020-09-01 00:00:00",2021,70002018,A4620110606,14,30,551
"2020-09-01 00:00:00",2021,70002018,A4620110607,17,25,552
"2020-09-01 00:00:00",2021,70002018,A4620110608,18,8,553
"2020-09-01 00:00:00",2021,70002018,A4720110701,35,11,554
"2020-09-01 00:00:00",2021,70002018,A4720110702,9,20,555
"2020-09-01 00:00:00",2021,70002018,A4721110703,32,8,556
"2020-09-01 00:00:00",2021,70002018,A4721110704,11,35,557
"2020-09-01 00:00:00",2021,70002018,A4721110705,15,7,558
"2020-09-01 00:00:00",2021,70002018,A4918110101,19,7,559
"2020-09-01 00:00:00",2021,70002018,A4918110102,22,6,560
"2020-09-01 00:00:00",2021,70002018,A4918110103,22,31,561
"2020-09-01 00:00:00",2021,70002018,A4918110104,22,28,562
"2020-09-01 00:00:00",2021,70002018,A5018110201,7,32,563
"2020-09-01 00:00:00",2021,70002018,A5018110202,8,26,564
"2020-09-01 00:00:00",2021,70002018,A5018110203,17,26,565
"2020-09-01 00:00:00",2021,70002018,A5018110204,25,12,566
"2020-09-01 00:00:00",2021,70002018,A5018110205,20,7,567
"2020-09-01 00:00:00",2021,70002018,A5018110206,6,21,568
"2020-09-01 00:00:00",2021,70002018,A5018110207,12,22,569
"2020-09-01 00:00:00",2021,70002018,A5019110208,9,19,570
"2020-09-01 00:00:00",2021,70002018,A5119110301,26,10,571
"2020-09-01 00:00:00",2021,70002018,A5119110302,12,8,572
"2020-09-01 00:00:00",2021,70002018,A5119110303,9,25,573
"2020-09-01 00:00:00",2021,70002018,A5119110305,14,22,574
"2020-09-01 00:00:00",2021,70002018,A5119110306,21,27,575
"2020-09-01 00:00:00",2021,70002018,A5119110307,5,11,576
"2020-09-01 00:00:00",2021,70002018,A5119110308,12,8,577
"2020-09-01 00:00:00",2021,70002018,A5219110401,24,31,578
"2020-09-01 00:00:00",2021,70002018,A5219110402,12,14,579
"2020-09-01 00:00:00",2021,70002018,A5219110403,16,20,580
"2020-09-01 00:00:00",2021,70002018,A5219110405,5,9,581
"2020-09-01 00:00:00",2021,70002018,A5219110406,7,6,582
"2020-09-01 00:00:00",2021,70002018,A5219110407,13,19,583
"2020-09-01 00:00:00",2021,70002018,A5220110408,24,18,584
"2020-09-01 00:00:00",2021,70002018,A5318110103,16,14,585
"2020-09-01 00:00:00",2021,70002018,A5318110104,5,21,586
"2020-09-01 00:00:00",2021,70002018,A5318110105,6,14,587
"2020-09-01 00:00:00",2021,70002018,A5318110106,9,7,588
"2020-09-01 00:00:00",2021,70002018,A5318110107,14,15,589
"2020-09-01 00:00:00",2021,70002018,A5318110108,10,20,590
"2020-09-01 00:00:00",2021,70002018,A5419110201,9,14,591
"2020-09-01 00:00:00",2021,70002018,A5419110202,13,17,592
"2020-09-01 00:00:00",2021,70002018,A5419110203,12,9,593
"2020-09-01 00:00:00",2021,70002018,A5419110204,6,11,594
"2020-09-01 00:00:00",2021,70002018,A5419110205,9,15,595
"2020-09-01 00:00:00",2021,70002018,A5419110206,13,16,596
"2020-09-01 00:00:00",2021,70002018,A5419110207,6,21,597
"2020-09-01 00:00:00",2021,70002018,A5419110208,10,9,598
"2020-09-01 00:00:00",2021,70002018,A5519110301,16,23,599
"2020-09-01 00:00:00",2021,70002018,A5519110302,4,21,600
"2020-09-01 00:00:00",2021,70002018,A5519110303,14,19,601
"2020-09-01 00:00:00",2021,70002018,A5519110304,16,9,602
"2020-09-01 00:00:00",2021,70002018,A5520110305,16,16,603
"2020-09-01 00:00:00",2021,70002018,A5520110306,17,9,604
"2020-09-01 00:00:00",2021,70002018,A5520110307,12,7,605
"2020-09-01 00:00:00",2021,70002018,A5520110308,7,19,606
"2020-09-01 00:00:00",2021,70002018,A5620110401,8,14,607
"2020-09-01 00:00:00",2021,70002018,A5620110402,5,12,608
"2020-09-01 00:00:00",2021,70002018,A5621110403,10,21,609
"2020-09-01 00:00:00",2021,70002018,A5621110404,16,23,610
"2020-09-01 00:00:00",2021,70002018,A5621110405,16,13,611
"2020-09-01 00:00:00",2021,70002018,A5621110406,15,7,612
"2020-09-01 00:00:00",2021,70002018,A5621110407,17,17,613
"2020-09-01 00:00:00",2021,70002018,A5621110408,14,19,614
"2020-09-01 00:00:00",2021,70002018,A5721110501,9,5,615
"2020-09-01 00:00:00",2021,70002018,A5721110502,5,19,616
"2020-09-01 00:00:00",2021,70002018,A5721110503,7,21,617
"2020-09-01 00:00:00",2021,70002018,A5721110504,15,10,618
"2020-09-01 00:00:00",2021,70002018,A5721110505,10,5,619
"2020-09-01 00:00:00",2021,70002018,A5721110506,14,20,620
"2020-09-01 00:00:00",2021,70002018,A5820110101,13,7,621
"2020-09-01 00:00:00",2021,70002018,A5820110102,9,28,622
"2020-09-01 00:00:00",2021,70002018,A5820110103,9,14,623
"2020-09-01 00:00:00",2021,70002018,A5820110104,11,28,624
"2020-09-01 00:00:00",2021,70002018,A5820110105,12,28,625
"2020-09-01 00:00:00",2021,70002018,A5820110106,12,11,626
"2020-09-01 00:00:00",2021,70002018,A5820110107,24,17,627
"2020-09-01 00:00:00",2021,70002018,A5821110108,7,16,628
"2020-09-01 00:00:00",2021,70002018,A6018110101,5,4,629
"2020-09-01 00:00:00",2021,70002018,A6018110102,4,4,630
"2020-09-01 00:00:00",2021,70002018,A6018110103,4,5,631
"2020-09-01 00:00:00",2021,70002018,A6018110104,6,3,632
"2020-09-01 00:00:00",2021,70002018,A6018110105,1,3,633
"2020-09-01 00:00:00",2021,70002018,A6018110106,5,3,634
"2020-09-01 00:00:00",2021,70002018,A6019110107,4,5,635
"2020-09-01 00:00:00",2021,70002018,A6019110108,5,4,636
"2020-09-01 00:00:00",2021,70002018,A6119110201,2,1,637
"2020-09-01 00:00:00",2021,70002018,A6119110202,1,4,638
"2020-09-01 00:00:00",2021,70002018,A6119110203,1,3,639
"2020-09-01 00:00:00",2021,70002018,A6119110204,3,3,640
"2020-09-01 00:00:00",2021,70002018,A6120110205,1,4,641
"2020-09-01 00:00:00",2021,70002018,A6120110206,3,5,642
"2020-09-01 00:00:00",2021,70002018,A6218160101,901,982,643
"2020-09-01 00:00:00",2021,70002018,A6218160102,1009,1106,644
"2020-09-01 00:00:00",2021,70002018,A6219160103,395,1445,645
"2020-09-01 00:00:00",2021,70002018,A6319160201,801,1058,646
"2020-09-01 00:00:00",2021,70002018,A6319160202,406,609,647
"2020-09-01 00:00:00",2021,70002018,A6319160203,200,390,648
"2020-09-01 00:00:00",2021,70002018,A6419160301,795,742,649
"2020-09-01 00:00:00",2021,70002018,A6419160302,428,756,650
"2020-09-01 00:00:00",2021,70002018,A6419160303,778,837,651
"2020-09-01 00:00:00",2021,70002018,A6519160401,443,1205,652
"2020-09-01 00:00:00",2021,70002018,A6520160402,624,393,653
"2020-09-01 00:00:00",2021,70002018,A6520160403,339,1018,654
"2020-09-01 00:00:00",2021,70002018,A6620160501,510,609,655
"2020-09-01 00:00:00",2021,70002018,A6720160103,982,959,656
"2020-09-01 00:00:00",2021,70002018,A6818160201,1169,2080,657
"2020-09-01 00:00:00",2021,70002018,A6818160202,1042,873,658
"2020-09-01 00:00:00",2021,70002018,A6819160203,532,1645,659
"2020-09-01 00:00:00",2021,70002018,A7118160101,524,399,660
"2020-09-01 00:00:00",2021,70002018,A7119160102,619,151,661
"2020-09-01 00:00:00",2021,70002018,A7119160103,586,122,662
"2020-09-01 00:00:00",2021,70002018,A7219160201,154,327,663
"2020-09-01 00:00:00",2021,70002018,A7220160202,428,217,664
"2020-09-01 00:00:00",2021,70002018,A7220160203,268,307,665
"2020-09-01 00:00:00",2021,70002018,A7321160301,213,644,666
"2020-09-01 00:00:00",2021,70002018,A7321160302,564,480,667
"2020-09-01 00:00:00",2021,70002018,A7321160303,697,470,668
"2020-09-01 00:00:00",2021,70003181,A0118150101,31,21,669
"2020-09-01 00:00:00",2021,70003181,A0118150102,122,15,670
"2020-09-01 00:00:00",2021,70003181,A0118150103,90,82,671
"2020-09-01 00:00:00",2021,70003181,A0118150104,112,81,672
"2020-09-01 00:00:00",2021,70003181,A0219150201,78,55,673
"2020-09-01 00:00:00",2021,70003181,A0219150202,51,82,674
"2020-09-01 00:00:00",2021,70003181,A0220150203,12,59,675
"2020-09-01 00:00:00",2021,70003181,A0320150301,55,48,676
"2020-09-01 00:00:00",2021,70003181,A0321150302,15,76,677
"2020-09-01 00:00:00",2021,70003181,A0321150303,19,94,678
"2020-09-01 00:00:00",2021,70003181,A0418150103,52,89,679
"2020-09-01 00:00:00",2021,70003181,A0418150104,40,37,680
"2020-09-01 00:00:00",2021,70003181,A0418150105,22,53,681
"2020-09-01 00:00:00",2021,70003181,A0418150106,56,65,682
"2020-09-01 00:00:00",2021,70003181,A0519150201,51,49,683
"2020-09-01 00:00:00",2021,70003181,A0519150202,28,30,684
"2020-09-01 00:00:00",2021,70003181,A0519150203,13,34,685
"2020-09-01 00:00:00",2021,70003181,A0519150204,93,68,686
"2020-09-01 00:00:00",2021,70003181,A0519150205,60,14,687
"2020-09-01 00:00:00",2021,70003181,A0519150206,37,23,688
"2020-09-01 00:00:00",2021,70003181,A0519150207,49,21,689
"2020-09-01 00:00:00",2021,70003181,A0519150208,77,81,690
"2020-09-01 00:00:00",2021,70003181,A0619150301,44,26,691
"2020-09-01 00:00:00",2021,70003181,A0619150302,61,58,692
"2020-09-01 00:00:00",2021,70003181,A0620150303,55,24,693
"2020-09-01 00:00:00",2021,70003181,A0620150304,30,48,694
"2020-09-01 00:00:00",2021,70003181,A0620150305,50,54,695
"2020-09-01 00:00:00",2021,70003181,A0620150306,65,43,696
"2020-09-01 00:00:00",2021,70003181,A0621150307,28,33,697
"2020-09-01 00:00:00",2021,70003181,A0621150308,32,82,698
"2020-09-01 00:00:00",2021,70003181,A0721150401,64,72,699
"2020-09-01 00:00:00",2021,70003181,A0721150402,55,59,700
"2020-09-01 00:00:00",2021,70003181,A0721150403,66,27,701
"2020-09-01 00:00:00",2021,70003181,A0721150404,28,28,702
"2020-09-01 00:00:00",2021,70003181,A0821150501,84,76,703
"2020-09-01 00:00:00",2021,70003181,A0821150502,73,55,704
"2020-09-01 00:00:00",2021,70003181,A0821150503,73,12,705
"2020-09-01 00:00:00",2021,70003181,A0821150504,55,27,706
"2020-09-01 00:00:00",2021,70003181,A0921150601,90,58,707
"2020-09-01 00:00:00",2021,70003181,A1018150101,76,89,708
"2020-09-01 00:00:00",2021,70003181,A1018150102,71,50,709
"2020-09-01 00:00:00",2021,70003181,A1018150103,58,79,710
"2020-09-01 00:00:00",2021,70003181,A1118150201,58,95,711
"2020-09-01 00:00:00",2021,70003181,A1118150202,63,94,712
"2020-09-01 00:00:00",2021,70003181,A1119150203,35,55,713
"2020-09-01 00:00:00",2021,70003181,A1219150301,69,103,714
"2020-09-01 00:00:00",2021,70003181,A1219150302,19,103,715
"2020-09-01 00:00:00",2021,70003181,A1219150303,85,20,716
"2020-09-01 00:00:00",2021,70003181,A1319150401,101,117,717
"2020-09-01 00:00:00",2021,70003181,A1320150402,67,38,718
"2020-09-01 00:00:00",2021,70003181,A1320150403,77,81,719
"2020-09-01 00:00:00",2021,70003181,A1420150501,15,27,720
"2020-09-01 00:00:00",2021,70003181,A1420150502,38,52,721
"2020-09-01 00:00:00",2021,70003181,A1421150503,33,83,722
"2020-09-01 00:00:00",2021,70003181,A1521150601,101,102,723
"2020-09-01 00:00:00",2021,70003181,A1521150602,63,30,724
"2020-09-01 00:00:00",2021,70003181,A1618150101,59,16,725
"2020-09-01 00:00:00",2021,70003181,A1618150102,25,43,726
"2020-09-01 00:00:00",2021,70003181,A1618150103,24,31,727
"2020-09-01 00:00:00",2021,70003181,A1618150104,54,8,728
"2020-09-01 00:00:00",2021,70003181,A1718150201,66,7,729
"2020-09-01 00:00:00",2021,70003181,A1718150202,41,41,730
"2020-09-01 00:00:00",2021,70003181,A1718150203,70,49,731
"2020-09-01 00:00:00",2021,70003181,A1718150204,40,11,732
"2020-09-01 00:00:00",2021,70003181,A1819150301,56,29,733
"2020-09-01 00:00:00",2021,70003181,A1819150302,48,46,734
"2020-09-01 00:00:00",2021,70003181,A1819150303,69,33,735
"2020-09-01 00:00:00",2021,70003181,A1819150304,62,47,736
"2020-09-01 00:00:00",2021,70003181,A1919150401,62,8,737
"2020-09-01 00:00:00",2021,70003181,A1919150402,19,6,738
"2020-09-01 00:00:00",2021,70003181,A1919150403,69,34,739
"2020-09-01 00:00:00",2021,70003181,A1920150404,71,45,740
"2020-09-01 00:00:00",2021,70003181,A2020150501,31,38,741
"2020-09-01 00:00:00",2021,70003181,A2020150502,47,54,742
"2020-09-01 00:00:00",2021,70003181,A2021150503,32,7,743
"2020-09-01 00:00:00",2021,70003181,A2118150101,149,443,744
"2020-09-01 00:00:00",2021,70003181,A2118150102,322,154,745
"2020-09-01 00:00:00",2021,70003181,A2118150103,242,148,746
"2020-09-01 00:00:00",2021,70003181,A2118150104,84,206,747
"2020-09-01 00:00:00",2021,70003181,A2118150105,54,237,748
"2020-09-01 00:00:00",2021,70003181,A2118150106,433,369,749
"2020-09-01 00:00:00",2021,70003181,A2218150201,404,362,750
"2020-09-01 00:00:00",2021,70003181,A2218150202,355,152,751
"2020-09-01 00:00:00",2021,70003181,A2219150203,150,77,752
"2020-09-01 00:00:00",2021,70003181,A2219150204,276,332,753
"2020-09-01 00:00:00",2021,70003181,A2219150205,147,365,754
"2020-09-01 00:00:00",2021,70003181,A2219150206,64,69,755
"2020-09-01 00:00:00",2021,70003181,A2319150301,482,158,756
"2020-09-01 00:00:00",2021,70003181,A2319150302,496,466,757
"2020-09-01 00:00:00",2021,70003181,A2319150303,274,199,758
"2020-09-01 00:00:00",2021,70003181,A2319150304,274,222,759
"2020-09-01 00:00:00",2021,70003181,A2319150305,468,390,760
"2020-09-01 00:00:00",2021,70003181,A2319150306,486,174,761
"2020-09-01 00:00:00",2021,70003181,A2419150401,106,218,762
"2020-09-01 00:00:00",2021,70003181,A2419150402,409,67,763
"2020-09-01 00:00:00",2021,70003181,A2419150403,450,358,764
"2020-09-01 00:00:00",2021,70003181,A2419150404,469,250,765
"2020-09-01 00:00:00",2021,70003181,A2419150405,311,458,766
"2020-09-01 00:00:00",2021,70003181,A2420150406,235,77,767
"2020-09-01 00:00:00",2021,70003181,A2520150501,141,114,768
"2020-09-01 00:00:00",2021,70003181,A2520150502,482,328,769
"2020-09-01 00:00:00",2021,70003181,A2520150503,170,397,770
"2020-09-01 00:00:00",2021,70003181,A2520150504,343,100,771
"2020-09-01 00:00:00",2021,70003181,A2520150505,62,82,772
"2020-09-01 00:00:00",2021,70003181,A2520150506,98,88,773
"2020-09-01 00:00:00",2021,70003181,A2620150601,451,437,774
"2020-09-01 00:00:00",2021,70003181,A2620150602,248,196,775
"2020-09-01 00:00:00",2021,70003181,A2620150603,312,399,776
"2020-09-01 00:00:00",2021,70003181,A2620150604,436,196,777
"2020-09-01 00:00:00",2021,70003181,A2620150605,424,201,778
"2020-09-01 00:00:00",2021,70003181,A2620150606,224,425,779
"2020-09-01 00:00:00",2021,70003181,A2720150701,257,326,780
"2020-09-01 00:00:00",2021,70003181,A2721150702,503,177,781
"2020-09-01 00:00:00",2021,70003181,A2721150703,259,66,782
"2020-09-01 00:00:00",2021,70003181,A2721150704,256,110,783
"2020-09-01 00:00:00",2021,70003181,A2721150705,416,56,784
"2020-09-01 00:00:00",2021,70003181,A2721150706,103,49,785
"2020-09-01 00:00:00",2021,70003181,A2821150801,154,486,786
"2020-09-01 00:00:00",2021,70003181,A2918150101,184,29,787
"2020-09-01 00:00:00",2021,70003181,A2918150102,81,122,788
"2020-09-01 00:00:00",2021,70003181,A2918150103,341,138,789
"2020-09-01 00:00:00",2021,70003181,A2918150104,308,80,790
"2020-09-01 00:00:00",2021,70003181,A2918150105,301,151,791
"2020-09-01 00:00:00",2021,70003181,A2918150106,247,261,792
"2020-09-01 00:00:00",2021,70003181,A3018150201,288,204,793
"2020-09-01 00:00:00",2021,70003181,A3018150202,409,127,794
"2020-09-01 00:00:00",2021,70003181,A3018150203,91,81,795
"2020-09-01 00:00:00",2021,70003181,A3019150204,99,206,796
"2020-09-01 00:00:00",2021,70003181,A3019150205,84,205,797
"2020-09-01 00:00:00",2021,70003181,A3019150206,243,97,798
"2020-09-01 00:00:00",2021,70003181,A3119150301,180,179,799
"2020-09-01 00:00:00",2021,70003181,A3119150302,116,128,800
"2020-09-01 00:00:00",2021,70003181,A3119150303,179,179,801
"2020-09-01 00:00:00",2021,70003181,A3120150304,49,68,802
"2020-09-01 00:00:00",2021,70003181,A3120150305,422,166,803
"2020-09-01 00:00:00",2021,70003181,A3120150306,92,106,804
"2020-09-01 00:00:00",2021,70003181,A3220150401,148,164,805
"2020-09-01 00:00:00",2021,70003181,A3220150402,438,149,806
"2020-09-01 00:00:00",2021,70003181,A3220150403,373,183,807
"2020-09-01 00:00:00",2021,70003181,A3220150404,335,83,808
"2020-09-01 00:00:00",2021,70003181,A3220150405,53,194,809
"2020-09-01 00:00:00",2021,70003181,A3220150406,160,263,810
"2020-09-01 00:00:00",2021,70003181,A3320150501,108,153,811
"2020-09-01 00:00:00",2021,70003181,A3320150502,341,122,812
"2020-09-01 00:00:00",2021,70003181,A3320150503,370,150,813
"2020-09-01 00:00:00",2021,70003181,A3320150504,66,240,814
"2020-09-01 00:00:00",2021,70003181,A3320150505,276,136,815
"2020-09-01 00:00:00",2021,70003181,A3320150506,80,81,816
"2020-09-01 00:00:00",2021,70003181,A3420150601,249,102,817
"2020-09-01 00:00:00",2021,70003181,A3420150602,128,83,818
"2020-09-01 00:00:00",2021,70003181,A3421150603,114,43,819
"2020-09-01 00:00:00",2021,70003181,A3421150604,219,75,820
"2020-09-01 00:00:00",2021,70003181,A3421150605,216,190,821
"2020-09-01 00:00:00",2021,70003181,A3421150606,361,170,822
"2020-09-01 00:00:00",2021,70003181,A3521150701,209,104,823
"2020-09-01 00:00:00",2021,70003181,A3521150702,342,162,824
"2020-09-01 00:00:00",2021,70003181,A3521150703,123,119,825
"2020-09-01 00:00:00",2021,70003181,A3521150704,190,119,826
"2020-09-01 00:00:00",2021,70003181,A3521150705,286,85,827
"2020-09-01 00:00:00",2021,70003181,A3718150101,36,18,828
"2020-09-01 00:00:00",2021,70003181,A3718150102,22,26,829
"2020-09-01 00:00:00",2021,70003181,A3718150103,16,39,830
"2020-09-01 00:00:00",2021,70003181,A3718150105,14,38,831
"2020-09-01 00:00:00",2021,70003181,A3818150201,17,18,832
"2020-09-01 00:00:00",2021,70003181,A3818150202,26,20,833
"2020-09-01 00:00:00",2021,70003181,A3819150203,18,35,834
"2020-09-01 00:00:00",2021,70003181,A3819150204,39,32,835
"2020-09-01 00:00:00",2021,70003181,A3819150205,5,26,836
"2020-09-01 00:00:00",2021,70003181,A3920150301,15,34,837
"2020-09-01 00:00:00",2021,70003181,A3920150302,27,9,838
"2020-09-01 00:00:00",2021,70003181,A3920150303,28,24,839
"2020-09-01 00:00:00",2021,70003181,A3920150304,16,45,840
"2020-09-01 00:00:00",2021,70003181,A3920150305,23,39,841
"2020-09-01 00:00:00",2021,70003181,A4020150401,19,17,842
"2020-09-01 00:00:00",2021,70003181,A4020150402,8,29,843
"2020-09-01 00:00:00",2021,70003181,A4021150403,25,29,844
"2020-09-01 00:00:00",2021,70003181,A4021150404,9,19,845
"2020-09-01 00:00:00",2021,70003181,A4021150405,26,24,846
"2020-09-01 00:00:00",2021,70003181,A4118110105,6,7,847
"2020-09-01 00:00:00",2021,70003181,A4118110106,5,6,848
"2020-09-01 00:00:00",2021,70003181,A4118110107,17,14,849
"2020-09-01 00:00:00",2021,70003181,A4218110201,20,13,850
"2020-09-01 00:00:00",2021,70003181,A4218110202,5,14,851
"2020-09-01 00:00:00",2021,70003181,A4218110203,13,7,852
"2020-09-01 00:00:00",2021,70003181,A4218110204,13,7,853
"2020-09-01 00:00:00",2021,70003181,A4218110205,11,12,854
"2020-09-01 00:00:00",2021,70003181,A4218110206,10,10,855
"2020-09-01 00:00:00",2021,70003181,A4218110207,9,13,856
"2020-09-01 00:00:00",2021,70003181,A4218110208,14,4,857
"2020-09-01 00:00:00",2021,70003181,A4318110301,14,11,858
"2020-09-01 00:00:00",2021,70003181,A4319110302,5,7,859
"2020-09-01 00:00:00",2021,70003181,A4319110303,15,11,860
"2020-09-01 00:00:00",2021,70003181,A4319110304,14,8,861
"2020-09-01 00:00:00",2021,70003181,A4319110305,7,10,862
"2020-09-01 00:00:00",2021,70003181,A4319110306,13,10,863
"2020-09-01 00:00:00",2021,70003181,A4419110401,9,8,864
"2020-09-01 00:00:00",2021,70003181,A4419110402,18,14,865
"2020-09-01 00:00:00",2021,70003181,A4419110403,7,6,866
"2020-09-01 00:00:00",2021,70003181,A4419110404,4,10,867
"2020-09-01 00:00:00",2021,70003181,A4419110405,18,3,868
"2020-09-01 00:00:00",2021,70003181,A4419110406,7,11,869
"2020-09-01 00:00:00",2021,70003181,A4419110407,5,6,870
"2020-09-01 00:00:00",2021,70003181,A4419110408,4,10,871
"2020-09-01 00:00:00",2021,70003181,A4519110501,19,13,872
"2020-09-01 00:00:00",2021,70003181,A4519110502,16,10,873
"2020-09-01 00:00:00",2021,70003181,A4519110503,19,4,874
"2020-09-01 00:00:00",2021,70003181,A4520110504,18,5,875
"2020-09-01 00:00:00",2021,70003181,A4520110505,19,6,876
"2020-09-01 00:00:00",2021,70003181,A4520110506,19,11,877
"2020-09-01 00:00:00",2021,70003181,A4520110507,16,3,878
"2020-09-01 00:00:00",2021,70003181,A4520110508,18,13,879
"2020-09-01 00:00:00",2021,70003181,A4620110601,18,8,880
"2020-09-01 00:00:00",2021,70003181,A4620110602,14,6,881
"2020-09-01 00:00:00",2021,70003181,A4620110603,16,3,882
"2020-09-01 00:00:00",2021,70003181,A4620110604,15,4,883
"2020-09-01 00:00:00",2021,70003181,A4620110605,15,7,884
"2020-09-01 00:00:00",2021,70003181,A4620110606,16,7,885
"2020-09-01 00:00:00",2021,70003181,A4620110607,18,15,886
"2020-09-01 00:00:00",2021,70003181,A4620110608,8,13,887
"2020-09-01 00:00:00",2021,70003181,A4720110701,17,11,888
"2020-09-01 00:00:00",2021,70003181,A4720110702,16,10,889
"2020-09-01 00:00:00",2021,70003181,A4721110703,10,3,890
"2020-09-01 00:00:00",2021,70003181,A4721110704,10,12,891
"2020-09-01 00:00:00",2021,70003181,A4721110705,8,15,892
"2020-09-01 00:00:00",2021,70003181,A4918110101,11,13,893
"2020-09-01 00:00:00",2021,70003181,A4918110102,11,10,894
"2020-09-01 00:00:00",2021,70003181,A4918110103,11,17,895
"2020-09-01 00:00:00",2021,70003181,A4918110104,14,14,896
"2020-09-01 00:00:00",2021,70003181,A5018110201,3,10,897
"2020-09-01 00:00:00",2021,70003181,A5018110202,11,10,898
"2020-09-01 00:00:00",2021,70003181,A5018110203,13,9,899
"2020-09-01 00:00:00",2021,70003181,A5018110204,11,4,900
"2020-09-01 00:00:00",2021,70003181,A5018110205,14,12,901
"2020-09-01 00:00:00",2021,70003181,A5018110206,12,12,902
"2020-09-01 00:00:00",2021,70003181,A5018110207,13,7,903
"2020-09-01 00:00:00",2021,70003181,A5019110208,9,14,904
"2020-09-01 00:00:00",2021,70003181,A5119110301,3,12,905
"2020-09-01 00:00:00",2021,70003181,A5119110302,3,5,906
"2020-09-01 00:00:00",2021,70003181,A5119110303,13,7,907
"2020-09-01 00:00:00",2021,70003181,A5119110305,5,14,908
"2020-09-01 00:00:00",2021,70003181,A5119110306,14,12,909
"2020-09-01 00:00:00",2021,70003181,A5119110307,11,9,910
"2020-09-01 00:00:00",2021,70003181,A5119110308,7,12,911
"2020-09-01 00:00:00",2021,70003181,A5219110401,7,14,912
"2020-09-01 00:00:00",2021,70003181,A5219110402,3,13,913
"2020-09-01 00:00:00",2021,70003181,A5219110403,10,12,914
"2020-09-01 00:00:00",2021,70003181,A5219110405,3,15,915
"2020-09-01 00:00:00",2021,70003181,A5219110406,5,2,916
"2020-09-01 00:00:00",2021,70003181,A5219110407,12,11,917
"2020-09-01 00:00:00",2021,70003181,A5220110408,7,11,918
"2020-09-01 00:00:00",2021,70003181,A5318110103,6,2,919
"2020-09-01 00:00:00",2021,70003181,A5318110104,3,5,920
"2020-09-01 00:00:00",2021,70003181,A5318110105,6,4,921
"2020-09-01 00:00:00",2021,70003181,A5318110106,6,6,922
"2020-09-01 00:00:00",2021,70003181,A5318110107,2,7,923
"2020-09-01 00:00:00",2021,70003181,A5318110108,5,5,924
"2020-09-01 00:00:00",2021,70003181,A5419110201,3,7,925
"2020-09-01 00:00:00",2021,70003181,A5419110202,3,4,926
"2020-09-01 00:00:00",2021,70003181,A5419110203,8,5,927
"2020-09-01 00:00:00",2021,70003181,A5419110204,5,6,928
"2020-09-01 00:00:00",2021,70003181,A5419110205,7,4,929
"2020-09-01 00:00:00",2021,70003181,A5419110206,5,3,930
"2020-09-01 00:00:00",2021,70003181,A5419110207,5,5,931
"2020-09-01 00:00:00",2021,70003181,A5419110208,8,4,932
"2020-09-01 00:00:00",2021,70003181,A5519110301,3,3,933
"2020-09-01 00:00:00",2021,70003181,A5519110302,9,4,934
"2020-09-01 00:00:00",2021,70003181,A5519110303,7,9,935
"2020-09-01 00:00:00",2021,70003181,A5519110304,5,3,936
"2020-09-01 00:00:00",2021,70003181,A5520110305,4,9,937
"2020-09-01 00:00:00",2021,70003181,A5520110306,2,6,938
"2020-09-01 00:00:00",2021,70003181,A5520110307,1,4,939
"2020-09-01 00:00:00",2021,70003181,A5520110308,2,7,940
"2020-09-01 00:00:00",2021,70003181,A5620110401,2,7,941
"2020-09-01 00:00:00",2021,70003181,A5620110402,2,6,942
"2020-09-01 00:00:00",2021,70003181,A5621110403,8,5,943
"2020-09-01 00:00:00",2021,70003181,A5621110404,1,8,944
"2020-09-01 00:00:00",2021,70003181,A5621110405,7,4,945
"2020-09-01 00:00:00",2021,70003181,A5621110406,3,3,946
"2020-09-01 00:00:00",2021,70003181,A5621110407,5,7,947
"2020-09-01 00:00:00",2021,70003181,A5621110408,7,2,948
"2020-09-01 00:00:00",2021,70003181,A5721110501,7,7,949
"2020-09-01 00:00:00",2021,70003181,A5721110502,2,8,950
"2020-09-01 00:00:00",2021,70003181,A5721110503,4,8,951
"2020-09-01 00:00:00",2021,70003181,A5721110504,8,8,952
"2020-09-01 00:00:00",2021,70003181,A5721110505,7,7,953
"2020-09-01 00:00:00",2021,70003181,A5721110506,3,4,954
"2020-09-01 00:00:00",2021,70003181,A5820110101,12,8,955
"2020-09-01 00:00:00",2021,70003181,A5820110102,13,4,956
"2020-09-01 00:00:00",2021,70003181,A5820110103,9,8,957
"2020-09-01 00:00:00",2021,70003181,A5820110104,12,6,958
"2020-09-01 00:00:00",2021,70003181,A5820110105,9,9,959
"2020-09-01 00:00:00",2021,70003181,A5820110106,7,5,960
"2020-09-01 00:00:00",2021,70003181,A5820110107,6,3,961
"2020-09-01 00:00:00",2021,70003181,A5821110108,4,7,962
"2020-09-01 00:00:00",2021,70003181,A6018110101,2,2,963
"2020-09-01 00:00:00",2021,70003181,A6018110102,2,2,964
"2020-09-01 00:00:00",2021,70003181,A6018110103,1,2,965
"2020-09-01 00:00:00",2021,70003181,A6018110104,1,2,966
"2020-09-01 00:00:00",2021,70003181,A6018110105,1,NULL,967
"2020-09-01 00:00:00",2021,70003181,A6018110106,1,1,968
"2020-09-01 00:00:00",2021,70003181,A6019110107,2,1,969
"2020-09-01 00:00:00",2021,70003181,A6019110108,1,1,970
"2020-09-01 00:00:00",2021,70003181,A6119110201,1,1,971
"2020-09-01 00:00:00",2021,70003181,A6119110202,1,1,972
"2020-09-01 00:00:00",2021,70003181,A6119110203,1,1,973
"2020-09-01 00:00:00",2021,70003181,A6119110204,1,1,974
"2020-09-01 00:00:00",2021,70003181,A6120110205,2,2,975
"2020-09-01 00:00:00",2021,70003181,A6120110206,1,2,976
"2020-09-01 00:00:00",2021,70003181,A6218160101,136,260,977
"2020-09-01 00:00:00",2021,70003181,A6218160102,380,126,978
"2020-09-01 00:00:00",2021,70003181,A6219160103,328,464,979
"2020-09-01 00:00:00",2021,70003181,A6319160201,338,304,980
"2020-09-01 00:00:00",2021,70003181,A6319160202,242,327,981
"2020-09-01 00:00:00",2021,70003181,A6319160203,263,134,982
"2020-09-01 00:00:00",2021,70003181,A6419160301,122,462,983
"2020-09-01 00:00:00",2021,70003181,A6419160302,294,599,984
"2020-09-01 00:00:00",2021,70003181,A6419160303,127,461,985
"2020-09-01 00:00:00",2021,70003181,A6519160401,501,230,986
"2020-09-01 00:00:00",2021,70003181,A6520160402,517,194,987
"2020-09-01 00:00:00",2021,70003181,A6520160403,493,162,988
"2020-09-01 00:00:00",2021,70003181,A6620160501,188,400,989
"2020-09-01 00:00:00",2021,70003181,A6720160103,583,533,990
"2020-09-01 00:00:00",2021,70003181,A6818160201,220,750,991
"2020-09-01 00:00:00",2021,70003181,A6818160202,551,195,992
"2020-09-01 00:00:00",2021,70003181,A6819160203,466,585,993
"2020-09-01 00:00:00",2021,70003181,A7118160101,264,244,994
"2020-09-01 00:00:00",2021,70003181,A7119160102,228,210,995
"2020-09-01 00:00:00",2021,70003181,A7119160103,104,200,996
"2020-09-01 00:00:00",2021,70003181,A7219160201,332,230,997
"2020-09-01 00:00:00",2021,70003181,A7220160202,325,137,998
"2020-09-01 00:00:00",2021,70003181,A7220160203,276,332,999
"2020-09-01 00:00:00",2021,70003181,A7321160301,279,143,1000
"2021-09-01 00:00:00",2022,70002017,A0118150103,537,390,1
"2021-09-01 00:00:00",2022,70002017,A0118150104,938,484,2
"2021-09-01 00:00:00",2022,70002017,A0219150201,354,703,3
"2021-09-01 00:00:00",2022,70002017,A0219150202,554,79,4
"2021-09-01 00:00:00",2022,70002017,A0220150203,107,222,5
"2021-09-01 00:00:00",2022,70002017,A0320150301,463,419,6
"2021-09-01 00:00:00",2022,70002017,A0321150302,311,425,7
"2021-09-01 00:00:00",2022,70002017,A0321150303,798,764,8
"2021-09-01 00:00:00",2022,70002017,A0418150103,753,455,9
"2021-09-01 00:00:00",2022,70002017,A0418150104,1187,559,10
"2021-09-01 00:00:00",2022,70002017,A0418150105,579,672,11
"2021-09-01 00:00:00",2022,70002017,A0418150106,642,190,12
"2021-09-01 00:00:00",2022,70002017,A0519150204,1108,569,13
"2021-09-01 00:00:00",2022,70002017,A0519150205,357,779,14
"2021-09-01 00:00:00",2022,70002017,A0519150206,1197,79,15
"2021-09-01 00:00:00",2022,70002017,A0519150207,690,554,16
"2021-09-01 00:00:00",2022,70002017,A0519150208,1052,382,17
"2021-09-01 00:00:00",2022,70002017,A0619150301,137,377,18
"2021-09-01 00:00:00",2022,70002017,A0619150302,470,108,19
"2021-09-01 00:00:00",2022,70002017,A0620150303,518,582,20
"2021-09-01 00:00:00",2022,70002017,A0620150304,259,609,21
"2021-09-01 00:00:00",2022,70002017,A0620150305,695,593,22
"2021-09-01 00:00:00",2022,70002017,A0620150306,753,281,23
"2021-09-01 00:00:00",2022,70002017,A0621150307,986,132,24
"2021-09-01 00:00:00",2022,70002017,A0621150308,917,747,25
"2021-09-01 00:00:00",2022,70002017,A0721150401,875,855,26
"2021-09-01 00:00:00",2022,70002017,A0721150402,1253,168,27
"2021-09-01 00:00:00",2022,70002017,A0721150403,1287,166,28
"2021-09-01 00:00:00",2022,70002017,A0721150404,1237,735,29
"2021-09-01 00:00:00",2022,70002017,A0821150501,867,150,30
"2021-09-01 00:00:00",2022,70002017,A0821150502,1010,649,31
"2021-09-01 00:00:00",2022,70002017,A0821150503,1020,819,32
"2021-09-01 00:00:00",2022,70002017,A0821150504,621,281,33
"2021-09-01 00:00:00",2022,70002017,A0921150601,539,736,34
"2021-09-01 00:00:00",2022,70002017,A0921150602,288,483,35
"2021-09-01 00:00:00",2022,70002017,A0921150603,304,580,36
"2021-09-01 00:00:00",2022,70002017,A0921150604,745,656,37
"2021-09-01 00:00:00",2022,70002017,A1118150201,172,378,38
"2021-09-01 00:00:00",2022,70002017,A1118150202,487,416,39
"2021-09-01 00:00:00",2022,70002017,A1119150203,706,463,40
"2021-09-01 00:00:00",2022,70002017,A1219150301,862,478,41
"2021-09-01 00:00:00",2022,70002017,A1219150302,925,476,42
"2021-09-01 00:00:00",2022,70002017,A1219150303,378,104,43
"2021-09-01 00:00:00",2022,70002017,A1319150401,511,675,44
"2021-09-01 00:00:00",2022,70002017,A1320150402,310,270,45
"2021-09-01 00:00:00",2022,70002017,A1320150403,560,481,46
"2021-09-01 00:00:00",2022,70002017,A1420150501,195,481,47
"2021-09-01 00:00:00",2022,70002017,A1420150502,961,492,48
"2021-09-01 00:00:00",2022,70002017,A1421150503,810,816,49
"2021-09-01 00:00:00",2022,70002017,A1521150601,539,769,50
"2021-09-01 00:00:00",2022,70002017,A1521150602,1243,150,51
"2021-09-01 00:00:00",2022,70002017,A1521150603,925,151,52
"2021-09-01 00:00:00",2022,70002017,A1718150201,342,269,53
"2021-09-01 00:00:00",2022,70002017,A1718150202,261,247,54
"2021-09-01 00:00:00",2022,70002017,A1718150203,770,264,55
"2021-09-01 00:00:00",2022,70002017,A1718150204,940,507,56
"2021-09-01 00:00:00",2022,70002017,A1819150301,282,239,57
"2021-09-01 00:00:00",2022,70002017,A1819150302,525,403,58
"2021-09-01 00:00:00",2022,70002017,A1819150303,148,592,59
"2021-09-01 00:00:00",2022,70002017,A1819150304,768,522,60
"2021-09-01 00:00:00",2022,70002017,A1919150401,745,439,61
"2021-09-01 00:00:00",2022,70002017,A1919150402,912,139,62
"2021-09-01 00:00:00",2022,70002017,A1919150403,871,355,63
"2021-09-01 00:00:00",2022,70002017,A1920150404,323,441,64
"2021-09-01 00:00:00",2022,70002017,A2020150501,739,245,65
"2021-09-01 00:00:00",2022,70002017,A2020150502,132,193,66
"2021-09-01 00:00:00",2022,70002017,A2021150503,916,628,67
"2021-09-01 00:00:00",2022,70002017,A2021150504,572,538,68
"2021-09-01 00:00:00",2022,70002017,A2118150103,783,963,69
"2021-09-01 00:00:00",2022,70002017,A2118150104,152,158,70
"2021-09-01 00:00:00",2022,70002017,A2118150105,916,430,71
"2021-09-01 00:00:00",2022,70002017,A2118150106,1080,585,72
"2021-09-01 00:00:00",2022,70002017,A2218150201,438,197,73
"2021-09-01 00:00:00",2022,70002017,A2218150202,695,491,74
"2021-09-01 00:00:00",2022,70002017,A2219150203,1073,1260,75
"2021-09-01 00:00:00",2022,70002017,A2219150204,516,609,76
"2021-09-01 00:00:00",2022,70002017,A2219150205,859,738,77
"2021-09-01 00:00:00",2022,70002017,A2219150206,773,1197,78
"2021-09-01 00:00:00",2022,70002017,A2319150301,178,649,79
"2021-09-01 00:00:00",2022,70002017,A2319150302,925,807,80
"2021-09-01 00:00:00",2022,70002017,A2319150303,1006,495,81
"2021-09-01 00:00:00",2022,70002017,A2319150304,1147,1044,82
"2021-09-01 00:00:00",2022,70002017,A2319150305,1092,619,83
"2021-09-01 00:00:00",2022,70002017,A2319150306,652,1182,84
"2021-09-01 00:00:00",2022,70002017,A2419150401,745,502,85
"2021-09-01 00:00:00",2022,70002017,A2419150402,257,160,86
"2021-09-01 00:00:00",2022,70002017,A2419150403,609,847,87
"2021-09-01 00:00:00",2022,70002017,A2419150404,1087,280,88
"2021-09-01 00:00:00",2022,70002017,A2419150405,928,716,89
"2021-09-01 00:00:00",2022,70002017,A2420150406,124,533,90
"2021-09-01 00:00:00",2022,70002017,A2520150501,373,914,91
"2021-09-01 00:00:00",2022,70002017,A2520150502,1061,680,92
"2021-09-01 00:00:00",2022,70002017,A2520150503,728,382,93
"2021-09-01 00:00:00",2022,70002017,A2520150504,388,260,94
"2021-09-01 00:00:00",2022,70002017,A2520150505,1113,167,95
"2021-09-01 00:00:00",2022,70002017,A2520150506,923,301,96
"2021-09-01 00:00:00",2022,70002017,A2620150601,1063,414,97
"2021-09-01 00:00:00",2022,70002017,A2620150602,878,985,98
"2021-09-01 00:00:00",2022,70002017,A2620150603,205,1001,99
"2021-09-01 00:00:00",2022,70002017,A2620150604,935,570,100
"2021-09-01 00:00:00",2022,70002017,A2620150605,1011,662,101
"2021-09-01 00:00:00",2022,70002017,A2620150606,1018,243,102
"2021-09-01 00:00:00",2022,70002017,A2720150701,1175,817,103
"2021-09-01 00:00:00",2022,70002017,A2721150702,571,404,104
"2021-09-01 00:00:00",2022,70002017,A2721150703,921,948,105
"2021-09-01 00:00:00",2022,70002017,A2721150704,1047,302,106
"2021-09-01 00:00:00",2022,70002017,A2721150705,559,527,107
"2021-09-01 00:00:00",2022,70002017,A2721150706,1142,1032,108
"2021-09-01 00:00:00",2022,70002017,A2821150801,247,1100,109
"2021-09-01 00:00:00",2022,70002017,A2821150802,231,502,110
"2021-09-01 00:00:00",2022,70002017,A2821150803,1040,536,111
"2021-09-01 00:00:00",2022,70002017,A2821150804,890,427,112
"2021-09-01 00:00:00",2022,70002017,A2821150805,1092,913,113
"2021-09-01 00:00:00",2022,70002017,A2821150806,523,1241,114
"2021-09-01 00:00:00",2022,70002017,A2918150104,269,255,115
"2021-09-01 00:00:00",2022,70002017,A2918150105,710,185,116
"2021-09-01 00:00:00",2022,70002017,A2918150106,761,343,117
"2021-09-01 00:00:00",2022,70002017,A3018150201,751,407,118
"2021-09-01 00:00:00",2022,70002017,A3018150202,224,538,119
"2021-09-01 00:00:00",2022,70002017,A3018150203,1038,432,120
"2021-09-01 00:00:00",2022,70002017,A3019150204,370,187,121
"2021-09-01 00:00:00",2022,70002017,A3019150205,990,966,122
"2021-09-01 00:00:00",2022,70002017,A3019150206,260,812,123
"2021-09-01 00:00:00",2022,70002017,A3119150301,630,385,124
"2021-09-01 00:00:00",2022,70002017,A3119150302,1021,755,125
"2021-09-01 00:00:00",2022,70002017,A3119150303,379,323,126
"2021-09-01 00:00:00",2022,70002017,A3120150304,1026,603,127
"2021-09-01 00:00:00",2022,70002017,A3120150305,121,585,128
"2021-09-01 00:00:00",2022,70002017,A3120150306,952,558,129
"2021-09-01 00:00:00",2022,70002017,A3220150401,1009,193,130
"2021-09-01 00:00:00",2022,70002017,A3220150402,696,146,131
"2021-09-01 00:00:00",2022,70002017,A3220150403,897,459,132
"2021-09-01 00:00:00",2022,70002017,A3220150404,146,954,133
"2021-09-01 00:00:00",2022,70002017,A3220150405,169,273,134
"2021-09-01 00:00:00",2022,70002017,A3220150406,127,832,135
"2021-09-01 00:00:00",2022,70002017,A3320150501,702,392,136
"2021-09-01 00:00:00",2022,70002017,A3320150502,205,211,137
"2021-09-01 00:00:00",2022,70002017,A3320150503,1013,900,138
"2021-09-01 00:00:00",2022,70002017,A3320150504,865,416,139
"2021-09-01 00:00:00",2022,70002017,A3320150505,801,833,140
"2021-09-01 00:00:00",2022,70002017,A3320150506,298,679,141
"2021-09-01 00:00:00",2022,70002017,A3420150601,1011,661,142
"2021-09-01 00:00:00",2022,70002017,A3420150602,1038,644,143
"2021-09-01 00:00:00",2022,70002017,A3421150603,1026,726,144
"2021-09-01 00:00:00",2022,70002017,A3421150604,901,229,145
"2021-09-01 00:00:00",2022,70002017,A3421150605,317,121,146
"2021-09-01 00:00:00",2022,70002017,A3421150606,374,844,147
"2021-09-01 00:00:00",2022,70002017,A3521150701,634,298,148
"2021-09-01 00:00:00",2022,70002017,A3521150702,123,313,149
"2021-09-01 00:00:00",2022,70002017,A3521150703,816,358,150
"2021-09-01 00:00:00",2022,70002017,A3521150704,495,421,151
"2021-09-01 00:00:00",2022,70002017,A3521150705,406,448,152
"2021-09-01 00:00:00",2022,70002017,A3521150706,433,141,153
"2021-09-01 00:00:00",2022,70002017,A3621150801,818,766,154
"2021-09-01 00:00:00",2022,70002017,A3621150802,507,1015,155
"2021-09-01 00:00:00",2022,70002017,A3621150803,450,873,156
"2021-09-01 00:00:00",2022,70002017,A3621150804,165,839,157
"2021-09-01 00:00:00",2022,70002017,A3621150805,400,557,158
"2021-09-01 00:00:00",2022,70002017,A3621150806,1042,165,159
"2021-09-01 00:00:00",2022,70002017,A3718150101,407,710,160
"2021-09-01 00:00:00",2022,70002017,A3718150102,497,392,161
"2021-09-01 00:00:00",2022,70002017,A3718150103,874,252,162
"2021-09-01 00:00:00",2022,70002017,A3718150105,171,491,163
"2021-09-01 00:00:00",2022,70002017,A3818150201,911,117,164
"2021-09-01 00:00:00",2022,70002017,A3818150202,177,555,165
"2021-09-01 00:00:00",2022,70002017,A3819150203,964,122,166
"2021-09-01 00:00:00",2022,70002017,A3819150205,762,699,167
"2021-09-01 00:00:00",2022,70002017,A3920150301,782,285,168
"2021-09-01 00:00:00",2022,70002017,A3920150302,537,243,169
"2021-09-01 00:00:00",2022,70002017,A3920150303,191,468,170
"2021-09-01 00:00:00",2022,70002017,A3920150305,427,445,171
"2021-09-01 00:00:00",2022,70002017,A4020150401,517,552,172
"2021-09-01 00:00:00",2022,70002017,A4020150402,1027,336,173
"2021-09-01 00:00:00",2022,70002017,A4021150403,972,501,174
"2021-09-01 00:00:00",2022,70002017,A4021150404,1080,575,175
"2021-09-01 00:00:00",2022,70002017,A4021150405,364,356,176
"2021-09-01 00:00:00",2022,70002017,A4118110105,115,121,177
"2021-09-01 00:00:00",2022,70002017,A4118110106,106,84,178
"2021-09-01 00:00:00",2022,70002017,A4118110107,52,92,179
"2021-09-01 00:00:00",2022,70002017,A4218110201,50,37,180
"2021-09-01 00:00:00",2022,70002017,A4218110202,63,42,181
"2021-09-01 00:00:00",2022,70002017,A4218110203,72,125,182
"2021-09-01 00:00:00",2022,70002017,A4218110204,100,56,183
"2021-09-01 00:00:00",2022,70002017,A4218110205,117,73,184
"2021-09-01 00:00:00",2022,70002017,A4218110206,63,49,185
"2021-09-01 00:00:00",2022,70002017,A4218110207,128,49,186
"2021-09-01 00:00:00",2022,70002017,A4218110208,104,107,187
"2021-09-01 00:00:00",2022,70002017,A4318110301,91,80,188
"2021-09-01 00:00:00",2022,70002017,A4319110302,41,28,189
"2021-09-01 00:00:00",2022,70002017,A4319110303,87,126,190
"2021-09-01 00:00:00",2022,70002017,A4319110304,43,72,191
"2021-09-01 00:00:00",2022,70002017,A4319110305,59,93,192
"2021-09-01 00:00:00",2022,70002017,A4319110306,122,29,193
"2021-09-01 00:00:00",2022,70002017,A4419110401,61,35,194
"2021-09-01 00:00:00",2022,70002017,A4419110402,41,58,195
"2021-09-01 00:00:00",2022,70002017,A4419110403,80,63,196
"2021-09-01 00:00:00",2022,70002017,A4419110404,67,88,197
"2021-09-01 00:00:00",2022,70002017,A4419110405,109,109,198
"2021-09-01 00:00:00",2022,70002017,A4419110406,63,53,199
"2021-09-01 00:00:00",2022,70002017,A4419110407,54,98,200
"2021-09-01 00:00:00",2022,70002017,A4419110408,83,93,201
"2021-09-01 00:00:00",2022,70002017,A4519110501,41,50,202
"2021-09-01 00:00:00",2022,70002017,A4519110502,59,132,203
"2021-09-01 00:00:00",2022,70002017,A4519110503,30,58,204
"2021-09-01 00:00:00",2022,70002017,A4520110504,24,43,205
"2021-09-01 00:00:00",2022,70002017,A4520110505,69,78,206
"2021-09-01 00:00:00",2022,70002017,A4520110506,128,118,207
"2021-09-01 00:00:00",2022,70002017,A4520110507,33,101,208
"2021-09-01 00:00:00",2022,70002017,A4520110508,33,63,209
"2021-09-01 00:00:00",2022,70002017,A4620110601,117,94,210
"2021-09-01 00:00:00",2022,70002017,A4620110602,124,75,211
"2021-09-01 00:00:00",2022,70002017,A4620110603,26,62,212
"2021-09-01 00:00:00",2022,70002017,A4620110604,33,39,213
"2021-09-01 00:00:00",2022,70002017,A4620110605,30,57,214
"2021-09-01 00:00:00",2022,70002017,A4620110606,76,117,215
"2021-09-01 00:00:00",2022,70002017,A4620110607,91,34,216
"2021-09-01 00:00:00",2022,70002017,A4620110608,56,128,217
"2021-09-01 00:00:00",2022,70002017,A4720110701,96,72,218
"2021-09-01 00:00:00",2022,70002017,A4720110702,28,59,219
"2021-09-01 00:00:00",2022,70002017,A4721110703,46,67,220
"2021-09-01 00:00:00",2022,70002017,A4721110704,89,18,221
"2021-09-01 00:00:00",2022,70002017,A4721110705,50,68,222
"2021-09-01 00:00:00",2022,70002017,A4721110706,41,32,223
"2021-09-01 00:00:00",2022,70002017,A4721110707,102,80,224
"2021-09-01 00:00:00",2022,70002017,A4721110708,102,59,225
"2021-09-01 00:00:00",2022,70002017,A4821110801,74,82,226
"2021-09-01 00:00:00",2022,70002017,A4821110802,69,73,227
"2021-09-01 00:00:00",2022,70002017,A4821110803,89,116,228
"2021-09-01 00:00:00",2022,70002017,A4821110804,106,58,229
"2021-09-01 00:00:00",2022,70002017,A4821110805,87,48,230
"2021-09-01 00:00:00",2022,70002017,A4821110806,52,47,231
"2021-09-01 00:00:00",2022,70002017,A4821110807,78,66,232
"2021-09-01 00:00:00",2022,70002017,A4821110808,72,93,233
"2021-09-01 00:00:00",2022,70002017,A4918110101,80,101,234
"2021-09-01 00:00:00",2022,70002017,A4918110102,64,83,235
"2021-09-01 00:00:00",2022,70002017,A4918110103,146,86,236
"2021-09-01 00:00:00",2022,70002017,A4918110104,39,58,237
"2021-09-01 00:00:00",2022,70002017,A5018110201,49,99,238
"2021-09-01 00:00:00",2022,70002017,A5018110202,44,90,239
"2021-09-01 00:00:00",2022,70002017,A5018110203,134,65,240
"2021-09-01 00:00:00",2022,70002017,A5018110204,39,24,241
"2021-09-01 00:00:00",2022,70002017,A5018110205,80,116,242
"2021-09-01 00:00:00",2022,70002017,A5018110206,95,58,243
"2021-09-01 00:00:00",2022,70002017,A5018110207,69,98,244
"2021-09-01 00:00:00",2022,70002017,A5019110208,85,54,245
"2021-09-01 00:00:00",2022,70002017,A5119110301,154,36,246
"2021-09-01 00:00:00",2022,70002017,A5119110302,77,53,247
"2021-09-01 00:00:00",2022,70002017,A5119110303,36,123,248
"2021-09-01 00:00:00",2022,70002017,A5119110305,87,25,249
"2021-09-01 00:00:00",2022,70002017,A5119110306,144,147,250
"2021-09-01 00:00:00",2022,70002017,A5119110307,54,114,251
"2021-09-01 00:00:00",2022,70002017,A5119110308,149,65,252
"2021-09-01 00:00:00",2022,70002017,A5219110401,95,57,253
"2021-09-01 00:00:00",2022,70002017,A5219110402,92,91,254
"2021-09-01 00:00:00",2022,70002017,A5219110403,69,107,255
"2021-09-01 00:00:00",2022,70002017,A5219110405,77,70,256
"2021-09-01 00:00:00",2022,70002017,A5219110406,105,82,257
"2021-09-01 00:00:00",2022,70002017,A5219110407,56,58,258
"2021-09-01 00:00:00",2022,70002017,A5220110408,131,72,259
"2021-09-01 00:00:00",2022,70002017,A5318110103,136,62,260
"2021-09-01 00:00:00",2022,70002017,A5318110104,138,26,261
"2021-09-01 00:00:00",2022,70002017,A5318110105,108,21,262
"2021-09-01 00:00:00",2022,70002017,A5318110106,63,73,263
"2021-09-01 00:00:00",2022,70002017,A5318110107,48,30,264
"2021-09-01 00:00:00",2022,70002017,A5318110108,126,108,265
"2021-09-01 00:00:00",2022,70002017,A5419110201,75,47,266
"2021-09-01 00:00:00",2022,70002017,A5419110202,113,34,267
"2021-09-01 00:00:00",2022,70002017,A5419110203,113,42,268
"2021-09-01 00:00:00",2022,70002017,A5419110204,136,63,269
"2021-09-01 00:00:00",2022,70002017,A5419110205,45,70,270
"2021-09-01 00:00:00",2022,70002017,A5419110206,78,100,271
"2021-09-01 00:00:00",2022,70002017,A5419110207,123,49,272
"2021-09-01 00:00:00",2022,70002017,A5419110208,33,64,273
"2021-09-01 00:00:00",2022,70002017,A5519110301,138,45,274
"2021-09-01 00:00:00",2022,70002017,A5520110305,85,89,275
"2021-09-01 00:00:00",2022,70002017,A5520110306,70,45,276
"2021-09-01 00:00:00",2022,70002017,A5520110307,50,30,277
"2021-09-01 00:00:00",2022,70002017,A5520110308,33,74,278
"2021-09-01 00:00:00",2022,70002017,A5620110401,63,43,279
"2021-09-01 00:00:00",2022,70002017,A5620110402,38,83,280
"2021-09-01 00:00:00",2022,70002017,A5621110403,70,42,281
"2021-09-01 00:00:00",2022,70002017,A5621110404,68,83,282
"2021-09-01 00:00:00",2022,70002017,A5621110405,78,20,283
"2021-09-01 00:00:00",2022,70002017,A5621110406,98,52,284
"2021-09-01 00:00:00",2022,70002017,A5621110407,43,66,285
"2021-09-01 00:00:00",2022,70002017,A5621110408,138,75,286
"2021-09-01 00:00:00",2022,70002017,A5721110501,136,52,287
"2021-09-01 00:00:00",2022,70002017,A5721110502,151,57,288
"2021-09-01 00:00:00",2022,70002017,A5721110503,141,28,289
"2021-09-01 00:00:00",2022,70002017,A5721110504,151,88,290
"2021-09-01 00:00:00",2022,70002017,A5721110505,48,38,291
"2021-09-01 00:00:00",2022,70002017,A5721110506,113,38,292
"2021-09-01 00:00:00",2022,70002017,A5721110507,38,61,293
"2021-09-01 00:00:00",2022,70002017,A5721110508,90,26,294
"2021-09-01 00:00:00",2022,70002017,A5820110101,105,65,295
"2021-09-01 00:00:00",2022,70002017,A5820110102,56,90,296
"2021-09-01 00:00:00",2022,70002017,A5820110103,82,153,297
"2021-09-01 00:00:00",2022,70002017,A5820110104,141,53,298
"2021-09-01 00:00:00",2022,70002017,A5820110106,72,25,299
"2021-09-01 00:00:00",2022,70002017,A5820110107,82,37,300
"2021-09-01 00:00:00",2022,70002017,A5921110201,146,53,301
"2021-09-01 00:00:00",2022,70002017,A5921110202,123,98,302
"2021-09-01 00:00:00",2022,70002017,A5921110203,69,66,303
"2021-09-01 00:00:00",2022,70002017,A5921110204,108,35,304
"2021-09-01 00:00:00",2022,70002017,A5921110205,74,52,305
"2021-09-01 00:00:00",2022,70002017,A5921110206,126,93,306
"2021-09-01 00:00:00",2022,70002017,A5921110207,90,107,307
"2021-09-01 00:00:00",2022,70002017,A5921110208,80,99,308
"2021-09-01 00:00:00",2022,70002017,A6018110103,105,82,309
"2021-09-01 00:00:00",2022,70002017,A6018110104,132,107,310
"2021-09-01 00:00:00",2022,70002017,A6018110105,43,89,311
"2021-09-01 00:00:00",2022,70002017,A6018110106,91,57,312
"2021-09-01 00:00:00",2022,70002017,A6019110107,50,89,313
"2021-09-01 00:00:00",2022,70002017,A6019110108,43,125,314
"2021-09-01 00:00:00",2022,70002017,A6119110201,32,45,315
"2021-09-01 00:00:00",2022,70002017,A6119110202,119,101,316
"2021-09-01 00:00:00",2022,70002017,A6119110203,137,114,317
"2021-09-01 00:00:00",2022,70002017,A6119110204,46,86,318
"2021-09-01 00:00:00",2022,70002017,A6120110205,94,107,319
"2021-09-01 00:00:00",2022,70002017,A6120110206,87,131,320
"2021-09-01 00:00:00",2022,70002017,A6120110207,91,77,321
"2021-09-01 00:00:00",2022,70002017,A6121110208,59,135,322
"2021-09-01 00:00:00",2022,70002017,A6219160103,956,167,323
"2021-09-01 00:00:00",2022,70002017,A6319160201,820,630,324
"2021-09-01 00:00:00",2022,70002017,A6319160202,221,358,325
"2021-09-01 00:00:00",2022,70002017,A6319160203,933,718,326
"2021-09-01 00:00:00",2022,70002017,A6419160301,684,489,327
"2021-09-01 00:00:00",2022,70002017,A6419160302,726,211,328
"2021-09-01 00:00:00",2022,70002017,A6419160303,484,647,329
"2021-09-01 00:00:00",2022,70002017,A6519160401,316,228,330
"2021-09-01 00:00:00",2022,70002017,A6520160402,785,257,331
"2021-09-01 00:00:00",2022,70002017,A6520160403,587,605,332
"2021-09-01 00:00:00",2022,70002017,A6620160501,518,539,333
"2021-09-01 00:00:00",2022,70002017,A6620160502,127,310,334
"2021-09-01 00:00:00",2022,70002017,A6621160503,700,667,335
"2021-09-01 00:00:00",2022,70002017,A6720160103,606,847,336
"2021-09-01 00:00:00",2022,70002017,A6818160201,1016,374,337
"2021-09-01 00:00:00",2022,70002017,A6818160202,213,532,338
"2021-09-01 00:00:00",2022,70002017,A6819160203,402,780,339
"2021-09-01 00:00:00",2022,70002017,A7219160201,680,102,340
"2021-09-01 00:00:00",2022,70002017,A7220160202,165,506,341
"2021-09-01 00:00:00",2022,70002017,A7220160203,157,192,342
"2021-09-01 00:00:00",2022,70002017,A7321160301,478,521,343
"2021-09-01 00:00:00",2022,70002017,A7321160302,624,453,344
"2021-09-01 00:00:00",2022,70002017,A7321160303,266,533,345
"2021-09-01 00:00:00",2022,70002018,A0118150103,984,406,346
"2021-09-01 00:00:00",2022,70002018,A0118150104,401,597,347
"2021-09-01 00:00:00",2022,70002018,A0219150201,924,396,348
"2021-09-01 00:00:00",2022,70002018,A0219150202,885,358,349
"2021-09-01 00:00:00",2022,70002018,A0220150203,348,254,350
"2021-09-01 00:00:00",2022,70002018,A0320150301,978,417,351
"2021-09-01 00:00:00",2022,70002018,A0321150302,436,517,352
"2021-09-01 00:00:00",2022,70002018,A0321150303,963,153,353
"2021-09-01 00:00:00",2022,70002018,A0418150103,925,903,354
"2021-09-01 00:00:00",2022,70002018,A0418150104,1145,219,355
"2021-09-01 00:00:00",2022,70002018,A0418150105,949,151,356
"2021-09-01 00:00:00",2022,70002018,A0418150106,278,597,357
"2021-09-01 00:00:00",2022,70002018,A0519150204,391,663,358
"2021-09-01 00:00:00",2022,70002018,A0519150205,579,385,359
"2021-09-01 00:00:00",2022,70002018,A0519150206,751,692,360
"2021-09-01 00:00:00",2022,70002018,A0519150207,920,398,361
"2021-09-01 00:00:00",2022,70002018,A0519150208,568,649,362
"2021-09-01 00:00:00",2022,70002018,A0619150301,584,192,363
"2021-09-01 00:00:00",2022,70002018,A0619150302,830,574,364
"2021-09-01 00:00:00",2022,70002018,A0620150303,484,414,365
"2021-09-01 00:00:00",2022,70002018,A0620150304,878,573,366
"2021-09-01 00:00:00",2022,70002018,A0620150305,225,305,367
"2021-09-01 00:00:00",2022,70002018,A0620150306,846,305,368
"2021-09-01 00:00:00",2022,70002018,A0621150307,640,201,369
"2021-09-01 00:00:00",2022,70002018,A0621150308,180,554,370
"2021-09-01 00:00:00",2022,70002018,A0721150401,1316,218,371
"2021-09-01 00:00:00",2022,70002018,A0721150402,505,641,372
"2021-09-01 00:00:00",2022,70002018,A0721150403,674,861,373
"2021-09-01 00:00:00",2022,70002018,A0721150404,891,180,374
"2021-09-01 00:00:00",2022,70002018,A0821150501,703,626,375
"2021-09-01 00:00:00",2022,70002018,A0821150502,1256,498,376
"2021-09-01 00:00:00",2022,70002018,A0821150503,270,552,377
"2021-09-01 00:00:00",2022,70002018,A0821150504,484,699,378
"2021-09-01 00:00:00",2022,70002018,A0921150601,447,763,379
"2021-09-01 00:00:00",2022,70002018,A0921150602,999,579,380
"2021-09-01 00:00:00",2022,70002018,A0921150603,986,495,381
"2021-09-01 00:00:00",2022,70002018,A0921150604,981,539,382
"2021-09-01 00:00:00",2022,70002018,A1118150201,149,316,383
"2021-09-01 00:00:00",2022,70002018,A1118150202,1050,382,384
"2021-09-01 00:00:00",2022,70002018,A1119150203,1274,545,385
"2021-09-01 00:00:00",2022,70002018,A1219150301,1170,695,386
"2021-09-01 00:00:00",2022,70002018,A1219150302,198,731,387
"2021-09-01 00:00:00",2022,70002018,A1219150303,440,427,388
"2021-09-01 00:00:00",2022,70002018,A1319150401,245,386,389
"2021-09-01 00:00:00",2022,70002018,A1320150402,1097,733,390
"2021-09-01 00:00:00",2022,70002018,A1320150403,904,800,391
"2021-09-01 00:00:00",2022,70002018,A1420150501,1050,196,392
"2021-09-01 00:00:00",2022,70002018,A1420150502,599,517,393
"2021-09-01 00:00:00",2022,70002018,A1421150503,599,537,394
"2021-09-01 00:00:00",2022,70002018,A1521150601,391,275,395
"2021-09-01 00:00:00",2022,70002018,A1521150602,404,334,396
"2021-09-01 00:00:00",2022,70002018,A1521150603,198,241,397
"2021-09-01 00:00:00",2022,70002018,A1718150201,597,359,398
"2021-09-01 00:00:00",2022,70002018,A1718150202,589,360,399
"2021-09-01 00:00:00",2022,70002018,A1718150203,731,417,400
"2021-09-01 00:00:00",2022,70002018,A1718150204,626,664,401
"2021-09-01 00:00:00",2022,70002018,A1819150301,844,98,402
"2021-09-01 00:00:00",2022,70002018,A1819150302,726,329,403
"2021-09-01 00:00:00",2022,70002018,A1819150303,584,696,404
"2021-09-01 00:00:00",2022,70002018,A1819150304,984,465,405
"2021-09-01 00:00:00",2022,70002018,A1919150401,938,641,406
"2021-09-01 00:00:00",2022,70002018,A1919150402,191,133,407
"2021-09-01 00:00:00",2022,70002018,A1919150403,1000,629,408
"2021-09-01 00:00:00",2022,70002018,A1920150404,202,190,409
"2021-09-01 00:00:00",2022,70002018,A2020150501,866,632,410
"2021-09-01 00:00:00",2022,70002018,A2020150502,352,338,411
"2021-09-01 00:00:00",2022,70002018,A2021150503,708,564,412
"2021-09-01 00:00:00",2022,70002018,A2021150504,484,524,413
"2021-09-01 00:00:00",2022,70002018,A2118150103,183,872,414
"2021-09-01 00:00:00",2022,70002018,A2118150104,1154,912,415
"2021-09-01 00:00:00",2022,70002018,A2118150105,764,925,416
"2021-09-01 00:00:00",2022,70002018,A2118150106,761,826,417
"2021-09-01 00:00:00",2022,70002018,A2218150201,664,704,418
"2021-09-01 00:00:00",2022,70002018,A2218150202,297,800,419
"2021-09-01 00:00:00",2022,70002018,A2219150203,302,750,420
"2021-09-01 00:00:00",2022,70002018,A2219150204,1054,921,421
"2021-09-01 00:00:00",2022,70002018,A2219150205,621,651,422
"2021-09-01 00:00:00",2022,70002018,A2219150206,407,266,423
"2021-09-01 00:00:00",2022,70002018,A2319150301,614,514,424
"2021-09-01 00:00:00",2022,70002018,A2319150302,447,1102,425
"2021-09-01 00:00:00",2022,70002018,A2319150303,1066,399,426
"2021-09-01 00:00:00",2022,70002018,A2319150304,875,211,427
"2021-09-01 00:00:00",2022,70002018,A2319150305,768,1069,428
"2021-09-01 00:00:00",2022,70002018,A2319150306,297,1091,429
"2021-09-01 00:00:00",2022,70002018,A2419150401,971,250,430
"2021-09-01 00:00:00",2022,70002018,A2419150402,742,771,431
"2021-09-01 00:00:00",2022,70002018,A2419150403,561,255,432
"2021-09-01 00:00:00",2022,70002018,A2419150404,526,885,433
"2021-09-01 00:00:00",2022,70002018,A2419150405,994,190,434
"2021-09-01 00:00:00",2022,70002018,A2420150406,954,318,435
"2021-09-01 00:00:00",2022,70002018,A2520150501,1182,145,436
"2021-09-01 00:00:00",2022,70002018,A2520150502,309,336,437
"2021-09-01 00:00:00",2022,70002018,A2520150503,716,839,438
"2021-09-01 00:00:00",2022,70002018,A2520150504,925,187,439
"2021-09-01 00:00:00",2022,70002018,A2520150505,645,158,440
"2021-09-01 00:00:00",2022,70002018,A2520150506,1163,827,441
"2021-09-01 00:00:00",2022,70002018,A2620150601,381,351,442
"2021-09-01 00:00:00",2022,70002018,A2620150602,933,435,443
"2021-09-01 00:00:00",2022,70002018,A2620150603,792,236,444
"2021-09-01 00:00:00",2022,70002018,A2620150604,697,165,445
"2021-09-01 00:00:00",2022,70002018,A2620150605,283,403,446
"2021-09-01 00:00:00",2022,70002018,A2620150606,692,859,447
"2021-09-01 00:00:00",2022,70002018,A2720150701,714,354,448
"2021-09-01 00:00:00",2022,70002018,A2721150702,1144,948,449
"2021-09-01 00:00:00",2022,70002018,A2721150703,604,1017,450
"2021-09-01 00:00:00",2022,70002018,A2721150704,1109,1054,451
"2021-09-01 00:00:00",2022,70002018,A2721150705,707,228,452
"2021-09-01 00:00:00",2022,70002018,A2721150706,999,929,453
"2021-09-01 00:00:00",2022,70002018,A2821150801,274,501,454
"2021-09-01 00:00:00",2022,70002018,A2821150802,281,375,455
"2021-09-01 00:00:00",2022,70002018,A2821150803,875,483,456
"2021-09-01 00:00:00",2022,70002018,A2821150804,592,1019,457
"2021-09-01 00:00:00",2022,70002018,A2821150805,1125,248,458
"2021-09-01 00:00:00",2022,70002018,A2821150806,276,483,459
"2021-09-01 00:00:00",2022,70002018,A2918150104,584,403,460
"2021-09-01 00:00:00",2022,70002018,A2918150105,861,575,461
"2021-09-01 00:00:00",2022,70002018,A2918150106,759,422,462
"2021-09-01 00:00:00",2022,70002018,A3018150201,598,668,463
"2021-09-01 00:00:00",2022,70002018,A3018150202,708,624,464
"2021-09-01 00:00:00",2022,70002018,A3018150203,127,548,465
"2021-09-01 00:00:00",2022,70002018,A3019150204,774,416,466
"2021-09-01 00:00:00",2022,70002018,A3019150205,550,248,467
"2021-09-01 00:00:00",2022,70002018,A3019150206,241,641,468
"2021-09-01 00:00:00",2022,70002018,A3119150301,740,810,469
"2021-09-01 00:00:00",2022,70002018,A3119150302,666,547,470
"2021-09-01 00:00:00",2022,70002018,A3119150303,971,894,471
"2021-09-01 00:00:00",2022,70002018,A3120150304,222,864,472
"2021-09-01 00:00:00",2022,70002018,A3120150305,370,444,473
"2021-09-01 00:00:00",2022,70002018,A3120150306,156,783,474
"2021-09-01 00:00:00",2022,70002018,A3220150401,897,958,475
"2021-09-01 00:00:00",2022,70002018,A3220150402,793,715,476
"2021-09-01 00:00:00",2022,70002018,A3220150403,656,147,477
"2021-09-01 00:00:00",2022,70002018,A3220150404,666,1014,478
"2021-09-01 00:00:00",2022,70002018,A3220150405,290,391,479
"2021-09-01 00:00:00",2022,70002018,A3220150406,983,314,480
"2021-09-01 00:00:00",2022,70002018,A3320150501,218,851,481
"2021-09-01 00:00:00",2022,70002018,A3320150502,480,584,482
"2021-09-01 00:00:00",2022,70002018,A3320150503,780,863,483
"2021-09-01 00:00:00",2022,70002018,A3320150504,696,813,484
"2021-09-01 00:00:00",2022,70002018,A3320150505,233,527,485
"2021-09-01 00:00:00",2022,70002018,A3320150506,190,727,486
"2021-09-01 00:00:00",2022,70002018,A3420150601,882,395,487
"2021-09-01 00:00:00",2022,70002018,A3420150602,556,353,488
"2021-09-01 00:00:00",2022,70002018,A3421150603,201,166,489
"2021-09-01 00:00:00",2022,70002018,A3421150604,209,698,490
"2021-09-01 00:00:00",2022,70002018,A3421150605,827,154,491
"2021-09-01 00:00:00",2022,70002018,A3421150606,180,139,492
"2021-09-01 00:00:00",2022,70002018,A3521150701,873,846,493
"2021-09-01 00:00:00",2022,70002018,A3521150702,700,501,494
"2021-09-01 00:00:00",2022,70002018,A3521150703,1047,616,495
"2021-09-01 00:00:00",2022,70002018,A3521150704,630,549,496
"2021-09-01 00:00:00",2022,70002018,A3521150705,924,704,497
"2021-09-01 00:00:00",2022,70002018,A3521150706,273,191,498
"2021-09-01 00:00:00",2022,70002018,A3621150801,882,213,499
"2021-09-01 00:00:00",2022,70002018,A3621150802,856,101,500
"2021-09-01 00:00:00",2022,70002018,A3621150803,484,650,501
"2021-09-01 00:00:00",2022,70002018,A3621150804,795,138,502
"2021-09-01 00:00:00",2022,70002018,A3621150805,241,859,503
"2021-09-01 00:00:00",2022,70002018,A3621150806,825,656,504
"2021-09-01 00:00:00",2022,70002018,A3718150101,1078,590,505
"2021-09-01 00:00:00",2022,70002018,A3718150102,957,506,506
"2021-09-01 00:00:00",2022,70002018,A3718150103,526,682,507
"2021-09-01 00:00:00",2022,70002018,A3718150105,112,229,508
"2021-09-01 00:00:00",2022,70002018,A3818150201,269,178,509
"2021-09-01 00:00:00",2022,70002018,A3818150202,258,601,510
"2021-09-01 00:00:00",2022,70002018,A3819150203,493,83,511
"2021-09-01 00:00:00",2022,70002018,A3819150205,788,523,512
"2021-09-01 00:00:00",2022,70002018,A3920150301,315,706,513
"2021-09-01 00:00:00",2022,70002018,A3920150302,499,86,514
"2021-09-01 00:00:00",2022,70002018,A3920150303,826,133,515
"2021-09-01 00:00:00",2022,70002018,A3920150305,1007,616,516
"2021-09-01 00:00:00",2022,70002018,A4020150401,469,659,517
"2021-09-01 00:00:00",2022,70002018,A4020150402,784,669,518
"2021-09-01 00:00:00",2022,70002018,A4021150403,497,359,519
"2021-09-01 00:00:00",2022,70002018,A4021150404,539,265,520
"2021-09-01 00:00:00",2022,70002018,A4021150405,664,106,521
"2021-09-01 00:00:00",2022,70002018,A4118110105,111,36,522
"2021-09-01 00:00:00",2022,70002018,A4118110106,22,27,523
"2021-09-01 00:00:00",2022,70002018,A4118110107,80,28,524
"2021-09-01 00:00:00",2022,70002018,A4218110201,91,119,525
"2021-09-01 00:00:00",2022,70002018,A4218110202,43,78,526
"2021-09-01 00:00:00",2022,70002018,A4218110203,43,58,527
"2021-09-01 00:00:00",2022,70002018,A4218110204,52,42,528
"2021-09-01 00:00:00",2022,70002018,A4218110205,35,34,529
"2021-09-01 00:00:00",2022,70002018,A4218110206,30,89,530
"2021-09-01 00:00:00",2022,70002018,A4218110207,54,27,531
"2021-09-01 00:00:00",2022,70002018,A4218110208,106,77,532
"2021-09-01 00:00:00",2022,70002018,A4318110301,48,109,533
"2021-09-01 00:00:00",2022,70002018,A4319110302,33,98,534
"2021-09-01 00:00:00",2022,70002018,A4319110303,52,85,535
"2021-09-01 00:00:00",2022,70002018,A4319110304,93,34,536
"2021-09-01 00:00:00",2022,70002018,A4319110305,39,92,537
"2021-09-01 00:00:00",2022,70002018,A4319110306,48,23,538
"2021-09-01 00:00:00",2022,70002018,A4419110401,69,76,539
"2021-09-01 00:00:00",2022,70002018,A4419110402,124,80,540
"2021-09-01 00:00:00",2022,70002018,A4419110403,100,69,541
"2021-09-01 00:00:00",2022,70002018,A4419110404,76,66,542
"2021-09-01 00:00:00",2022,70002018,A4419110405,35,112,543
"2021-09-01 00:00:00",2022,70002018,A4419110406,106,105,544
"2021-09-01 00:00:00",2022,70002018,A4419110407,128,44,545
"2021-09-01 00:00:00",2022,70002018,A4419110408,128,73,546
"2021-09-01 00:00:00",2022,70002018,A4519110501,85,66,547
"2021-09-01 00:00:00",2022,70002018,A4519110502,115,74,548
"2021-09-01 00:00:00",2022,70002018,A4519110503,59,36,549
"2021-09-01 00:00:00",2022,70002018,A4520110504,80,95,550
"2021-09-01 00:00:00",2022,70002018,A4520110505,33,69,551
"2021-09-01 00:00:00",2022,70002018,A4520110506,28,60,552
"2021-09-01 00:00:00",2022,70002018,A4520110507,109,42,553
"2021-09-01 00:00:00",2022,70002018,A4520110508,85,107,554
"2021-09-01 00:00:00",2022,70002018,A4620110601,80,49,555
"2021-09-01 00:00:00",2022,70002018,A4620110602,98,30,556
"2021-09-01 00:00:00",2022,70002018,A4620110603,109,75,557
"2021-09-01 00:00:00",2022,70002018,A4620110604,56,118,558
"2021-09-01 00:00:00",2022,70002018,A4620110605,128,62,559
"2021-09-01 00:00:00",2022,70002018,A4620110606,54,69,560
"2021-09-01 00:00:00",2022,70002018,A4620110607,96,71,561
"2021-09-01 00:00:00",2022,70002018,A4620110608,83,44,562
"2021-09-01 00:00:00",2022,70002018,A4720110701,67,37,563
"2021-09-01 00:00:00",2022,70002018,A4720110702,109,126,564
"2021-09-01 00:00:00",2022,70002018,A4721110703,119,23,565
"2021-09-01 00:00:00",2022,70002018,A4721110704,39,63,566
"2021-09-01 00:00:00",2022,70002018,A4721110705,109,85,567
"2021-09-01 00:00:00",2022,70002018,A4721110706,41,33,568
"2021-09-01 00:00:00",2022,70002018,A4721110707,65,60,569
"2021-09-01 00:00:00",2022,70002018,A4721110708,85,104,570
"2021-09-01 00:00:00",2022,70002018,A4821110801,50,114,571
"2021-09-01 00:00:00",2022,70002018,A4821110802,72,31,572
"2021-09-01 00:00:00",2022,70002018,A4821110803,43,110,573
"2021-09-01 00:00:00",2022,70002018,A4821110804,26,71,574
"2021-09-01 00:00:00",2022,70002018,A4821110805,72,39,575
"2021-09-01 00:00:00",2022,70002018,A4821110806,35,104,576
"2021-09-01 00:00:00",2022,70002018,A4821110807,74,31,577
"2021-09-01 00:00:00",2022,70002018,A4821110808,33,64,578
"2021-09-01 00:00:00",2022,70002018,A4918110101,36,127,579
"2021-09-01 00:00:00",2022,70002018,A4918110102,123,43,580
"2021-09-01 00:00:00",2022,70002018,A4918110103,72,124,581
"2021-09-01 00:00:00",2022,70002018,A4918110104,82,25,582
"2021-09-01 00:00:00",2022,70002018,A5018110201,100,73,583
"2021-09-01 00:00:00",2022,70002018,A5018110202,92,114,584
"2021-09-01 00:00:00",2022,70002018,A5018110203,44,144,585
"2021-09-01 00:00:00",2022,70002018,A5018110204,74,81,586
"2021-09-01 00:00:00",2022,70002018,A5018110205,90,129,587
"2021-09-01 00:00:00",2022,70002018,A5018110206,44,69,588
"2021-09-01 00:00:00",2022,70002018,A5018110207,149,42,589
"2021-09-01 00:00:00",2022,70002018,A5019110208,41,69,590
"2021-09-01 00:00:00",2022,70002018,A5119110301,98,56,591
"2021-09-01 00:00:00",2022,70002018,A5119110302,154,85,592
"2021-09-01 00:00:00",2022,70002018,A5119110303,41,62,593
"2021-09-01 00:00:00",2022,70002018,A5119110305,69,119,594
"2021-09-01 00:00:00",2022,70002018,A5119110306,87,71,595
"2021-09-01 00:00:00",2022,70002018,A5119110307,85,42,596
"2021-09-01 00:00:00",2022,70002018,A5119110308,98,44,597
"2021-09-01 00:00:00",2022,70002018,A5219110401,118,118,598
"2021-09-01 00:00:00",2022,70002018,A5219110402,131,69,599
"2021-09-01 00:00:00",2022,70002018,A5219110403,49,48,600
"2021-09-01 00:00:00",2022,70002018,A5219110405,146,104,601
"2021-09-01 00:00:00",2022,70002018,A5219110406,136,50,602
"2021-09-01 00:00:00",2022,70002018,A5219110407,136,92,603
"2021-09-01 00:00:00",2022,70002018,A5220110408,56,38,604
"2021-09-01 00:00:00",2022,70002018,A5318110103,103,92,605
"2021-09-01 00:00:00",2022,70002018,A5318110104,136,23,606
"2021-09-01 00:00:00",2022,70002018,A5318110105,55,37,607
"2021-09-01 00:00:00",2022,70002018,A5318110106,28,42,608
"2021-09-01 00:00:00",2022,70002018,A5318110107,131,33,609
"2021-09-01 00:00:00",2022,70002018,A5318110108,93,18,610
"2021-09-01 00:00:00",2022,70002018,A5419110201,58,69,611
"2021-09-01 00:00:00",2022,70002018,A5419110202,70,25,612
"2021-09-01 00:00:00",2022,70002018,A5419110203,138,21,613
"2021-09-01 00:00:00",2022,70002018,A5419110204,100,74,614
"2021-09-01 00:00:00",2022,70002018,A5419110205,121,23,615
"2021-09-01 00:00:00",2022,70002018,A5419110206,85,21,616
"2021-09-01 00:00:00",2022,70002018,A5419110207,55,36,617
"2021-09-01 00:00:00",2022,70002018,A5419110208,105,69,618
"2021-09-01 00:00:00",2022,70002018,A5519110301,118,97,619
"2021-09-01 00:00:00",2022,70002018,A5520110305,83,66,620
"2021-09-01 00:00:00",2022,70002018,A5520110306,40,18,621
"2021-09-01 00:00:00",2022,70002018,A5520110307,83,59,622
"2021-09-01 00:00:00",2022,70002018,A5520110308,33,71,623
"2021-09-01 00:00:00",2022,70002018,A5620110401,113,41,624
"2021-09-01 00:00:00",2022,70002018,A5620110402,80,41,625
"2021-09-01 00:00:00",2022,70002018,A5621110403,80,26,626
"2021-09-01 00:00:00",2022,70002018,A5621110404,116,91,627
"2021-09-01 00:00:00",2022,70002018,A5621110405,68,41,628
"2021-09-01 00:00:00",2022,70002018,A5621110406,35,67,629
"2021-09-01 00:00:00",2022,70002018,A5621110407,110,27,630
"2021-09-01 00:00:00",2022,70002018,A5621110408,28,24,631
"2021-09-01 00:00:00",2022,70002018,A5721110501,35,54,632
"2021-09-01 00:00:00",2022,70002018,A5721110502,133,48,633
"2021-09-01 00:00:00",2022,70002018,A5721110503,126,80,634
"2021-09-01 00:00:00",2022,70002018,A5721110504,45,53,635
"2021-09-01 00:00:00",2022,70002018,A5721110505,108,26,636
"2021-09-01 00:00:00",2022,70002018,A5721110506,70,100,637
"2021-09-01 00:00:00",2022,70002018,A5721110507,95,18,638
"2021-09-01 00:00:00",2022,70002018,A5721110508,33,109,639
"2021-09-01 00:00:00",2022,70002018,A5820110101,80,67,640
"2021-09-01 00:00:00",2022,70002018,A5820110102,95,36,641
"2021-09-01 00:00:00",2022,70002018,A5820110103,62,43,642
"2021-09-01 00:00:00",2022,70002018,A5820110104,110,35,643
"2021-09-01 00:00:00",2022,70002018,A5820110106,141,98,644
"2021-09-01 00:00:00",2022,70002018,A5820110107,100,104,645
"2021-09-01 00:00:00",2022,70002018,A5921110201,39,68,646
"2021-09-01 00:00:00",2022,70002018,A5921110202,144,62,647
"2021-09-01 00:00:00",2022,70002018,A5921110203,54,29,648
"2021-09-01 00:00:00",2022,70002018,A5921110204,69,39,649
"2021-09-01 00:00:00",2022,70002018,A5921110205,74,32,650
"2021-09-01 00:00:00",2022,70002018,A5921110206,33,143,651
"2021-09-01 00:00:00",2022,70002018,A5921110207,82,67,652
"2021-09-01 00:00:00",2022,70002018,A5921110208,36,119,653
"2021-09-01 00:00:00",2022,70002018,A6018110103,69,145,654
"2021-09-01 00:00:00",2022,70002018,A6018110104,137,30,655
"2021-09-01 00:00:00",2022,70002018,A6018110105,103,103,656
"2021-09-01 00:00:00",2022,70002018,A6018110106,62,79,657
"2021-09-01 00:00:00",2022,70002018,A6019110107,80,74,658
"2021-09-01 00:00:00",2022,70002018,A6019110108,110,143,659
"2021-09-01 00:00:00",2022,70002018,A6119110201,132,28,660
"2021-09-01 00:00:00",2022,70002018,A6119110202,114,29,661
"2021-09-01 00:00:00",2022,70002018,A6119110203,59,65,662
"2021-09-01 00:00:00",2022,70002018,A6119110204,91,133,663
"2021-09-01 00:00:00",2022,70002018,A6120110205,64,108,664
"2021-09-01 00:00:00",2022,70002018,A6120110206,34,46,665
"2021-09-01 00:00:00",2022,70002018,A6120110207,101,95,666
"2021-09-01 00:00:00",2022,70002018,A6121110208,30,63,667
"2021-09-01 00:00:00",2022,70002018,A6219160103,956,482,668
"2021-09-01 00:00:00",2022,70002018,A6319160201,200,373,669
"2021-09-01 00:00:00",2022,70002018,A6319160202,682,174,670
"2021-09-01 00:00:00",2022,70002018,A6319160203,297,654,671
"2021-09-01 00:00:00",2022,70002018,A6419160301,396,94,672
"2021-09-01 00:00:00",2022,70002018,A6419160302,454,299,673
"2021-09-01 00:00:00",2022,70002018,A6419160303,1050,723,674
"2021-09-01 00:00:00",2022,70002018,A6519160401,120,816,675
"2021-09-01 00:00:00",2022,70002018,A6520160402,912,315,676
"2021-09-01 00:00:00",2022,70002018,A6520160403,887,683,677
"2021-09-01 00:00:00",2022,70002018,A6620160501,914,251,678
"2021-09-01 00:00:00",2022,70002018,A6620160502,613,453,679
"2021-09-01 00:00:00",2022,70002018,A6621160503,1007,727,680
"2021-09-01 00:00:00",2022,70002018,A6720160103,213,507,681
"2021-09-01 00:00:00",2022,70002018,A6818160201,688,509,682
"2021-09-01 00:00:00",2022,70002018,A6818160202,475,445,683
"2021-09-01 00:00:00",2022,70002018,A6819160203,951,870,684
"2021-09-01 00:00:00",2022,70002018,A7219160201,327,163,685
"2021-09-01 00:00:00",2022,70002018,A7220160202,258,604,686
"2021-09-01 00:00:00",2022,70002018,A7220160203,108,247,687
"2021-09-01 00:00:00",2022,70002018,A7321160301,215,171,688
"2021-09-01 00:00:00",2022,70002018,A7321160302,597,499,689
"2021-09-01 00:00:00",2022,70002018,A7321160303,716,450,690
"2021-09-01 00:00:00",2022,70003181,A0118150103,393,370,691
"2021-09-01 00:00:00",2022,70003181,A0118150104,166,100,692
"2021-09-01 00:00:00",2022,70003181,A0219150201,294,213,693
"2021-09-01 00:00:00",2022,70003181,A0219150202,174,147,694
"2021-09-01 00:00:00",2022,70003181,A0220150203,296,50,695
"2021-09-01 00:00:00",2022,70003181,A0320150301,119,326,696
"2021-09-01 00:00:00",2022,70003181,A0321150302,489,150,697
"2021-09-01 00:00:00",2022,70003181,A0321150303,165,192,698
"2021-09-01 00:00:00",2022,70003181,A0418150103,494,215,699
"2021-09-01 00:00:00",2022,70003181,A0418150104,513,136,700
"2021-09-01 00:00:00",2022,70003181,A0418150105,389,388,701
"2021-09-01 00:00:00",2022,70003181,A0418150106,167,202,702
"2021-09-01 00:00:00",2022,70003181,A0519150204,219,225,703
"2021-09-01 00:00:00",2022,70003181,A0519150205,286,46,704
"2021-09-01 00:00:00",2022,70003181,A0519150206,105,481,705
"2021-09-01 00:00:00",2022,70003181,A0519150207,442,344,706
"2021-09-01 00:00:00",2022,70003181,A0519150208,295,241,707
"2021-09-01 00:00:00",2022,70003181,A0619150301,254,155,708
"2021-09-01 00:00:00",2022,70003181,A0619150302,430,294,709
"2021-09-01 00:00:00",2022,70003181,A0620150303,561,368,710
"2021-09-01 00:00:00",2022,70003181,A0620150304,508,357,711
"2021-09-01 00:00:00",2022,70003181,A0620150305,397,73,712
"2021-09-01 00:00:00",2022,70003181,A0620150306,497,374,713
"2021-09-01 00:00:00",2022,70003181,A0621150307,556,161,714
"2021-09-01 00:00:00",2022,70003181,A0621150308,157,410,715
"2021-09-01 00:00:00",2022,70003181,A0721150401,406,75,716
"2021-09-01 00:00:00",2022,70003181,A0721150402,300,209,717
"2021-09-01 00:00:00",2022,70003181,A0721150403,319,548,718
"2021-09-01 00:00:00",2022,70003181,A0721150404,135,354,719
"2021-09-01 00:00:00",2022,70003181,A0821150501,586,181,720
"2021-09-01 00:00:00",2022,70003181,A0821150502,161,400,721
"2021-09-01 00:00:00",2022,70003181,A0821150503,391,361,722
"2021-09-01 00:00:00",2022,70003181,A0821150504,458,274,723
"2021-09-01 00:00:00",2022,70003181,A0921150601,225,384,724
"2021-09-01 00:00:00",2022,70003181,A0921150602,208,335,725
"2021-09-01 00:00:00",2022,70003181,A0921150603,304,100,726
"2021-09-01 00:00:00",2022,70003181,A0921150604,270,243,727
"2021-09-01 00:00:00",2022,70003181,A1118150201,442,159,728
"2021-09-01 00:00:00",2022,70003181,A1118150202,559,47,729
"2021-09-01 00:00:00",2022,70003181,A1119150203,116,195,730
"2021-09-01 00:00:00",2022,70003181,A1219150301,359,178,731
"2021-09-01 00:00:00",2022,70003181,A1219150302,619,115,732
"2021-09-01 00:00:00",2022,70003181,A1219150303,490,187,733
"2021-09-01 00:00:00",2022,70003181,A1319150401,172,189,734
"2021-09-01 00:00:00",2022,70003181,A1320150402,346,324,735
"2021-09-01 00:00:00",2022,70003181,A1320150403,352,190,736
"2021-09-01 00:00:00",2022,70003181,A1420150501,277,82,737
"2021-09-01 00:00:00",2022,70003181,A1420150502,116,508,738
"2021-09-01 00:00:00",2022,70003181,A1421150503,282,356,739
"2021-09-01 00:00:00",2022,70003181,A1521150601,268,307,740
"2021-09-01 00:00:00",2022,70003181,A1521150602,230,463,741
"2021-09-01 00:00:00",2022,70003181,A1521150603,515,425,742
"2021-09-01 00:00:00",2022,70003181,A1718150201,379,279,743
"2021-09-01 00:00:00",2022,70003181,A1718150202,423,57,744
"2021-09-01 00:00:00",2022,70003181,A1718150203,73,347,745
"2021-09-01 00:00:00",2022,70003181,A1718150204,193,238,746
"2021-09-01 00:00:00",2022,70003181,A1819150301,189,303,747
"2021-09-01 00:00:00",2022,70003181,A1819150302,491,233,748
"2021-09-01 00:00:00",2022,70003181,A1819150303,253,236,749
"2021-09-01 00:00:00",2022,70003181,A1819150304,377,76,750
"2021-09-01 00:00:00",2022,70003181,A1919150401,363,72,751
"2021-09-01 00:00:00",2022,70003181,A1919150402,406,221,752
"2021-09-01 00:00:00",2022,70003181,A1919150403,87,191,753
"2021-09-01 00:00:00",2022,70003181,A1920150404,437,83,754
"2021-09-01 00:00:00",2022,70003181,A2020150501,291,55,755
"2021-09-01 00:00:00",2022,70003181,A2020150502,225,423,756
"2021-09-01 00:00:00",2022,70003181,A2021150503,201,180,757
"2021-09-01 00:00:00",2022,70003181,A2021150504,388,300,758
"2021-09-01 00:00:00",2022,70003181,A2118150103,218,148,759
"2021-09-01 00:00:00",2022,70003181,A2118150104,319,268,760
"2021-09-01 00:00:00",2022,70003181,A2118150105,151,521,761
"2021-09-01 00:00:00",2022,70003181,A2118150106,445,397,762
"2021-09-01 00:00:00",2022,70003181,A2218150201,370,289,763
"2021-09-01 00:00:00",2022,70003181,A2218150202,162,329,764
"2021-09-01 00:00:00",2022,70003181,A2219150203,178,485,765
"2021-09-01 00:00:00",2022,70003181,A2219150204,118,267,766
"2021-09-01 00:00:00",2022,70003181,A2219150205,131,476,767
"2021-09-01 00:00:00",2022,70003181,A2219150206,491,360,768
"2021-09-01 00:00:00",2022,70003181,A2319150301,276,282,769
"2021-09-01 00:00:00",2022,70003181,A2319150302,559,488,770
"2021-09-01 00:00:00",2022,70003181,A2319150303,511,253,771
"2021-09-01 00:00:00",2022,70003181,A2319150304,341,269,772
"2021-09-01 00:00:00",2022,70003181,A2319150305,416,501,773
"2021-09-01 00:00:00",2022,70003181,A2319150306,514,384,774
"2021-09-01 00:00:00",2022,70003181,A2419150401,221,321,775
"2021-09-01 00:00:00",2022,70003181,A2419150402,355,137,776
"2021-09-01 00:00:00",2022,70003181,A2419150403,270,418,777
"2021-09-01 00:00:00",2022,70003181,A2419150404,396,417,778
"2021-09-01 00:00:00",2022,70003181,A2419150405,341,523,779
"2021-09-01 00:00:00",2022,70003181,A2420150406,370,522,780
"2021-09-01 00:00:00",2022,70003181,A2520150501,557,306,781
"2021-09-01 00:00:00",2022,70003181,A2520150502,313,667,782
"2021-09-01 00:00:00",2022,70003181,A2520150503,191,219,783
"2021-09-01 00:00:00",2022,70003181,A2520150504,137,445,784
"2021-09-01 00:00:00",2022,70003181,A2520150505,538,492,785
"2021-09-01 00:00:00",2022,70003181,A2520150506,243,83,786
"2021-09-01 00:00:00",2022,70003181,A2620150601,392,571,787
"2021-09-01 00:00:00",2022,70003181,A2620150602,81,272,788
"2021-09-01 00:00:00",2022,70003181,A2620150603,319,333,789
"2021-09-01 00:00:00",2022,70003181,A2620150604,236,610,790
"2021-09-01 00:00:00",2022,70003181,A2620150605,281,166,791
"2021-09-01 00:00:00",2022,70003181,A2620150606,128,608,792
"2021-09-01 00:00:00",2022,70003181,A2720150701,329,470,793
"2021-09-01 00:00:00",2022,70003181,A2721150702,384,563,794
"2021-09-01 00:00:00",2022,70003181,A2721150703,505,178,795
"2021-09-01 00:00:00",2022,70003181,A2721150704,352,94,796
"2021-09-01 00:00:00",2022,70003181,A2721150705,189,275,797
"2021-09-01 00:00:00",2022,70003181,A2721150706,395,123,798
"2021-09-01 00:00:00",2022,70003181,A2821150801,215,180,799
"2021-09-01 00:00:00",2022,70003181,A2821150802,308,586,800
"2021-09-01 00:00:00",2022,70003181,A2821150803,410,493,801
"2021-09-01 00:00:00",2022,70003181,A2821150804,372,325,802
"2021-09-01 00:00:00",2022,70003181,A2821150805,328,398,803
"2021-09-01 00:00:00",2022,70003181,A2821150806,516,430,804
"2021-09-01 00:00:00",2022,70003181,A2918150104,92,117,805
"2021-09-01 00:00:00",2022,70003181,A2918150105,486,187,806
"2021-09-01 00:00:00",2022,70003181,A2918150106,394,358,807
"2021-09-01 00:00:00",2022,70003181,A3018150201,146,253,808
"2021-09-01 00:00:00",2022,70003181,A3018150202,473,143,809
"2021-09-01 00:00:00",2022,70003181,A3018150203,457,486,810
"2021-09-01 00:00:00",2022,70003181,A3019150204,287,252,811
"2021-09-01 00:00:00",2022,70003181,A3019150205,398,257,812
"2021-09-01 00:00:00",2022,70003181,A3019150206,286,384,813
"2021-09-01 00:00:00",2022,70003181,A3119150301,437,297,814
"2021-09-01 00:00:00",2022,70003181,A3119150302,226,362,815
"2021-09-01 00:00:00",2022,70003181,A3119150303,407,400,816
"2021-09-01 00:00:00",2022,70003181,A3120150304,406,138,817
"2021-09-01 00:00:00",2022,70003181,A3120150305,272,460,818
"2021-09-01 00:00:00",2022,70003181,A3120150306,161,217,819
"2021-09-01 00:00:00",2022,70003181,A3220150401,371,428,820
"2021-09-01 00:00:00",2022,70003181,A3220150402,262,75,821
"2021-09-01 00:00:00",2022,70003181,A3220150403,287,348,822
"2021-09-01 00:00:00",2022,70003181,A3220150404,439,56,823
"2021-09-01 00:00:00",2022,70003181,A3220150405,246,248,824
"2021-09-01 00:00:00",2022,70003181,A3220150406,247,393,825
"2021-09-01 00:00:00",2022,70003181,A3320150501,62,588,826
"2021-09-01 00:00:00",2022,70003181,A3320150502,134,424,827
"2021-09-01 00:00:00",2022,70003181,A3320150503,353,221,828
"2021-09-01 00:00:00",2022,70003181,A3320150504,500,126,829
"2021-09-01 00:00:00",2022,70003181,A3320150505,481,246,830
"2021-09-01 00:00:00",2022,70003181,A3320150506,228,392,831
"2021-09-01 00:00:00",2022,70003181,A3420150601,134,517,832
"2021-09-01 00:00:00",2022,70003181,A3420150602,198,398,833
"2021-09-01 00:00:00",2022,70003181,A3421150603,364,406,834
"2021-09-01 00:00:00",2022,70003181,A3421150604,294,450,835
"2021-09-01 00:00:00",2022,70003181,A3421150605,399,266,836
"2021-09-01 00:00:00",2022,70003181,A3421150606,287,333,837
"2021-09-01 00:00:00",2022,70003181,A3521150701,314,487,838
"2021-09-01 00:00:00",2022,70003181,A3521150702,73,544,839
"2021-09-01 00:00:00",2022,70003181,A3521150703,163,131,840
"2021-09-01 00:00:00",2022,70003181,A3521150704,64,74,841
"2021-09-01 00:00:00",2022,70003181,A3521150705,500,310,842
"2021-09-01 00:00:00",2022,70003181,A3521150706,193,374,843
"2021-09-01 00:00:00",2022,70003181,A3621150801,146,386,844
"2021-09-01 00:00:00",2022,70003181,A3621150802,287,319,845
"2021-09-01 00:00:00",2022,70003181,A3621150803,194,442,846
"2021-09-01 00:00:00",2022,70003181,A3621150804,261,155,847
"2021-09-01 00:00:00",2022,70003181,A3621150805,91,455,848
"2021-09-01 00:00:00",2022,70003181,A3621150806,64,393,849
"2021-09-01 00:00:00",2022,70003181,A3718150101,275,333,850
"2021-09-01 00:00:00",2022,70003181,A3718150102,288,131,851
"2021-09-01 00:00:00",2022,70003181,A3718150103,337,305,852
"2021-09-01 00:00:00",2022,70003181,A3718150105,364,342,853
"2021-09-01 00:00:00",2022,70003181,A3818150201,257,195,854
"2021-09-01 00:00:00",2022,70003181,A3818150202,230,306,855
"2021-09-01 00:00:00",2022,70003181,A3819150203,505,194,856
"2021-09-01 00:00:00",2022,70003181,A3819150205,402,253,857
"2021-09-01 00:00:00",2022,70003181,A3920150301,375,250,858
"2021-09-01 00:00:00",2022,70003181,A3920150302,358,215,859
"2021-09-01 00:00:00",2022,70003181,A3920150303,304,77,860
"2021-09-01 00:00:00",2022,70003181,A3920150305,195,357,861
"2021-09-01 00:00:00",2022,70003181,A4020150401,239,281,862
"2021-09-01 00:00:00",2022,70003181,A4020150402,261,148,863
"2021-09-01 00:00:00",2022,70003181,A4021150403,65,64,864
"2021-09-01 00:00:00",2022,70003181,A4021150404,414,198,865
"2021-09-01 00:00:00",2022,70003181,A4021150405,280,125,866
"2021-09-01 00:00:00",2022,70003181,A4118110105,50,19,867
"2021-09-01 00:00:00",2022,70003181,A4118110106,50,51,868
"2021-09-01 00:00:00",2022,70003181,A4118110107,57,33,869
"2021-09-01 00:00:00",2022,70003181,A4218110201,35,42,870
"2021-09-01 00:00:00",2022,70003181,A4218110202,47,54,871
"2021-09-01 00:00:00",2022,70003181,A4218110203,28,48,872
"2021-09-01 00:00:00",2022,70003181,A4218110204,48,55,873
"2021-09-01 00:00:00",2022,70003181,A4218110205,15,12,874
"2021-09-01 00:00:00",2022,70003181,A4218110206,24,53,875
"2021-09-01 00:00:00",2022,70003181,A4218110207,33,21,876
"2021-09-01 00:00:00",2022,70003181,A4218110208,15,12,877
"2021-09-01 00:00:00",2022,70003181,A4318110301,30,51,878
"2021-09-01 00:00:00",2022,70003181,A4319110302,28,19,879
"2021-09-01 00:00:00",2022,70003181,A4319110303,37,53,880
"2021-09-01 00:00:00",2022,70003181,A4319110304,45,50,881
"2021-09-01 00:00:00",2022,70003181,A4319110305,20,34,882
"2021-09-01 00:00:00",2022,70003181,A4319110306,45,47,883
"2021-09-01 00:00:00",2022,70003181,A4419110401,38,71,884
"2021-09-01 00:00:00",2022,70003181,A4419110402,28,36,885
"2021-09-01 00:00:00",2022,70003181,A4419110403,61,66,886
"2021-09-01 00:00:00",2022,70003181,A4419110404,16,54,887
"2021-09-01 00:00:00",2022,70003181,A4419110405,35,68,888
"2021-09-01 00:00:00",2022,70003181,A4419110406,51,14,889
"2021-09-01 00:00:00",2022,70003181,A4419110407,21,39,890
"2021-09-01 00:00:00",2022,70003181,A4419110408,44,18,891
"2021-09-01 00:00:00",2022,70003181,A4519110501,32,33,892
"2021-09-01 00:00:00",2022,70003181,A4519110502,22,67,893
"2021-09-01 00:00:00",2022,70003181,A4519110503,14,38,894
"2021-09-01 00:00:00",2022,70003181,A4520110504,18,32,895
"2021-09-01 00:00:00",2022,70003181,A4520110505,36,31,896
"2021-09-01 00:00:00",2022,70003181,A4520110506,35,16,897
"2021-09-01 00:00:00",2022,70003181,A4520110507,38,23,898
"2021-09-01 00:00:00",2022,70003181,A4520110508,51,33,899
"2021-09-01 00:00:00",2022,70003181,A4620110601,55,20,900
"2021-09-01 00:00:00",2022,70003181,A4620110602,28,49,901
"2021-09-01 00:00:00",2022,70003181,A4620110603,19,19,902
"2021-09-01 00:00:00",2022,70003181,A4620110604,41,37,903
"2021-09-01 00:00:00",2022,70003181,A4620110605,56,48,904
"2021-09-01 00:00:00",2022,70003181,A4620110606,55,48,905
"2021-09-01 00:00:00",2022,70003181,A4620110607,47,53,906
"2021-09-01 00:00:00",2022,70003181,A4620110608,25,54,907
"2021-09-01 00:00:00",2022,70003181,A4720110701,58,71,908
"2021-09-01 00:00:00",2022,70003181,A4720110702,32,45,909
"2021-09-01 00:00:00",2022,70003181,A4721110703,55,68,910
"2021-09-01 00:00:00",2022,70003181,A4721110704,11,44,911
"2021-09-01 00:00:00",2022,70003181,A4721110705,43,18,912
"2021-09-01 00:00:00",2022,70003181,A4721110706,23,42,913
"2021-09-01 00:00:00",2022,70003181,A4721110707,50,58,914
"2021-09-01 00:00:00",2022,70003181,A4721110708,40,30,915
"2021-09-01 00:00:00",2022,70003181,A4821110801,28,12,916
"2021-09-01 00:00:00",2022,70003181,A4821110802,20,57,917
"2021-09-01 00:00:00",2022,70003181,A4821110803,10,25,918
"2021-09-01 00:00:00",2022,70003181,A4821110804,16,26,919
"2021-09-01 00:00:00",2022,70003181,A4821110805,57,36,920
"2021-09-01 00:00:00",2022,70003181,A4821110806,15,63,921
"2021-09-01 00:00:00",2022,70003181,A4821110807,59,15,922
"2021-09-01 00:00:00",2022,70003181,A4821110808,27,39,923
"2021-09-01 00:00:00",2022,70003181,A4918110101,16,22,924
"2021-09-01 00:00:00",2022,70003181,A4918110102,25,73,925
"2021-09-01 00:00:00",2022,70003181,A4918110103,68,22,926
"2021-09-01 00:00:00",2022,70003181,A4918110104,17,21,927
"2021-09-01 00:00:00",2022,70003181,A5018110201,17,68,928
"2021-09-01 00:00:00",2022,70003181,A5018110202,60,45,929
"2021-09-01 00:00:00",2022,70003181,A5018110203,54,55,930
"2021-09-01 00:00:00",2022,70003181,A5018110204,65,51,931
"2021-09-01 00:00:00",2022,70003181,A5018110205,64,59,932
"2021-09-01 00:00:00",2022,70003181,A5018110206,32,45,933
"2021-09-01 00:00:00",2022,70003181,A5018110207,31,59,934
"2021-09-01 00:00:00",2022,70003181,A5019110208,16,43,935
"2021-09-01 00:00:00",2022,70003181,A5119110301,53,65,936
"2021-09-01 00:00:00",2022,70003181,A5119110302,58,17,937
"2021-09-01 00:00:00",2022,70003181,A5119110303,73,31,938
"2021-09-01 00:00:00",2022,70003181,A5119110305,60,31,939
"2021-09-01 00:00:00",2022,70003181,A5119110306,32,75,940
"2021-09-01 00:00:00",2022,70003181,A5119110307,74,46,941
"2021-09-01 00:00:00",2022,70003181,A5119110308,73,15,942
"2021-09-01 00:00:00",2022,70003181,A5219110401,50,68,943
"2021-09-01 00:00:00",2022,70003181,A5219110402,59,52,944
"2021-09-01 00:00:00",2022,70003181,A5219110403,69,22,945
"2021-09-01 00:00:00",2022,70003181,A5219110405,73,48,946
"2021-09-01 00:00:00",2022,70003181,A5219110406,20,74,947
"2021-09-01 00:00:00",2022,70003181,A5219110407,26,57,948
"2021-09-01 00:00:00",2022,70003181,A5220110408,50,58,949
"2021-09-01 00:00:00",2022,70003181,A5318110103,18,25,950
"2021-09-01 00:00:00",2022,70003181,A5318110104,17,24,951
"2021-09-01 00:00:00",2022,70003181,A5318110105,64,32,952
"2021-09-01 00:00:00",2022,70003181,A5318110106,63,27,953
"2021-09-01 00:00:00",2022,70003181,A5318110107,16,28,954
"2021-09-01 00:00:00",2022,70003181,A5318110108,71,21,955
"2021-09-01 00:00:00",2022,70003181,A5419110201,61,18,956
"2021-09-01 00:00:00",2022,70003181,A5419110202,53,34,957
"2021-09-01 00:00:00",2022,70003181,A5419110203,23,51,958
"2021-09-01 00:00:00",2022,70003181,A5419110204,16,39,959
"2021-09-01 00:00:00",2022,70003181,A5419110205,46,14,960
"2021-09-01 00:00:00",2022,70003181,A5419110206,19,32,961
"2021-09-01 00:00:00",2022,70003181,A5419110207,42,41,962
"2021-09-01 00:00:00",2022,70003181,A5419110208,25,34,963
"2021-09-01 00:00:00",2022,70003181,A5519110301,30,34,964
"2021-09-01 00:00:00",2022,70003181,A5520110305,26,56,965
"2021-09-01 00:00:00",2022,70003181,A5520110306,47,37,966
"2021-09-01 00:00:00",2022,70003181,A5520110307,30,47,967
"2021-09-01 00:00:00",2022,70003181,A5520110308,47,16,968
"2021-09-01 00:00:00",2022,70003181,A5620110401,58,40,969
"2021-09-01 00:00:00",2022,70003181,A5620110402,46,52,970
"2021-09-01 00:00:00",2022,70003181,A5621110403,55,43,971
"2021-09-01 00:00:00",2022,70003181,A5621110404,13,21,972
"2021-09-01 00:00:00",2022,70003181,A5621110405,22,51,973
"2021-09-01 00:00:00",2022,70003181,A5621110406,46,56,974
"2021-09-01 00:00:00",2022,70003181,A5621110407,55,52,975
"2021-09-01 00:00:00",2022,70003181,A5621110408,38,39,976
"2021-09-01 00:00:00",2022,70003181,A5721110501,43,52,977
"2021-09-01 00:00:00",2022,70003181,A5721110502,50,51,978
"2021-09-01 00:00:00",2022,70003181,A5721110503,69,25,979
"2021-09-01 00:00:00",2022,70003181,A5721110504,59,16,980
"2021-09-01 00:00:00",2022,70003181,A5721110505,44,20,981
"2021-09-01 00:00:00",2022,70003181,A5721110506,46,20,982
"2021-09-01 00:00:00",2022,70003181,A5721110507,50,46,983
"2021-09-01 00:00:00",2022,70003181,A5721110508,22,55,984
"2021-09-01 00:00:00",2022,70003181,A5820110101,23,43,985
"2021-09-01 00:00:00",2022,70003181,A5820110102,57,37,986
"2021-09-01 00:00:00",2022,70003181,A5820110103,43,28,987
"2021-09-01 00:00:00",2022,70003181,A5820110104,15,36,988
"2021-09-01 00:00:00",2022,70003181,A5820110106,36,79,989
"2021-09-01 00:00:00",2022,70003181,A5820110107,47,18,990
"2021-09-01 00:00:00",2022,70003181,A5921110201,57,41,991
"2021-09-01 00:00:00",2022,70003181,A5921110202,49,56,992
"2021-09-01 00:00:00",2022,70003181,A5921110203,17,60,993
"2021-09-01 00:00:00",2022,70003181,A5921110204,21,58,994
"2021-09-01 00:00:00",2022,70003181,A5921110205,68,20,995
"2021-09-01 00:00:00",2022,70003181,A5921110206,60,28,996
"2021-09-01 00:00:00",2022,70003181,A5921110207,17,66,997
"2021-09-01 00:00:00",2022,70003181,A5921110208,41,23,998
"2021-09-01 00:00:00",2022,70003181,A6018110103,37,39,999
"2021-09-01 00:00:00",2022,70003181,A6018110104,12,36,1000
