customer_code,product_code,date,discounts_pct,other_deductions_pct,rn
70002017,A0118150101,2017-09-01,0.2659568373,0.0718706275,1
70002017,A0118150101,2017-10-01,0.3089921425,0.0976271962,1
70002017,A0118150101,2017-11-01,0.3312678749,0.0752107404,1
70002017,A0118150101,2018-01-01,0.2957916324,0.0720356315,1
70002017,A0118150101,2018-02-01,0.3207865527,0.0793345762,1
70002017,A0118150101,2018-03-01,0.2634826863,0.1007454661,1
70002017,A0118150101,2018-05-01,0.2231491730,0.0819604740,1
70002017,A0118150101,2018-06-01,0.3019501683,0.0791333546,1
70002017,A0118150101,2018-07-01,0.3123406450,0.0929448730,1
70002017,A0118150101,2018-09-01,0.1529892753,0.1288416933,1
70002017,A0118150101,2018-10-01,0.1363416588,0.1542408716,1
70002017,A0118150101,2018-11-01,0.1520556091,0.1641016938,1
70002017,A0118150101,2019-01-01,0.1762085388,0.1385575427,1
70002017,A0118150101,2019-02-01,0.1843797085,0.1635358754,1
70002017,A0118150101,2019-03-01,0.1627781783,0.1412536983,1
70002017,A0118150101,2019-05-01,0.1552895826,0.1555452226,1
70002017,A0118150101,2019-06-01,0.1595257310,0.1198408090,1
70002017,A0118150101,2019-07-01,0.1760195453,0.1364768973,1
70002017,A0118150101,2019-09-01,0.2980823598,0.1101332448,1
70002017,A0118150101,2019-10-01,0.2354457061,0.0857880277,1
70002017,A0118150101,2019-11-01,0.3055894276,0.1090681233,1
70002017,A0118150101,2020-01-01,0.3240221049,0.0889596013,1
70002017,A0118150101,2020-02-01,0.3220230811,0.1186757971,1
70002017,A0118150101,2020-03-01,0.3026267490,0.1109380988,1
70002017,A0118150101,2020-05-01,0.2792398237,0.1097538691,1
70002017,A0118150101,2020-06-01,0.2355588522,0.0823578913,1
70002017,A0118150101,2020-07-01,0.3045371055,0.0844928832,1
70002017,A0118150101,2020-09-01,0.2802363078,0.1216090968,1
70002017,A0118150101,2020-10-01,0.2235979957,0.1635540825,1
70002017,A0118150101,2020-11-01,0.2871451233,0.1640000036,1
70002017,A0118150101,2021-01-01,0.2655611673,0.1353865149,1
70002017,A0118150101,2021-02-01,0.2318227813,0.1250036543,1
70002017,A0118150101,2021-03-01,0.2658813079,0.1409363719,1
70002017,A0118150101,2021-05-01,0.2451064602,0.1380771925,1
70002017,A0118150101,2021-06-01,0.2536679203,0.1306211403,1
70002017,A0118150101,2021-07-01,0.2397944011,0.1520873568,1
70002017,A0118150103,2021-09-01,0.2848199509,0.0700157045,1
70002017,A0118150103,2021-10-01,0.2214764212,0.0979331808,1
70002017,A0118150103,2021-11-01,0.3013620235,0.0998933704,1
70002017,A0118150103,2022-01-01,0.3205333363,0.0837766145,1
70002017,A0118150103,2022-02-01,0.3291758653,0.0638550754,1
70002017,A0118150103,2022-03-01,0.2992327353,0.0706929971,1
70002017,A0118150103,2022-05-01,0.2630637851,0.0878535248,1
70002017,A0118150103,2022-06-01,0.2551885502,0.0807622669,1
70002017,A0118150103,2022-07-01,0.2533833305,0.0908611628,1
70002018,A0118150101,2017-09-01,0.3189476612,0.0823613747,1
70002018,A0118150101,2017-10-01,0.2723515634,0.0985196370,1
70002018,A0118150101,2017-12-01,0.3327504505,0.0871114747,1
70002018,A0118150101,2018-01-01,0.3219415198,0.1035830297,1
70002018,A0118150101,2018-02-01,0.2830849456,0.0894588960,1
70002018,A0118150101,2018-04-01,0.2731918309,0.0683837657,1
70002018,A0118150101,2018-05-01,0.2332195928,0.0858295826,1
70002018,A0118150101,2018-06-01,0.2496216903,0.0792647618,1
70002018,A0118150101,2018-08-01,0.2601665743,0.0977660709,1
70002018,A0118150101,2018-09-01,0.1569660566,0.1513033340,1
70002018,A0118150101,2018-10-01,0.1506642484,0.1213889125,1
70002018,A0118150101,2018-12-01,0.1580999933,0.1405098110,1
70002018,A0118150101,2019-01-01,0.1738218911,0.1581522821,1
70002018,A0118150101,2019-02-01,0.1382404260,0.1428450578,1
70002018,A0118150101,2019-04-01,0.1267686386,0.1222057851,1
70002018,A0118150101,2019-05-01,0.1719110973,0.1596288213,1
70002018,A0118150101,2019-06-01,0.1531641713,0.1044265928,1
70002018,A0118150101,2019-08-01,0.1302039945,0.1267983928,1
70002018,A0118150101,2019-09-01,0.3450844874,0.1101773327,1
70002018,A0118150101,2019-10-01,0.3325083094,0.1192545617,1
70002018,A0118150101,2019-12-01,0.3073189421,0.0908166773,1
70002018,A0118150101,2020-01-01,0.3133655319,0.1066631174,1
70002018,A0118150101,2020-02-01,0.3312775057,0.0905510782,1
70002018,A0118150101,2020-04-01,0.3387996963,0.0857448119,1
70002018,A0118150101,2020-05-01,0.3042478939,0.1085142781,1
70002018,A0118150101,2020-06-01,0.3238102276,0.1159504721,1
70002018,A0118150101,2020-08-01,0.2364218070,0.0974801166,1
70002018,A0118150101,2020-09-01,0.2742051249,0.1400041562,1
70002018,A0118150101,2020-10-01,0.2736780681,0.1496270085,1
70002018,A0118150101,2020-12-01,0.2290502844,0.1522065091,1
70002018,A0118150101,2021-01-01,0.2366899135,0.1511623173,1
70002018,A0118150101,2021-02-01,0.2756457117,0.1614004852,1
70002018,A0118150101,2021-04-01,0.2694350865,0.1584187001,1
70002018,A0118150101,2021-05-01,0.2655507058,0.1546088762,1
70002018,A0118150101,2021-06-01,0.2505902650,0.1625277745,1
70002018,A0118150101,2021-08-01,0.2568701249,0.1464380742,1
70002018,A0118150103,2021-09-01,0.2313797549,0.0996801772,1
70002018,A0118150103,2021-10-01,0.2312817598,0.0815450326,1
70002018,A0118150103,2021-12-01,0.2824751345,0.0769198629,1
70002018,A0118150103,2022-01-01,0.2762121168,0.0872960886,1
70002018,A0118150103,2022-02-01,0.3167934227,0.0753245445,1
70002018,A0118150103,2022-04-01,0.3024200655,0.0794807068,1
70002018,A0118150103,2022-05-01,0.2249151768,0.0711204415,1
70002018,A0118150103,2022-06-01,0.2966279685,0.0830772925,1
70002018,A0118150103,2022-08-01,0.2945968582,0.0804492084,1
70003181,A0118150101,2017-09-01,0.2645747651,0.1105872718,1
70003181,A0118150101,2017-10-01,0.2708919124,0.0899150434,1
70003181,A0118150101,2017-11-01,0.2608893143,0.0928488485,1
70003181,A0118150101,2018-01-01,0.2529597343,0.0968353711,1
70003181,A0118150101,2018-02-01,0.2482924935,0.1083293671,1
70003181,A0118150101,2018-03-01,0.1979047286,0.1138864810,1
70003181,A0118150101,2018-05-01,0.2629115871,0.1119479189,1
70003181,A0118150101,2018-06-01,0.1913656034,0.0833503328,1
70003181,A0118150101,2018-07-01,0.2435433354,0.0998448417,1
70003181,A0118150101,2018-09-01,0.1667303308,0.1374833592,1
70003181,A0118150101,2018-10-01,0.1590489707,0.1790858503,1
70003181,A0118150101,2018-11-01,0.2013932651,0.2009157139,1
70003181,A0118150101,2019-01-01,0.2102288084,0.1974314768,1
70003181,A0118150101,2019-02-01,0.1567359249,0.1512047225,1
70003181,A0118150101,2019-03-01,0.1594219269,0.1904443259,1
70003181,A0118150101,2019-05-01,0.1653233801,0.2031309516,1
70003181,A0118150101,2019-06-01,0.2002765986,0.1362680886,1
70003181,A0118150101,2019-07-01,0.1526974961,0.1564008373,1
70003181,A0118150101,2019-09-01,0.2125732332,0.1589834121,1
70003181,A0118150101,2019-10-01,0.2150008492,0.1492587618,1
70003181,A0118150101,2019-11-01,0.1950008890,0.1456867093,1
70003181,A0118150101,2020-01-01,0.1880875100,0.1420440141,1
70003181,A0118150101,2020-02-01,0.1914914797,0.1514589540,1
70003181,A0118150101,2020-03-01,0.1556364985,0.1483042687,1
70003181,A0118150101,2020-05-01,0.1623120258,0.1377727580,1
70003181,A0118150101,2020-06-01,0.1915284122,0.1650503128,1
70003181,A0118150101,2020-07-01,0.1899025235,0.1618714459,1
70003181,A0118150101,2020-09-01,0.2230417593,0.1301344957,1
70003181,A0118150101,2020-10-01,0.2414713911,0.1507314412,1
70003181,A0118150101,2020-11-01,0.2012049243,0.1414452310,1
70003181,A0118150101,2021-01-01,0.1755594104,0.1649255351,1
70003181,A0118150101,2021-02-01,0.2126622236,0.1567373251,1
70003181,A0118150101,2021-03-01,0.2425814776,0.1641512609,1
70003181,A0118150101,2021-05-01,0.2233830304,0.1543092365,1
70003181,A0118150101,2021-06-01,0.2042435327,0.1336137348,1
70003181,A0118150101,2021-07-01,0.2327754068,0.1496121259,1
70003181,A0118150103,2021-09-01,0.3308129426,0.1359560743,1
70003181,A0118150103,2021-10-01,0.2542202666,0.1290453535,1
70003181,A0118150103,2021-11-01,0.2864205047,0.1747302396,1
70003181,A0118150103,2022-01-01,0.2846201818,0.1516559348,1
70003181,A0118150103,2022-02-01,0.2654570486,0.1351496617,1
70003181,A0118150103,2022-03-01,0.2507703643,0.1509872494,1
70003181,A0118150103,2022-05-01,0.3137923686,0.1487277263,1
70003181,A0118150103,2022-06-01,0.3102598845,0.1190172095,1
70003181,A0118150103,2022-07-01,0.3037058229,0.1453632815,1
70003182,A0118150101,2017-09-01,0.2446750228,0.0999106457,1
70003182,A0118150101,2017-10-01,0.2017087274,0.0951399607,1
70003182,A0118150101,2017-12-01,0.2223876126,0.1282662310,1
70003182,A0118150101,2018-01-01,0.1965211452,0.1059304696,1
70003182,A0118150101,2018-02-01,0.2208586930,0.0995337936,1
70003182,A0118150101,2018-04-01,0.2625792754,0.1280045510,1
70003182,A0118150101,2018-05-01,0.2667041538,0.1250369151,1
70003182,A0118150101,2018-06-01,0.2000369228,0.1051421027,1
70003182,A0118150101,2018-08-01,0.2126823651,0.1073542551,1
70003182,A0118150101,2018-09-01,0.2097706240,0.1307296894,1
70003182,A0118150101,2018-10-01,0.1850144193,0.1484763313,1
70003182,A0118150101,2018-12-01,0.2036585265,0.1915538006,1
70003182,A0118150101,2019-01-01,0.2135165167,0.1718092636,1
70003182,A0118150101,2019-02-01,0.1516177000,0.2022910838,1
70003182,A0118150101,2019-04-01,0.1613774902,0.1706129865,1
70003182,A0118150101,2019-05-01,0.2028928632,0.1578292193,1
70003182,A0118150101,2019-06-01,0.1988243591,0.1946885369,1
70003182,A0118150101,2019-08-01,0.1545933865,0.1871784125,1
70003182,A0118150101,2019-09-01,0.1660248768,0.1441694545,1
70003182,A0118150101,2019-10-01,0.1594832022,0.1189458900,1
70003182,A0118150101,2019-12-01,0.2211066202,0.1444822301,1
70003182,A0118150101,2020-01-01,0.2272451288,0.1217045624,1
70003182,A0118150101,2020-02-01,0.2026306309,0.1559293030,1
70003182,A0118150101,2020-04-01,0.1846847693,0.1203737921,1
70003182,A0118150101,2020-05-01,0.1670761501,0.1473261777,1
70003182,A0118150101,2020-06-01,0.1766206478,0.1592841883,1
70003182,A0118150101,2020-08-01,0.2186300067,0.1230954073,1
70003182,A0118150101,2020-09-01,0.2199637049,0.1875358018,1
70003182,A0118150101,2020-10-01,0.1721363594,0.1590139566,1
70003182,A0118150101,2020-12-01,0.2226153571,0.1263341211,1
70003182,A0118150101,2021-01-01,0.2553973444,0.1752351624,1
70003182,A0118150101,2021-02-01,0.1848080857,0.1944098485,1
70003182,A0118150101,2021-04-01,0.2504940299,0.1598561194,1
70003182,A0118150101,2021-05-01,0.1998215079,0.1764576341,1
70003182,A0118150101,2021-06-01,0.1827419188,0.1706237833,1
70003182,A0118150101,2021-08-01,0.2175127450,0.1896510442,1
70003182,A0118150103,2021-09-01,0.3120896226,0.1370259227,1
70003182,A0118150103,2021-10-01,0.2378101417,0.1308452713,1
70003182,A0118150103,2021-12-01,0.3301369203,0.1656045277,1
70003182,A0118150103,2022-01-01,0.2476140349,0.1489562221,1
70003182,A0118150103,2022-02-01,0.2972039304,0.1704890587,1
70003182,A0118150103,2022-04-01,0.2712580029,0.1167529237,1
70003182,A0118150103,2022-05-01,0.2850803837,0.1512181046,1
70003182,A0118150103,2022-06-01,0.3223854925,0.1508362494,1
70003182,A0118150103,2022-08-01,0.2537853713,0.1157564957,1
70004069,A0118150101,2019-09-01,0.1846740090,0.1465143923,1
70004069,A0118150101,2019-10-01,0.2068277680,0.1587561749,1
70004069,A0118150101,2019-11-01,0.1853149614,0.1293406383,1
70004069,A0118150101,2020-01-01,0.1852211137,0.1398351045,1
70004069,A0118150101,2020-02-01,0.2147270819,0.1593237346,1
70004069,A0118150101,2020-03-01,0.1650627898,0.1557992847,1
70004069,A0118150101,2020-05-01,0.1971491990,0.1405028184,1
70004069,A0118150101,2020-06-01,0.1716240184,0.1341817922,1
70004069,A0118150101,2020-07-01,0.1724888259,0.1323292676,1
70004069,A0118150101,2020-09-01,0.1280792912,0.0860979292,1
70004069,A0118150101,2020-10-01,0.1091356391,0.0856736552,1
70004069,A0118150101,2020-11-01,0.1159030209,0.1125025401,1
70004069,A0118150101,2021-01-01,0.1284480239,0.1224823022,1
70004069,A0118150101,2021-02-01,0.0975504338,0.0812680510,1
70004069,A0118150101,2021-03-01,0.1003311674,0.1089269034,1
70004069,A0118150101,2021-05-01,0.0978334378,0.1005345324,1
70004069,A0118150101,2021-06-01,0.1172114066,0.0893378657,1
70004069,A0118150101,2021-07-01,0.1017413514,0.1181033379,1
70004069,A0118150103,2021-09-01,0.1333850953,0.1380295729,1
70004069,A0118150103,2021-10-01,0.1115461521,0.1229124181,1
70004069,A0118150103,2021-11-01,0.1065678808,0.1374227352,1
70004069,A0118150103,2022-01-01,0.1150771769,0.1723624344,1
70004069,A0118150103,2022-02-01,0.1322437178,0.1345559356,1
70004069,A0118150103,2022-03-01,0.1289997748,0.1694553781,1
70004069,A0118150103,2022-05-01,0.1033365888,0.1381143351,1
70004069,A0118150103,2022-06-01,0.1427562239,0.1273188807,1
70004069,A0118150103,2022-07-01,0.1252555817,0.1795941310,1
70004070,A0118150102,2017-12-01,0.0000000000,0.0000000000,1
70004070,A0118150101,2019-09-01,0.1810967595,0.1412642058,1
70004070,A0118150101,2019-10-01,0.2225574998,0.1511609999,1
70004070,A0118150101,2019-12-01,0.1978266520,0.1195164160,1
70004070,A0118150101,2020-01-01,0.2149881918,0.1293360242,1
70004070,A0118150101,2020-02-01,0.1839874664,0.1631217201,1
70004070,A0118150101,2020-04-01,0.1596451990,0.1218020815,1
70004070,A0118150101,2020-05-01,0.1960172918,0.1604111273,1
70004070,A0118150101,2020-06-01,0.1906084980,0.1492386256,1
70004070,A0118150101,2020-08-01,0.1865736513,0.1527457787,1
70004070,A0118150101,2020-09-01,0.1092229352,0.0865458384,1
70004070,A0118150101,2020-10-01,0.1058288557,0.1044102988,1
70004070,A0118150101,2020-12-01,0.0978740855,0.0953188794,1
70004070,A0118150101,2021-01-01,0.0951915075,0.1228453864,1
70004070,A0118150101,2021-02-01,0.1275953056,0.1204049412,1
70004070,A0118150101,2021-04-01,0.0940490808,0.0898173721,1
70004070,A0118150101,2021-05-01,0.1118636046,0.0997704543,1
70004070,A0118150101,2021-06-01,0.1248414800,0.1084869627,1
70004070,A0118150101,2021-08-01,0.1331648575,0.0907199229,1
70004070,A0118150103,2021-09-01,0.1002897875,0.1332010714,1
70004070,A0118150103,2021-10-01,0.0982301550,0.1332851957,1
70004070,A0118150103,2021-12-01,0.1125600700,0.1677279338,1
70004070,A0118150103,2022-01-01,0.1263392099,0.1610103736,1
70004070,A0118150103,2022-02-01,0.1364481970,0.1604667344,1
70004070,A0118150103,2022-04-01,0.1123672282,0.1747916729,1
70004070,A0118150103,2022-05-01,0.1454883016,0.1406177373,1
70004070,A0118150103,2022-06-01,0.1360671671,0.1459478312,1
70004070,A0118150103,2022-08-01,0.1324011834,0.1407833380,1
70005163,A0118150102,2017-12-01,0.0000000000,0.0000000000,1
70005163,A0118150101,2018-09-01,0.2234675750,0.1767065771,1
70005163,A0118150101,2018-11-01,0.2010802962,0.1666100567,1
70005163,A0118150101,2018-12-01,0.1917483742,0.1471513271,1
70005163,A0118150101,2019-01-01,0.1923762186,0.1360721322,1
70005163,A0118150101,2019-03-01,0.1920321655,0.1148994431,1
70005163,A0118150101,2019-04-01,0.1701879286,0.1646272910,1
70005163,A0118150101,2019-05-01,0.2043382429,0.1653764802,1
70005163,A0118150101,2019-07-01,0.1933244604,0.1225856659,1
70005163,A0118150101,2019-08-01,0.1632274222,0.1787183033,1
70005163,A0118150101,2019-09-01,0.1209505941,0.1309465667,1
70005163,A0118150101,2019-11-01,0.1053079434,0.1762583845,1
70005163,A0118150101,2019-12-01,0.1074930459,0.1759974070,1
70005163,A0118150101,2020-01-01,0.1273429801,0.1437678025,1
70005163,A0118150101,2020-03-01,0.1204267990,0.1719218953,1
70005163,A0118150101,2020-04-01,0.1019993683,0.1904757519,1
70005163,A0118150101,2020-05-01,0.1231108541,0.1885566703,1
70005163,A0118150101,2020-07-01,0.1299703647,0.1814200092,1
70005163,A0118150101,2020-08-01,0.1133200156,0.1573348184,1
70005163,A0118150101,2020-09-01,0.1853804823,0.1364819442,1
70005163,A0118150101,2020-11-01,0.1828811409,0.1477580185,1
70005163,A0118150101,2020-12-01,0.1637944287,0.1689881845,1
70005163,A0118150101,2021-01-01,0.1648196456,0.1847779298,1
70005163,A0118150101,2021-03-01,0.2172330019,0.1465955309,1
70005163,A0118150101,2021-04-01,0.1666694953,0.1346618500,1
70005163,A0118150101,2021-05-01,0.2172796607,0.1466835713,1
70005163,A0118150101,2021-07-01,0.1812105808,0.1353793022,1
70005163,A0118150101,2021-08-01,0.1929966329,0.1352613639,1
70005163,A0118150103,2021-09-01,0.2233334629,0.1013357157,1
70005163,A0118150103,2021-11-01,0.2380125158,0.1358961557,1
70005163,A0118150103,2021-12-01,0.2885398208,0.1568153698,1
70005163,A0118150103,2022-01-01,0.2341195639,0.1140610711,1
70005163,A0118150103,2022-03-01,0.2092658399,0.1011843671,1
70005163,A0118150103,2022-04-01,0.2390572862,0.1506645626,1
70005163,A0118150103,2022-05-01,0.2375923718,0.1410509571,1
70005163,A0118150103,2022-07-01,0.2919058926,0.1089173922,1
70005163,A0118150103,2022-08-01,0.2247884862,0.1498911905,1
70006157,A0118150101,2017-09-01,0.2051809818,0.1013434376,1
70006157,A0118150101,2017-10-01,0.2635510615,0.1318630358,1
70006157,A0118150101,2017-11-01,0.2576705224,0.1431155760,1
70006157,A0118150101,2018-01-01,0.2869498681,0.1334773351,1
70006157,A0118150101,2018-02-01,0.2053999536,0.1167585904,1
70006157,A0118150101,2018-03-01,0.2886443564,0.1401219637,1
70006157,A0118150101,2018-05-01,0.1997194481,0.1411094693,1
70006157,A0118150101,2018-06-01,0.2181257279,0.1231642351,1
70006157,A0118150101,2018-07-01,0.2143126609,0.1422947184,1
70006157,A0118150101,2018-09-01,0.1746211426,0.1514559466,1
70006157,A0118150101,2018-10-01,0.1827116167,0.1573178288,1
70006157,A0118150101,2018-11-01,0.1817018379,0.1405435021,1
70006157,A0118150101,2019-01-01,0.1527518891,0.1234698918,1
70006157,A0118150101,2019-02-01,0.2110808292,0.1560291155,1
70006157,A0118150101,2019-03-01,0.1526015464,0.1639217361,1
70006157,A0118150101,2019-05-01,0.1843762424,0.1157312420,1
70006157,A0118150101,2019-06-01,0.1666939778,0.1195623335,1
70006157,A0118150101,2019-07-01,0.1534420842,0.1361882993,1
70006157,A0118150101,2019-09-01,0.1342777016,0.1137564538,1
70006157,A0118150101,2019-10-01,0.1325465747,0.1270144729,1
70006157,A0118150101,2019-11-01,0.1218978904,0.1228191792,1
70006157,A0118150101,2020-01-01,0.1212711801,0.1165882482,1
70006157,A0118150101,2020-02-01,0.1100898621,0.1308657954,1
70006157,A0118150101,2020-03-01,0.1074195963,0.1202383035,1
70006157,A0118150101,2020-05-01,0.1013806401,0.1130815938,1
70006157,A0118150101,2020-06-01,0.1189973423,0.1119240934,1
70006157,A0118150101,2020-07-01,0.1135773837,0.1342260437,1
70006157,A0118150101,2020-09-01,0.1338910740,0.1675783086,1
70006157,A0118150101,2020-10-01,0.1561816367,0.1582432216,1
70006157,A0118150101,2020-11-01,0.1505977076,0.1646959241,1
70006157,A0118150101,2021-01-01,0.1528186019,0.1908578252,1
70006157,A0118150101,2021-02-01,0.1568552665,0.1305524944,1
70006157,A0118150101,2021-03-01,0.1497246492,0.2029940123,1
70006157,A0118150101,2021-05-01,0.1832787766,0.1331575787,1
70006157,A0118150101,2021-06-01,0.1355227090,0.1633392769,1
70006157,A0118150101,2021-07-01,0.1288915941,0.1903128149,1
70006157,A0118150103,2021-09-01,0.3096353299,0.1618861369,1
70006157,A0118150103,2021-10-01,0.3049773528,0.1280963614,1
70006157,A0118150103,2021-11-01,0.3113983732,0.1840417586,1
70006157,A0118150103,2022-01-01,0.2386925317,0.1308017047,1
70006157,A0118150103,2022-02-01,0.2615085209,0.1885626479,1
70006157,A0118150103,2022-03-01,0.2523605529,0.1559898315,1
70006157,A0118150103,2022-05-01,0.2819491150,0.1327365787,1
70006157,A0118150103,2022-06-01,0.2476215827,0.1694023958,1
70006157,A0118150103,2022-07-01,0.2606759781,0.1855151652,1
70006158,A0118150101,2017-09-01,0.2566634906,0.1019894054,1
70006158,A0118150101,2017-10-01,0.2404799234,0.1404360712,1
70006158,A0118150101,2017-12-01,0.2658455345,0.1434840957,1
70006158,A0118150101,2018-01-01,0.2819712156,0.1526130443,1
70006158,A0118150101,2018-02-01,0.2628189444,0.1155511853,1
70006158,A0118150101,2018-04-01,0.2405797748,0.1077807193,1
70006158,A0118150101,2018-05-01,0.2626736729,0.1218612568,1
70006158,A0118150101,2018-06-01,0.2905151315,0.1501819177,1
70006158,A0118150101,2018-08-01,0.2692396955,0.1270687265,1
70006158,A0118150101,2018-09-01,0.2129785016,0.1607524717,1
70006158,A0118150101,2018-10-01,0.1640281309,0.1201357685,1
70006158,A0118150101,2018-12-01,0.1686681856,0.1663595412,1
70006158,A0118150101,2019-01-01,0.2173285647,0.1300610607,1
70006158,A0118150101,2019-02-01,0.2152010899,0.1475087969,1
70006158,A0118150101,2019-04-01,0.1717591124,0.1362117475,1
70006158,A0118150101,2019-05-01,0.2017633067,0.1385408842,1
70006158,A0118150101,2019-06-01,0.2138511392,0.1282695304,1
70006158,A0118150101,2019-08-01,0.2117442406,0.1653009657,1
70006158,A0118150101,2019-09-01,0.1085620508,0.1260499837,1
70006158,A0118150101,2019-10-01,0.1446714112,0.0961406611,1
70006158,A0118150101,2019-12-01,0.1046798013,0.1388292869,1
70006158,A0118150101,2020-01-01,0.1458624106,0.1262610155,1
70006158,A0118150101,2020-02-01,0.1096541078,0.1081656232,1
70006158,A0118150101,2020-04-01,0.1199508625,0.1372988517,1
70006158,A0118150101,2020-05-01,0.1493965921,0.1217838353,1
70006158,A0118150101,2020-06-01,0.1024406214,0.1421240253,1
70006158,A0118150101,2020-08-01,0.1473942680,0.1090148026,1
70006158,A0118150101,2020-09-01,0.1435731638,0.1541778652,1
70006158,A0118150101,2020-10-01,0.1325253224,0.1473319656,1
70006158,A0118150101,2020-12-01,0.1247961679,0.1828198651,1
70006158,A0118150101,2021-01-01,0.1512244466,0.2029760950,1
70006158,A0118150101,2021-02-01,0.1244653891,0.1593793125,1
70006158,A0118150101,2021-04-01,0.1339860595,0.2021989298,1
70006158,A0118150101,2021-05-01,0.1797154846,0.1810126437,1
70006158,A0118150101,2021-06-01,0.1735982534,0.1826777754,1
70006158,A0118150101,2021-08-01,0.1699393327,0.1451865209,1
70006158,A0118150103,2021-09-01,0.3219105312,0.1901226886,1
70006158,A0118150103,2021-10-01,0.3398984442,0.1890436493,1
70006158,A0118150103,2021-12-01,0.3261829487,0.1254297476,1
70006158,A0118150103,2022-01-01,0.2421122936,0.1482829595,1
70006158,A0118150103,2022-02-01,0.2409731109,0.1447502088,1
70006158,A0118150103,2022-04-01,0.2810604700,0.1673989011,1
70006158,A0118150103,2022-05-01,0.2718627230,0.1216762945,1
70006158,A0118150103,2022-06-01,0.3364377794,0.1401429242,1
70006158,A0118150103,2022-08-01,0.2965070900,0.1296062002,1
70007198,A0118150101,2017-09-01,0.2385870834,0.0956740203,1
70007198,A0118150101,2017-10-01,0.2401952827,0.0950316448,1
70007198,A0118150101,2017-12-01,0.2866638267,0.0871375812,1
70007198,A0118150101,2018-01-01,0.2674194215,0.1176227202,1
70007198,A0118150101,2018-02-01,0.2751041392,0.0939224574,1
70007198,A0118150101,2018-04-01,0.2588975342,0.1049903188,1
70007198,A0118150101,2018-05-01,0.3356111301,0.0958335998,1
70007198,A0118150101,2018-06-01,0.3075531473,0.1087907133,1
70007198,A0118150101,2018-08-01,0.2603567889,0.1040981774,1
70007198,A0118150101,2018-09-01,0.1590204534,0.0785292978,1
70007198,A0118150101,2018-10-01,0.1951249469,0.1029048236,1
70007198,A0118150101,2018-12-01,0.1923128311,0.0979384344,1
70007198,A0118150101,2019-01-01,0.1989458789,0.0920828767,1
70007198,A0118150101,2019-02-01,0.1626770376,0.0837596931,1
70007198,A0118150101,2019-04-01,0.1816327458,0.0872276060,1
70007198,A0118150101,2019-05-01,0.1853575875,0.0950591892,1
70007198,A0118150101,2019-06-01,0.1442116178,0.0776722878,1
70007198,A0118150101,2019-08-01,0.1510423876,0.0847879449,1
70007198,A0118150101,2019-09-01,0.3249918599,0.1176028234,1
70007198,A0118150101,2019-10-01,0.2630084469,0.1462788888,1
70007198,A0118150101,2019-12-01,0.2855442727,0.1716110516,1
70007198,A0118150101,2020-01-01,0.3137136449,0.1486439294,1
70007198,A0118150101,2020-02-01,0.2389439259,0.1570789109,1
70007198,A0118150101,2020-04-01,0.2334305742,0.1325153587,1
70007198,A0118150101,2020-05-01,0.3135044446,0.1599839550,1
70007198,A0118150101,2020-06-01,0.3020132379,0.1680361372,1
70007198,A0118150101,2020-08-01,0.2709282338,0.1674186224,1
70007198,A0118150101,2020-09-01,0.2828007087,0.1053673787,1
70007198,A0118150101,2020-10-01,0.2862740858,0.0882431903,1
70007198,A0118150101,2020-12-01,0.2562693798,0.0812739055,1
70007198,A0118150101,2021-01-01,0.3022141157,0.0899382289,1
70007198,A0118150101,2021-02-01,0.3078306975,0.0974294784,1
70007198,A0118150101,2021-04-01,0.2335066323,0.0871539391,1
70007198,A0118150101,2021-05-01,0.2858313971,0.1149649801,1
70007198,A0118150101,2021-06-01,0.2701304181,0.1026571371,1
70007198,A0118150101,2021-08-01,0.3095598160,0.1132524951,1
70007198,A0118150103,2021-09-01,0.2283253558,0.0921101937,1
70007198,A0118150103,2021-10-01,0.2934594551,0.1202127998,1
70007198,A0118150103,2021-12-01,0.2910347122,0.0987864403,1
70007198,A0118150103,2022-01-01,0.3261575666,0.1178606072,1
70007198,A0118150103,2022-02-01,0.2347561698,0.1247218893,1
70007198,A0118150103,2022-04-01,0.2715416569,0.1362120259,1
70007198,A0118150103,2022-05-01,0.2777224456,0.1043480662,1
70007198,A0118150103,2022-06-01,0.2567087000,0.1348613483,1
70007198,A0118150103,2022-08-01,0.2292173198,0.1371545153,1
70007199,A0118150101,2017-09-01,0.3218615194,0.0948883154,1
70007199,A0118150101,2017-11-01,0.2910578262,0.1097300450,1
70007199,A0118150101,2017-12-01,0.3250271652,0.0939221919,1
70007199,A0118150101,2018-01-01,0.2927536336,0.1092190596,1
70007199,A0118150101,2018-03-01,0.3331457777,0.1235586947,1
70007199,A0118150101,2018-04-01,0.3177542034,0.1213082006,1
70007199,A0118150101,2018-05-01,0.2476775627,0.0910393757,1
70007199,A0118150101,2018-07-01,0.2759827475,0.0886392491,1
70007199,A0118150101,2018-08-01,0.3239203072,0.1200785268,1
70007199,A0118150101,2018-09-01,0.1664009010,0.0671743661,1
70007199,A0118150101,2018-11-01,0.1552442845,0.0993445725,1
70007199,A0118150101,2018-12-01,0.1408942986,0.1050389514,1
70007199,A0118150101,2019-01-01,0.1800507292,0.0754251147,1
70007199,A0118150101,2019-03-01,0.1452920333,0.0836579692,1
70007199,A0118150101,2019-04-01,0.1498076977,0.0722412928,1
70007199,A0118150101,2019-05-01,0.1478523966,0.0888758362,1
70007199,A0118150101,2019-07-01,0.1512080812,0.0846013059,1
70007199,A0118150101,2019-08-01,0.1521736433,0.0844161561,1
70007199,A0118150101,2019-09-01,0.2454205757,0.1322808072,1
70007199,A0118150101,2019-11-01,0.3172514843,0.1550373284,1
70007199,A0118150101,2019-12-01,0.3392652711,0.1305994145,1
70007199,A0118150101,2020-01-01,0.2786029075,0.1277769739,1
70007199,A0118150101,2020-03-01,0.2991626859,0.1472476810,1
70007199,A0118150101,2020-04-01,0.2883426096,0.1502902564,1
70007199,A0118150101,2020-05-01,0.2359355924,0.1668945980,1
70007199,A0118150101,2020-07-01,0.3366572685,0.1332343403,1
70007199,A0118150101,2020-08-01,0.2591844790,0.1220827532,1
70007199,A0118150101,2020-09-01,0.3090124250,0.0983906499,1
70007199,A0118150101,2020-11-01,0.2699163814,0.1140321766,1
70007199,A0118150101,2020-12-01,0.2396360189,0.1132259307,1
70007199,A0118150101,2021-01-01,0.3133188002,0.1171156233,1
70007199,A0118150101,2021-03-01,0.2900850560,0.1133161798,1
70007199,A0118150101,2021-04-01,0.2556094451,0.1062149646,1
70007199,A0118150101,2021-05-01,0.2319765073,0.1161929790,1
70007199,A0118150101,2021-07-01,0.2238932657,0.0993301095,1
70007199,A0118150101,2021-08-01,0.2527187199,0.0870765310,1
70007199,A0118150103,2021-09-01,0.3128591406,0.1297946410,1
70007199,A0118150103,2021-11-01,0.2768450789,0.1292317906,1
70007199,A0118150103,2021-12-01,0.2531270901,0.1002298501,1
70007199,A0118150103,2022-01-01,0.3064331353,0.0991200372,1
70007199,A0118150103,2022-03-01,0.2864277162,0.1278856382,1
70007199,A0118150103,2022-04-01,0.3118999212,0.1050003025,1
70007199,A0118150103,2022-05-01,0.2913793954,0.1058184183,1
70007199,A0118150103,2022-07-01,0.3254846701,0.0950991693,1
70007199,A0118150103,2022-08-01,0.2581954772,0.1351562696,1
70008169,A0118150101,2017-09-01,0.1962932449,0.1166289466,1
70008169,A0118150101,2017-10-01,0.2410773281,0.1231747185,1
70008169,A0118150101,2017-11-01,0.2073879784,0.1449148087,1
70008169,A0118150101,2018-01-01,0.2478589054,0.1386672674,1
70008169,A0118150101,2018-02-01,0.2473254287,0.1218793818,1
70008169,A0118150101,2018-03-01,0.2512611118,0.1203176278,1
70008169,A0118150101,2018-05-01,0.2022429406,0.1520137613,1
70008169,A0118150101,2018-06-01,0.1768997671,0.1011717343,1
70008169,A0118150101,2018-07-01,0.2058815839,0.1021071698,1
70008169,A0118150101,2018-09-01,0.1632378211,0.1889774808,1
70008169,A0118150101,2018-10-01,0.1840828055,0.1738643470,1
70008169,A0118150101,2018-11-01,0.1382270407,0.1378862762,1
70008169,A0118150101,2019-01-01,0.1885778949,0.1829354965,1
70008169,A0118150101,2019-02-01,0.1706116428,0.1808762428,1
70008169,A0118150101,2019-03-01,0.1658639172,0.1425938497,1
70008169,A0118150101,2019-05-01,0.1426419952,0.1688475892,1
70008169,A0118150101,2019-06-01,0.1376917077,0.1388415498,1
70008169,A0118150101,2019-07-01,0.1422793981,0.1830013712,1
70008169,A0118150101,2019-09-01,0.1156711675,0.1267588884,1
70008169,A0118150101,2019-10-01,0.1422217309,0.1111789130,1
70008169,A0118150101,2019-11-01,0.1148917094,0.1160147261,1
70008169,A0118150101,2020-01-01,0.1341740723,0.1074970484,1
70008169,A0118150101,2020-02-01,0.1318151349,0.0879056881,1
70008169,A0118150101,2020-03-01,0.1335045119,0.0923689798,1
70008169,A0118150101,2020-05-01,0.1227524037,0.0978820629,1
70008169,A0118150101,2020-06-01,0.1404530971,0.0965276251,1
70008169,A0118150101,2020-07-01,0.1057035525,0.1208709314,1
70008169,A0118150101,2020-09-01,0.2497566489,0.1070555507,1
70008169,A0118150101,2020-10-01,0.2918186491,0.1054904708,1
70008169,A0118150101,2020-11-01,0.2923995590,0.1375093004,1
70008169,A0118150101,2021-01-01,0.2464892348,0.0962575498,1
70008169,A0118150101,2021-02-01,0.2629357618,0.1200738121,1
70008169,A0118150101,2021-03-01,0.3335443882,0.1315379332,1
70008169,A0118150101,2021-05-01,0.3054864617,0.1215728722,1
70008169,A0118150101,2021-06-01,0.3327142881,0.1348242295,1
70008169,A0118150101,2021-07-01,0.2614174697,0.1137350128,1
70008169,A0118150103,2021-09-01,0.1157797828,0.1204159875,1
70008169,A0118150103,2021-10-01,0.1202291391,0.1132770037,1
70008169,A0118150103,2021-11-01,0.1193129934,0.1148760798,1
70008169,A0118150103,2022-01-01,0.1084961321,0.1361221981,1
70008169,A0118150103,2022-02-01,0.1159177266,0.1340585908,1
70008169,A0118150103,2022-03-01,0.1321522415,0.1462853031,1
70008169,A0118150103,2022-05-01,0.1312559590,0.1399749628,1
70008169,A0118150103,2022-06-01,0.1008650528,0.1419970285,1
70008169,A0118150103,2022-07-01,0.1345125341,0.1339109898,1
70008170,A0118150101,2017-09-01,0.2115089818,0.1073750318,1
70008170,A0118150101,2017-10-01,0.1901241464,0.1407303372,1
70008170,A0118150101,2017-12-01,0.2124630048,0.1442511418,1
70008170,A0118150101,2018-01-01,0.2331754172,0.1268185611,1
70008170,A0118150101,2018-02-01,0.2321511846,0.1429596706,1
70008170,A0118150101,2018-04-01,0.2384093326,0.1149554481,1
70008170,A0118150101,2018-05-01,0.2140762539,0.1386649094,1
70008170,A0118150101,2018-06-01,0.2082829026,0.1199154395,1
70008170,A0118150101,2018-08-01,0.2209086821,0.1164470246,1
70008170,A0118150101,2018-09-01,0.1730497840,0.1284556799,1
70008170,A0118150101,2018-10-01,0.1586566395,0.1832218394,1
70008170,A0118150101,2018-12-01,0.1301591707,0.1602001237,1
70008170,A0118150101,2019-01-01,0.1807085195,0.1333658589,1
70008170,A0118150101,2019-02-01,0.1893163799,0.1453897757,1
70008170,A0118150101,2019-04-01,0.1505332860,0.1376866566,1
70008170,A0118150101,2019-05-01,0.1827286120,0.1515661044,1
70008170,A0118150101,2019-06-01,0.1557980677,0.1309400553,1
70008170,A0118150101,2019-08-01,0.1705341784,0.1481127667,1
70008170,A0118150101,2019-09-01,0.1035684223,0.1351484408,1
70008170,A0118150101,2019-10-01,0.1023886253,0.1303674874,1
70008170,A0118150101,2019-12-01,0.1252097839,0.0877802596,1
70008170,A0118150101,2020-01-01,0.1267294759,0.1104571376,1
70008170,A0118150101,2020-02-01,0.0978181106,0.1185256247,1
70008170,A0118150101,2020-04-01,0.1277680364,0.1203591861,1
70008170,A0118150101,2020-05-01,0.1289490509,0.1132171792,1
70008170,A0118150101,2020-06-01,0.1324131101,0.1104114612,1
70008170,A0118150101,2020-08-01,0.1192488800,0.0971166296,1
70008170,A0118150101,2020-09-01,0.3444670099,0.0978242801,1
70008170,A0118150101,2020-10-01,0.2958009917,0.1160933491,1
70008170,A0118150101,2020-12-01,0.3220169039,0.1106486348,1
70008170,A0118150101,2021-01-01,0.2380982505,0.1217180616,1
70008170,A0118150101,2021-02-01,0.2811117628,0.0944977005,1
70008170,A0118150101,2021-04-01,0.2969373895,0.1122617721,1
70008170,A0118150101,2021-05-01,0.3090704673,0.1008494712,1
70008170,A0118150101,2021-06-01,0.2820285556,0.0936309890,1
70008170,A0118150101,2021-08-01,0.2705500792,0.1142647137,1
70008170,A0118150103,2021-09-01,0.1148669226,0.1737277922,1
70008170,A0118150103,2021-10-01,0.1177564530,0.1236420186,1
70008170,A0118150103,2021-12-01,0.1204065118,0.1614134529,1
70008170,A0118150103,2022-01-01,0.1302804474,0.1312854230,1
70008170,A0118150103,2022-02-01,0.1354720195,0.1362038978,1
70008170,A0118150103,2022-04-01,0.1331766341,0.1127895329,1
70008170,A0118150103,2022-05-01,0.1214040854,0.1491897341,1
70008170,A0118150103,2022-06-01,0.1392338848,0.1452783995,1
70008170,A0118150103,2022-08-01,0.1351288476,0.1206505878,1
70009133,A0118150101,2019-09-01,0.3368067613,0.1519022395,1
70009133,A0118150101,2019-10-01,0.3457708940,0.1814752559,1
70009133,A0118150101,2019-11-01,0.3201468533,0.1448778288,1
70009133,A0118150101,2020-01-01,0.2842363676,0.1492782317,1
70009133,A0118150101,2020-02-01,0.2468962882,0.1677822619,1
70009133,A0118150101,2020-03-01,0.3440961177,0.1697260081,1
70009133,A0118150101,2020-05-01,0.2892295671,0.1819404384,1
70009133,A0118150101,2020-06-01,0.3580290457,0.1428348460,1
70009133,A0118150101,2020-07-01,0.3188590201,0.1265063227,1
70009133,A0118150101,2020-09-01,0.1338579152,0.0993250781,1
70009133,A0118150101,2020-10-01,0.1367539939,0.0952784899,1
70009133,A0118150101,2020-11-01,0.1128146803,0.0951646121,1
70009133,A0118150101,2021-01-01,0.1241394843,0.0918935880,1
70009133,A0118150101,2021-02-01,0.1383462514,0.0914126644,1
70009133,A0118150101,2021-03-01,0.1311978675,0.1006122790,1
70009133,A0118150101,2021-05-01,0.1328614729,0.0774794283,1
70009133,A0118150101,2021-06-01,0.1346107295,0.1032615692,1
70009133,A0118150101,2021-07-01,0.1233887900,0.1097151636,1
70009133,A0118150103,2021-09-01,0.2318659072,0.0955416273,1
70009133,A0118150103,2021-10-01,0.2247194611,0.1062347043,1
70009133,A0118150103,2021-11-01,0.2276682503,0.0759085471,1
70009133,A0118150103,2022-01-01,0.1953012066,0.0892779947,1
70009133,A0118150103,2022-02-01,0.2229950114,0.1024776597,1
70009133,A0118150103,2022-03-01,0.2370113437,0.0770611924,1
70009133,A0118150103,2022-05-01,0.2350181085,0.0798558620,1
70009133,A0118150103,2022-06-01,0.1676692157,0.0946199855,1
70009133,A0118150103,2022-07-01,0.1680826300,0.1056136042,1
70009134,A0118150102,2017-12-01,0.0000000000,0.0000000000,1
70009134,A0118150101,2019-09-01,0.2676437440,0.1794595987,1
70009134,A0118150101,2019-10-01,0.3309238300,0.1465277599,1
70009134,A0118150101,2019-12-01,0.2850267051,0.1813055154,1
70009134,A0118150101,2020-01-01,0.2871729652,0.1630244834,1
70009134,A0118150101,2020-02-01,0.3001660403,0.1575888555,1
70009134,A0118150101,2020-04-01,0.2956632704,0.1359267544,1
70009134,A0118150101,2020-05-01,0.2592253123,0.1405521214,1
70009134,A0118150101,2020-06-01,0.2422613776,0.1783082104,1
70009134,A0118150101,2020-08-01,0.3357730249,0.1413403711,1
70009134,A0118150101,2020-09-01,0.1366488739,0.1108362452,1
70009134,A0118150101,2020-10-01,0.1438131482,0.0850754456,1
70009134,A0118150101,2020-12-01,0.1460186000,0.0853722926,1
70009134,A0118150101,2021-01-01,0.1529849015,0.0825882273,1
70009134,A0118150101,2021-02-01,0.1499300011,0.0921009221,1
70009134,A0118150101,2021-04-01,0.1206913329,0.1106335537,1
70009134,A0118150101,2021-05-01,0.1287390672,0.0886376486,1
70009134,A0118150101,2021-06-01,0.1058631084,0.0903407433,1
70009134,A0118150101,2021-08-01,0.1329224666,0.1013723134,1
70009134,A0118150103,2021-09-01,0.1758543689,0.0835804548,1
70009134,A0118150103,2021-10-01,0.1958169130,0.0887553952,1
70009134,A0118150103,2021-12-01,0.1819081823,0.0930704871,1
70009134,A0118150103,2022-01-01,0.2340949084,0.0792019472,1
70009134,A0118150103,2022-02-01,0.1876720071,0.0770549780,1
70009134,A0118150103,2022-04-01,0.1930231652,0.1055554668,1
70009134,A0118150103,2022-05-01,0.1897857997,0.0898668778,1
70009134,A0118150103,2022-06-01,0.1648460108,0.0967088627,1
70009134,A0118150103,2022-08-01,0.2042262311,0.0928056489,1
70010047,A0118150102,2017-12-01,0.0000000000,0.0000000000,1
70010047,A0118150101,2018-09-01,0.3063230136,0.1386153609,1
70010047,A0118150101,2018-11-01,0.3249210287,0.1256253903,1
70010047,A0118150101,2018-12-01,0.3132076965,0.1115221190,1
70010047,A0118150101,2019-01-01,0.2581301540,0.1186503444,1
70010047,A0118150101,2019-03-01,0.2378479075,0.1325042200,1
70010047,A0118150101,2019-04-01,0.2974729868,0.1691734134,1
70010047,A0118150101,2019-05-01,0.3288127297,0.1653305709,1
70010047,A0118150101,2019-07-01,0.3017214703,0.1229684975,1
70010047,A0118150101,2019-08-01,0.3473726383,0.1588593402,1
70010047,A0118150101,2019-09-01,0.2983888592,0.0742121542,1
70010047,A0118150101,2019-11-01,0.2536459553,0.0734925413,1
70010047,A0118150101,2019-12-01,0.3071078349,0.0754542019,1
70010047,A0118150101,2020-01-01,0.2925415026,0.1073884257,1
70010047,A0118150101,2020-03-01,0.3225170580,0.0799858573,1
70010047,A0118150101,2020-04-01,0.2637253504,0.0738687290,1
70010047,A0118150101,2020-05-01,0.2799637411,0.1109910158,1
70010047,A0118150101,2020-07-01,0.3093315979,0.0898862340,1
70010047,A0118150101,2020-08-01,0.2235567093,0.0781744268,1
70010047,A0118150101,2020-09-01,0.2325935790,0.1347784527,1
70010047,A0118150101,2020-11-01,0.2287843296,0.1520107971,1
70010047,A0118150101,2020-12-01,0.2697895588,0.1658673915,1
70010047,A0118150101,2021-01-01,0.2404608871,0.1480689356,1
70010047,A0118150101,2021-03-01,0.2754622841,0.1391117394,1
70010047,A0118150101,2021-04-01,0.2782892694,0.1172367794,1
70010047,A0118150101,2021-05-01,0.2374559759,0.1325739693,1
70010047,A0118150101,2021-07-01,0.2644662594,0.1326957663,1
70010047,A0118150101,2021-08-01,0.2180239433,0.1391823574,1
70010047,A0118150103,2021-09-01,0.3061684749,0.1714926479,1
70010047,A0118150103,2021-11-01,0.3311294384,0.1466389646,1
70010047,A0118150103,2021-12-01,0.3025640493,0.1183926274,1
70010047,A0118150103,2022-01-01,0.2818360230,0.1433433382,1
70010047,A0118150103,2022-03-01,0.2831242130,0.1720729218,1
70010047,A0118150103,2022-04-01,0.3009524712,0.1558029746,1
70010047,A0118150103,2022-05-01,0.3193296357,0.1462929482,1
70010047,A0118150103,2022-07-01,0.2680861085,0.1639599379,1
70010047,A0118150103,2022-08-01,0.3272013398,0.1766602425,1
70010048,A0118150102,2017-12-01,0.0000000000,0.0000000000,1
70010048,A0118150101,2018-10-01,0.3277869889,0.1540347459,1
70010048,A0118150101,2018-11-01,0.2627103340,0.1652250393,1
70010048,A0118150101,2018-12-01,0.3378686059,0.1468920043,1
70010048,A0118150101,2019-02-01,0.3321425875,0.1514749640,1
70010048,A0118150101,2019-03-01,0.3356143581,0.1686786107,1
70010048,A0118150101,2019-04-01,0.3008518839,0.1701908670,1
70010048,A0118150101,2019-06-01,0.3277409626,0.1717152514,1
70010048,A0118150101,2019-07-01,0.3205261369,0.1494285175,1
70010048,A0118150101,2019-08-01,0.2782397144,0.1305537112,1
70010048,A0118150101,2019-10-01,0.3011360464,0.0942362563,1
70010048,A0118150101,2019-11-01,0.3063712131,0.1092619294,1
70010048,A0118150101,2019-12-01,0.3192676116,0.1019785145,1
70010048,A0118150101,2020-02-01,0.2496807514,0.0911287225,1
70010048,A0118150101,2020-03-01,0.2928801912,0.1025866039,1
70010048,A0118150101,2020-04-01,0.2287731373,0.0980576582,1
70010048,A0118150101,2020-06-01,0.2583423594,0.0932632405,1
70010048,A0118150101,2020-07-01,0.2784581535,0.0945856912,1
70010048,A0118150101,2020-08-01,0.2844121164,0.0724558012,1
70010048,A0118150101,2020-10-01,0.2439479834,0.1400473412,1
70010048,A0118150101,2020-11-01,0.2227991856,0.1690992831,1
70010048,A0118150101,2020-12-01,0.2615453451,0.1406553312,1
70010048,A0118150101,2021-02-01,0.1871474147,0.1758341617,1
70010048,A0118150101,2021-03-01,0.2513923917,0.1779129975,1
70010048,A0118150101,2021-04-01,0.2093071036,0.1171293982,1
70010048,A0118150101,2021-06-01,0.2732603964,0.1355913591,1
70010048,A0118150101,2021-07-01,0.1876769333,0.1249829880,1
70010048,A0118150101,2021-08-01,0.2125469398,0.1634615627,1
70010048,A0118150103,2021-10-01,0.3245092186,0.1464453950,1
70010048,A0118150103,2021-11-01,0.2862240632,0.1626668936,1
70010048,A0118150103,2021-12-01,0.2305084840,0.1476462065,1
70010048,A0118150103,2022-02-01,0.2460648944,0.1634083544,1
70010048,A0118150103,2022-03-01,0.3083778998,0.1519027673,1
70010048,A0118150103,2022-04-01,0.3030173881,0.1456262557,1
70010048,A0118150103,2022-06-01,0.2969767847,0.1533614840,1
70010048,A0118150103,2022-07-01,0.3193357049,0.1260998999,1
70010048,A0118150103,2022-08-01,0.3061329837,0.1788145664,1
70011193,A0118150101,2017-09-01,0.1158242465,0.1143211196,1
70011193,A0118150101,2017-10-01,0.1198688507,0.1145410718,1
70011193,A0118150101,2017-11-01,0.1178220820,0.1159541901,1
70011193,A0118150101,2018-01-01,0.1486677970,0.1081074822,1
70011193,A0118150101,2018-02-01,0.1221333470,0.1064548944,1
70011193,A0118150101,2018-03-01,0.1466419349,0.1378852729,1
70011193,A0118150101,2018-05-01,0.1620491886,0.1649210806,1
70011193,A0118150101,2018-06-01,0.1261934181,0.1609065394,1
70011193,A0118150101,2018-07-01,0.1471907715,0.1665245742,1
70011193,A0118150101,2018-09-01,0.1649727801,0.0815206501,1
70011193,A0118150101,2018-10-01,0.1674416506,0.0917456260,1
70011193,A0118150101,2018-11-01,0.2096716028,0.0766575718,1
70011193,A0118150101,2019-01-01,0.1509961851,0.1020213670,1
70011193,A0118150101,2019-02-01,0.1624193017,0.0866008591,1
70011193,A0118150101,2019-03-01,0.1517680243,0.0865423475,1
70011193,A0118150101,2019-05-01,0.1886709920,0.0816804745,1
70011193,A0118150101,2019-06-01,0.1421153201,0.0839313272,1
70011193,A0118150101,2019-07-01,0.1947039561,0.0780630448,1
70011193,A0118150101,2019-09-01,0.1787686621,0.1154161659,1
70011193,A0118150101,2019-10-01,0.2316994922,0.0778056349,1
70011193,A0118150101,2019-11-01,0.1853404574,0.0936365169,1
70011193,A0118150101,2020-01-01,0.1878947152,0.0779083377,1
70011193,A0118150101,2020-02-01,0.2009412475,0.0994767934,1
70011193,A0118150101,2020-03-01,0.2200971619,0.0882447346,1
70011193,A0118150101,2020-05-01,0.1766682124,0.0916695347,1
70011193,A0118150101,2020-06-01,0.1603162423,0.0902346805,1
70011193,A0118150101,2020-07-01,0.1868131527,0.1200880951,1
70011193,A0118150101,2020-09-01,0.1508682123,0.0901941034,1
70011193,A0118150101,2020-10-01,0.2005085018,0.0913976393,1
70011193,A0118150101,2020-11-01,0.2231815144,0.0674336702,1
70011193,A0118150101,2021-01-01,0.2152588768,0.0826040905,1
70011193,A0118150101,2021-02-01,0.1828714844,0.0682881860,1
70011193,A0118150101,2021-03-01,0.2231668292,0.0846270361,1
70011193,A0118150101,2021-05-01,0.1551000384,0.0707543181,1
70011193,A0118150101,2021-06-01,0.1588627031,0.0901868056,1
70011193,A0118150101,2021-07-01,0.2249375635,0.0770711974,1
70011193,A0118150103,2021-09-01,0.2844611878,0.1569697210,1
70011193,A0118150103,2021-10-01,0.2864198941,0.1811201536,1
70011193,A0118150103,2021-11-01,0.2079317961,0.1769502334,1
70011193,A0118150103,2022-01-01,0.2252635042,0.1492454992,1
70011193,A0118150103,2022-02-01,0.2804693140,0.1405552876,1
70011193,A0118150103,2022-03-01,0.2782195599,0.1862509278,1
70011193,A0118150103,2022-05-01,0.2906814299,0.1918456789,1
70011193,A0118150103,2022-06-01,0.2127149867,0.1800834863,1
70011193,A0118150103,2022-07-01,0.2988276267,0.1454537681,1
70011194,A0118150101,2017-09-01,0.1357741620,0.1529925298,1
70011194,A0118150101,2017-10-01,0.1341661010,0.1471091024,1
70011194,A0118150101,2017-12-01,0.1598956621,0.1278405625,1
70011194,A0118150101,2018-01-01,0.1389920479,0.1083798091,1
70011194,A0118150101,2018-02-01,0.1426756384,0.1155965467,1
70011194,A0118150101,2018-04-01,0.1435234673,0.1349333474,1
70011194,A0118150101,2018-05-01,0.1375816131,0.1522086041,1
70011194,A0118150101,2018-06-01,0.1398764879,0.1557259615,1
70011194,A0118150101,2018-08-01,0.1539965309,0.1609884138,1
70011194,A0118150101,2018-09-01,0.1730858694,0.0744388845,1
70011194,A0118150101,2018-10-01,0.1635572720,0.0772651906,1
70011194,A0118150101,2018-12-01,0.2064724200,0.0706795511,1
70011194,A0118150101,2019-01-01,0.1684503679,0.0956974534,1
70011194,A0118150101,2019-02-01,0.2020913876,0.0701033428,1
70011194,A0118150101,2019-04-01,0.1818864333,0.0857015677,1
70011194,A0118150101,2019-05-01,0.1646601852,0.0719595356,1
70011194,A0118150101,2019-06-01,0.1600250531,0.0822622280,1
70011194,A0118150101,2019-08-01,0.1729044094,0.0776953176,1
70011194,A0118150101,2019-09-01,0.1768185144,0.0876848013,1
70011194,A0118150101,2019-10-01,0.2231511634,0.0954868727,1
70011194,A0118150101,2019-12-01,0.2246088965,0.0970265246,1
70011194,A0118150101,2020-01-01,0.2020221335,0.1074154013,1
70011194,A0118150101,2020-02-01,0.2137025574,0.1050772718,1
70011194,A0118150101,2020-04-01,0.1795458277,0.1121645843,1
70011194,A0118150101,2020-05-01,0.2297013895,0.1172775870,1
70011194,A0118150101,2020-06-01,0.1941957789,0.1205225800,1
70011194,A0118150101,2020-08-01,0.1820649634,0.0954033302,1
70011194,A0118150101,2020-09-01,0.2225677931,0.0850564066,1
70011194,A0118150101,2020-10-01,0.2096243228,0.0813970954,1
70011194,A0118150101,2020-12-01,0.2011526536,0.0849060626,1
70011194,A0118150101,2021-01-01,0.1572632515,0.0883962835,1
70011194,A0118150101,2021-02-01,0.1522369106,0.0836963061,1
70011194,A0118150101,2021-04-01,0.1794632013,0.0782029954,1
70011194,A0118150101,2021-05-01,0.2124661231,0.0853792697,1
70011194,A0118150101,2021-06-01,0.1860342287,0.0779338174,1
70011194,A0118150101,2021-08-01,0.1965425120,0.0745801637,1
70011194,A0118150103,2021-09-01,0.2324250684,0.1429767533,1
70011194,A0118150103,2021-10-01,0.2124192173,0.1922204672,1
70011194,A0118150103,2021-12-01,0.2731117423,0.1933129196,1
70011194,A0118150103,2022-01-01,0.2766369151,0.1394537442,1
70011194,A0118150103,2022-02-01,0.2949029171,0.1876979947,1
70011194,A0118150103,2022-04-01,0.2488141576,0.1715238647,1
70011194,A0118150103,2022-05-01,0.2351559231,0.1405697778,1
70011194,A0118150103,2022-06-01,0.2639010277,0.1710042651,1
70011194,A0118150103,2022-08-01,0.2387689043,0.1763017520,1
70012042,A0118150102,2017-12-01,0.0000000000,0.0000000000,1
70012042,A0118150101,2018-09-01,0.2684548107,0.0789431644,1
70012042,A0118150101,2018-10-01,0.3027448160,0.1030783192,1
70012042,A0118150101,2018-12-01,0.2875913004,0.0972282278,1
70012042,A0118150101,2019-01-01,0.2263273188,0.0738956633,1
70012042,A0118150101,2019-02-01,0.2481541460,0.0915869556,1
70012042,A0118150101,2019-04-01,0.2354207373,0.0954355863,1
70012042,A0118150101,2019-05-01,0.2157545749,0.1036270507,1
70012042,A0118150101,2019-06-01,0.2113518266,0.0763055864,1
70012042,A0118150101,2019-08-01,0.2723560373,0.0753195999,1
70012042,A0118150101,2019-09-01,0.2050605574,0.1166702682,1
70012042,A0118150101,2019-10-01,0.2677268627,0.0932536230,1
70012042,A0118150101,2019-12-01,0.2743643981,0.1246436011,1
70012042,A0118150101,2020-01-01,0.2630975753,0.1131414061,1
70012042,A0118150101,2020-02-01,0.2891532610,0.1351557857,1
70012042,A0118150101,2020-04-01,0.2035513718,0.1105069542,1
70012042,A0118150101,2020-05-01,0.2877606703,0.0998461453,1
70012042,A0118150101,2020-06-01,0.2900169711,0.0945572227,1
70012042,A0118150101,2020-08-01,0.2705647079,0.1244621254,1
70012042,A0118150101,2020-09-01,0.2501323538,0.1995759042,1
70012042,A0118150101,2020-10-01,0.3269472911,0.1979669614,1
70012042,A0118150101,2020-12-01,0.3347728526,0.1438014952,1
70012042,A0118150101,2021-01-01,0.3398899485,0.1608600858,1
70012042,A0118150101,2021-02-01,0.3358611110,0.1923878266,1
70012042,A0118150101,2021-04-01,0.3288532975,0.1710545295,1
70012042,A0118150101,2021-05-01,0.2679353460,0.1418327710,1
70012042,A0118150101,2021-06-01,0.3084318125,0.1727953021,1
70012042,A0118150101,2021-08-01,0.2963861906,0.1767578970,1
70012042,A0118150103,2021-09-01,0.3275926164,0.1652371768,1
70012042,A0118150103,2021-10-01,0.3088356690,0.1732499936,1
70012042,A0118150103,2021-12-01,0.3174009803,0.1426428535,1
70012042,A0118150103,2022-01-01,0.3312483435,0.1535929706,1
70012042,A0118150103,2022-02-01,0.3173252475,0.1677505176,1
70012042,A0118150103,2022-04-01,0.3415156694,0.1431193466,1
70012042,A0118150103,2022-05-01,0.2534903563,0.1384125360,1
70012042,A0118150103,2022-06-01,0.2646480502,0.1739823116,1
70012042,A0118150103,2022-08-01,0.2715682103,0.1542854508,1
70012043,A0118150102,2017-12-01,0.0000000000,0.0000000000,1
70012043,A0118150101,2018-09-01,0.2338337418,0.0785211773,1
70012043,A0118150101,2018-11-01,0.2677517966,0.0918475566,1
70012043,A0118150101,2018-12-01,0.3114665098,0.0926796554,1
70012043,A0118150101,2019-01-01,0.2773330188,0.0935610784,1
70012043,A0118150101,2019-03-01,0.2368563658,0.0845041693,1
70012043,A0118150101,2019-04-01,0.2322906011,0.0997985943,1
70012043,A0118150101,2019-05-01,0.2124537737,0.0748630787,1
70012043,A0118150101,2019-07-01,0.2773726582,0.0964870255,1
70012043,A0118150101,2019-08-01,0.2396825537,0.0831133332,1
70012043,A0118150101,2019-09-01,0.2541705978,0.1071847113,1
70012043,A0118150101,2019-11-01,0.2510611729,0.0960550747,1
70012043,A0118150101,2019-12-01,0.2493468246,0.0930915351,1
70012043,A0118150101,2020-01-01,0.2428879147,0.0922860676,1
70012043,A0118150101,2020-03-01,0.2611663723,0.1073391798,1
70012043,A0118150101,2020-04-01,0.2668538394,0.1329685687,1
70012043,A0118150101,2020-05-01,0.2543556486,0.0965851754,1
70012043,A0118150101,2020-07-01,0.2024294608,0.0901795490,1
70012043,A0118150101,2020-08-01,0.2131856803,0.1241154389,1
70012043,A0118150101,2020-09-01,0.2823627305,0.1817924900,1
70012043,A0118150101,2020-11-01,0.3311124021,0.1426231299,1
70012043,A0118150101,2020-12-01,0.2632972971,0.1279522131,1
70012043,A0118150101,2021-01-01,0.3326654217,0.1759271871,1
70012043,A0118150101,2021-03-01,0.3020259688,0.1996630775,1
70012043,A0118150101,2021-04-01,0.3031174939,0.1964443731,1
70012043,A0118150101,2021-05-01,0.3160090270,0.1296077525,1
70012043,A0118150101,2021-07-01,0.2354436818,0.1944299058,1
70012043,A0118150101,2021-08-01,0.3094312157,0.1449965652,1
70012043,A0118150103,2021-09-01,0.2367824913,0.1379658066,1
70012043,A0118150103,2021-11-01,0.2685231667,0.1483364192,1
70012043,A0118150103,2021-12-01,0.3102782368,0.1746230068,1
70012043,A0118150103,2022-01-01,0.2421928207,0.1282495670,1
70012043,A0118150103,2022-03-01,0.2988451006,0.1186359430,1
70012043,A0118150103,2022-04-01,0.3183305222,0.1716282035,1
70012043,A0118150103,2022-05-01,0.3267798076,0.1217859750,1
70012043,A0118150103,2022-07-01,0.2441345602,0.1352205864,1
70012043,A0118150103,2022-08-01,0.3358013472,0.1620900942,1
70013125,A0118150101,2017-09-01,0.1984778313,0.1204965234,1
70013125,A0118150101,2017-10-01,0.2165727542,0.1087480875,1
70013125,A0118150101,2017-11-01,0.2498327698,0.1592566768,1
70013125,A0118150101,2018-01-01,0.1809068789,0.1139805731,1
70013125,A0118150101,2018-02-01,0.2666811326,0.1096973096,1
70013125,A0118150101,2018-03-01,0.2026330374,0.1426463347,1
70013125,A0118150101,2018-05-01,0.2456441489,0.1329409971,1
70013125,A0118150101,2018-06-01,0.1870196818,0.1580594955,1
70013125,A0118150101,2018-07-01,0.2206671255,0.1258999793,1
70013125,A0118150101,2018-09-01,0.1308791232,0.1088897339,1
70013125,A0118150101,2018-10-01,0.1115378296,0.1035553248,1
70013125,A0118150101,2018-11-01,0.1187866207,0.1394321226,1
70013125,A0118150101,2019-01-01,0.1607552416,0.1303916903,1
70013125,A0118150101,2019-02-01,0.1544039099,0.1111040586,1
70013125,A0118150101,2019-03-01,0.1382868967,0.1382796955,1
70013125,A0118150101,2019-05-01,0.1544335951,0.1443581716,1
70013125,A0118150101,2019-06-01,0.1499444431,0.1124701714,1
70013125,A0118150101,2019-07-01,0.1605711083,0.1240495431,1
70013125,A0118150101,2019-09-01,0.3073606414,0.1523771065,1
70013125,A0118150101,2019-10-01,0.3220488069,0.1572717293,1
70013125,A0118150101,2019-11-01,0.2519112339,0.1164908553,1
70013125,A0118150101,2020-01-01,0.2410595325,0.1359619850,1
70013125,A0118150101,2020-02-01,0.2465494311,0.1081606156,1
70013125,A0118150101,2020-03-01,0.2904078731,0.1293865054,1
70013125,A0118150101,2020-05-01,0.2971748069,0.1634483585,1
70013125,A0118150101,2020-06-01,0.2929502462,0.1354888147,1
70013125,A0118150101,2020-07-01,0.3009580808,0.1474957021,1
70013125,A0118150101,2020-09-01,0.3215830821,0.1375208983,1
70013125,A0118150101,2020-10-01,0.2987405056,0.1351231183,1
70013125,A0118150101,2020-11-01,0.3355709199,0.1389112408,1
70013125,A0118150101,2021-01-01,0.2933007203,0.1198989696,1
70013125,A0118150101,2021-02-01,0.2362371786,0.1549123093,1
70013125,A0118150101,2021-03-01,0.3148811862,0.1281589819,1
70013125,A0118150101,2021-05-01,0.2513553661,0.1224534821,1
70013125,A0118150101,2021-06-01,0.2406900154,0.1476330989,1
70013125,A0118150101,2021-07-01,0.2486680166,0.1523474287,1
70013125,A0118150103,2021-09-01,0.2406460629,0.1205050288,1
70013125,A0118150103,2021-10-01,0.2010077911,0.1048032641,1
70013125,A0118150103,2021-11-01,0.2235695056,0.1042947619,1
70013125,A0118150103,2022-01-01,0.2461258773,0.1029978272,1
70013125,A0118150103,2022-02-01,0.2132397714,0.0916033837,1
70013125,A0118150103,2022-03-01,0.2168405407,0.0941741500,1
70013125,A0118150103,2022-05-01,0.2561997164,0.0884503419,1
70013125,A0118150103,2022-06-01,0.2866133194,0.1316620496,1
70013125,A0118150103,2022-07-01,0.2539557733,0.1239753436,1
70013126,A0118150101,2017-09-01,0.2619508671,0.1065214858,1
70013126,A0118150101,2017-10-01,0.1805509849,0.1542278353,1
70013126,A0118150101,2017-12-01,0.2023564212,0.1180755822,1
70013126,A0118150101,2018-01-01,0.1909590517,0.1365412220,1
70013126,A0118150101,2018-02-01,0.1966415731,0.1068229821,1
70013126,A0118150101,2018-04-01,0.2336144325,0.1316380388,1
70013126,A0118150101,2018-05-01,0.2106509600,0.1409210864,1
70013126,A0118150101,2018-06-01,0.1784955866,0.1102291289,1
70013126,A0118150101,2018-08-01,0.2433702880,0.1024681977,1
70013126,A0118150101,2018-09-01,0.1219671957,0.1565076690,1
70013126,A0118150101,2018-10-01,0.1119573843,0.1282893901,1
70013126,A0118150101,2018-12-01,0.1551589157,0.1190927667,1
70013126,A0118150101,2019-01-01,0.1457307516,0.1501900567,1
70013126,A0118150101,2019-02-01,0.1279690761,0.1303065119,1
70013126,A0118150101,2019-04-01,0.1382153693,0.1259182178,1
70013126,A0118150101,2019-05-01,0.1491881839,0.1525949148,1
70013126,A0118150101,2019-06-01,0.1161846447,0.1550582017,1
70013126,A0118150101,2019-08-01,0.1237539667,0.1399285912,1
70013126,A0118150101,2019-09-01,0.3181453406,0.1629763811,1
70013126,A0118150101,2019-10-01,0.3103190349,0.1596344432,1
70013126,A0118150101,2019-12-01,0.3423642496,0.1609699327,1
70013126,A0118150101,2020-01-01,0.2901190658,0.1419597432,1
70013126,A0118150101,2020-02-01,0.3070018157,0.1666212468,1
70013126,A0118150101,2020-04-01,0.2811047182,0.1279825932,1
70013126,A0118150101,2020-05-01,0.2808777851,0.1309655070,1
70013126,A0118150101,2020-06-01,0.3223444430,0.1536963766,1
70013126,A0118150101,2020-08-01,0.3408302008,0.1101143855,1
70013126,A0118150101,2020-09-01,0.3020232154,0.1133534647,1
70013126,A0118150101,2020-10-01,0.2580778797,0.1479346098,1
70013126,A0118150101,2020-12-01,0.3483460115,0.1057469424,1
70013126,A0118150101,2021-01-01,0.2385571755,0.1524286113,1
70013126,A0118150101,2021-02-01,0.2902506324,0.1021826175,1
70013126,A0118150101,2021-04-01,0.3099498637,0.1419202408,1
70013126,A0118150101,2021-05-01,0.2632334555,0.1580214802,1
70013126,A0118150101,2021-06-01,0.2899715865,0.1320542957,1
70013126,A0118150101,2021-08-01,0.2493222119,0.1329354474,1
70013126,A0118150103,2021-09-01,0.2273100568,0.1068992867,1
70013126,A0118150103,2021-10-01,0.2862456718,0.1112081950,1
70013126,A0118150103,2021-12-01,0.2461640755,0.1181555647,1
70013126,A0118150103,2022-01-01,0.2805143177,0.1035464674,1
70013126,A0118150103,2022-02-01,0.2685698227,0.0938401619,1
70013126,A0118150103,2022-04-01,0.2005920085,0.1065108878,1
70013126,A0118150103,2022-05-01,0.1991301934,0.1366811325,1
70013126,A0118150103,2022-06-01,0.2313473161,0.1378650604,1
70013126,A0118150103,2022-08-01,0.2671747794,0.1148786290,1
70014142,A0118150102,2017-12-01,0.0000000000,0.0000000000,1
70014142,A0118150101,2018-09-01,0.2253445842,0.1131111897,1
70014142,A0118150101,2018-10-01,0.2099110729,0.0944986556,1
70014142,A0118150101,2018-12-01,0.2654567171,0.0987452253,1
70014142,A0118150101,2019-01-01,0.2608802198,0.0823267929,1
70014142,A0118150101,2019-02-01,0.3090377320,0.1031197127,1
70014142,A0118150101,2019-04-01,0.2746743234,0.1068255491,1
70014142,A0118150101,2019-05-01,0.2543366601,0.0935220753,1
70014142,A0118150101,2019-06-01,0.2203780507,0.0864893497,1
70014142,A0118150101,2019-08-01,0.2755683396,0.1195487341,1
70014142,A0118150101,2019-09-01,0.1454523487,0.1040321490,1
70014142,A0118150101,2019-10-01,0.1356247569,0.1103352062,1
70014142,A0118150101,2019-12-01,0.1151360936,0.0986608719,1
70014142,A0118150101,2020-01-01,0.1263543661,0.0804975702,1
70014142,A0118150101,2020-02-01,0.1214909474,0.0788572608,1
70014142,A0118150101,2020-04-01,0.1357682476,0.1048384668,1
70014142,A0118150101,2020-05-01,0.1140750849,0.1198246538,1
70014142,A0118150101,2020-06-01,0.1312370818,0.0795103009,1
70014142,A0118150101,2020-08-01,0.1014696984,0.0911589519,1
70014142,A0118150101,2020-09-01,0.1019394670,0.1849489372,1
70014142,A0118150101,2020-10-01,0.1109589410,0.1666444819,1
70014142,A0118150101,2020-12-01,0.1206566694,0.1410391769,1
70014142,A0118150101,2021-01-01,0.1034588497,0.1584796453,1
70014142,A0118150101,2021-02-01,0.1326043197,0.1719040451,1
70014142,A0118150101,2021-04-01,0.1068698079,0.1223695262,1
70014142,A0118150101,2021-05-01,0.1121824229,0.1595480080,1
70014142,A0118150101,2021-06-01,0.1238045002,0.1634664901,1
70014142,A0118150101,2021-08-01,0.1037207690,0.1741128195,1
70014142,A0118150103,2021-09-01,0.2142747458,0.1454119559,1
70014142,A0118150103,2021-10-01,0.2813712235,0.1798919229,1
70014142,A0118150103,2021-12-01,0.1996544785,0.1461710124,1
70014142,A0118150103,2022-01-01,0.2606574705,0.1332020367,1
70014142,A0118150103,2022-02-01,0.2603708428,0.1291568025,1
70014142,A0118150103,2022-04-01,0.2532371795,0.1810858332,1
70014142,A0118150103,2022-05-01,0.2532691698,0.1392086442,1
70014142,A0118150103,2022-06-01,0.2077725285,0.1405013860,1
70014142,A0118150103,2022-08-01,0.2785470159,0.1974841147,1
70014143,A0118150102,2017-12-01,0.0000000000,0.0000000000,1
70014143,A0118150101,2018-09-01,0.2647250368,0.1161978313,1
70014143,A0118150101,2018-11-01,0.2870083009,0.0827316054,1
70014143,A0118150101,2018-12-01,0.2588015280,0.0954037345,1
70014143,A0118150101,2019-01-01,0.3009317720,0.1183973903,1
70014143,A0118150101,2019-03-01,0.2872113701,0.1126857455,1
70014143,A0118150101,2019-04-01,0.2570979197,0.0959160805,1
70014143,A0118150101,2019-05-01,0.2541681030,0.0817863422,1
70014143,A0118150101,2019-07-01,0.2742883716,0.0844143528,1
70014143,A0118150101,2019-08-01,0.2101339296,0.1123386198,1
70014143,A0118150101,2019-09-01,0.1467888815,0.0931725606,1
70014143,A0118150101,2019-11-01,0.0983708464,0.0940030366,1
70014143,A0118150101,2019-12-01,0.1184381952,0.0830798841,1
70014143,A0118150101,2020-01-01,0.1052281421,0.0844669129,1
70014143,A0118150101,2020-03-01,0.1431457245,0.1105956065,1
70014143,A0118150101,2020-04-01,0.1091168498,0.0853511322,1
70014143,A0118150101,2020-05-01,0.1368944063,0.0973469064,1
70014143,A0118150101,2020-07-01,0.1291786947,0.0931647858,1
70014143,A0118150101,2020-08-01,0.1414828892,0.0908089535,1
70014143,A0118150101,2020-09-01,0.1105046907,0.1589434597,1
70014143,A0118150101,2020-11-01,0.1051225313,0.1587316015,1
70014143,A0118150101,2020-12-01,0.1090114194,0.1419220330,1
70014143,A0118150101,2021-01-01,0.1201196765,0.1427506498,1
70014143,A0118150101,2021-03-01,0.1294718059,0.1861253562,1
70014143,A0118150101,2021-04-01,0.1133675792,0.1646331198,1
70014143,A0118150101,2021-05-01,0.1124595818,0.1468392916,1
70014143,A0118150101,2021-07-01,0.1235955686,0.1411691163,1
70014143,A0118150101,2021-08-01,0.1101113418,0.1407398831,1
70014143,A0118150103,2021-09-01,0.2583240718,0.1345460683,1
70014143,A0118150103,2021-11-01,0.2359693800,0.1647248273,1
70014143,A0118150103,2021-12-01,0.2018828532,0.1642016251,1
70014143,A0118150103,2022-01-01,0.2803807012,0.1523670113,1
70014143,A0118150103,2022-03-01,0.2889376063,0.1491915149,1
70014143,A0118150103,2022-04-01,0.2231750373,0.1350739655,1
70014143,A0118150103,2022-05-01,0.2961672891,0.1484870434,1
70014143,A0118150103,2022-07-01,0.2851086482,0.1805067421,1
70014143,A0118150103,2022-08-01,0.2856887333,0.1803724911,1
70015151,A0118150102,2017-12-01,0.0000000000,0.0000000000,1
70015151,A0118150101,2019-09-01,0.2193663857,0.0982642309,1
70015151,A0118150101,2019-11-01,0.2919157911,0.0983764292,1
70015151,A0118150101,2019-12-01,0.2999571400,0.0911292182,1
70015151,A0118150101,2020-01-01,0.3259704695,0.0934187733,1
70015151,A0118150101,2020-03-01,0.2857116988,0.0739879489,1
70015151,A0118150101,2020-04-01,0.2450227681,0.0956511596,1
70015151,A0118150101,2020-05-01,0.2831711918,0.1008762488,1
70015151,A0118150101,2020-07-01,0.3042028630,0.0952088744,1
70015151,A0118150101,2020-08-01,0.2571858515,0.0805648942,1
70015151,A0118150101,2020-09-01,0.3512438391,0.1051247152,1
70015151,A0118150101,2020-11-01,0.3535836712,0.1351043035,1
70015151,A0118150101,2020-12-01,0.2808704099,0.1087387658,1
70015151,A0118150101,2021-01-01,0.2816879582,0.0945646224,1
70015151,A0118150101,2021-03-01,0.2736558237,0.1047642866,1
70015151,A0118150101,2021-04-01,0.2766764586,0.1206841871,1
70015151,A0118150101,2021-05-01,0.3217155637,0.1172680492,1
70015151,A0118150101,2021-07-01,0.2976520169,0.1155720051,1
70015151,A0118150101,2021-08-01,0.2737694200,0.1031466994,1
70015151,A0118150103,2021-09-01,0.2860321468,0.1321145882,1
70015151,A0118150103,2021-11-01,0.2824818090,0.1069520885,1
70015151,A0118150103,2021-12-01,0.2445889692,0.1314934615,1
70015151,A0118150103,2022-01-01,0.2507232599,0.1147290474,1
70015151,A0118150103,2022-03-01,0.2844282847,0.1251667787,1
70015151,A0118150103,2022-04-01,0.2114515922,0.1394687949,1
70015151,A0118150103,2022-05-01,0.2534176040,0.1206882248,1
70015151,A0118150103,2022-07-01,0.2814478600,0.1083042986,1
70015151,A0118150103,2022-08-01,0.2259364788,0.1055689817,1
70015152,A0118150102,2017-12-01,0.0000000000,0.0000000000,1
70015152,A0118150101,2019-10-01,0.3232608441,0.0768633426,1
70015152,A0118150101,2019-11-01,0.2430100843,0.0784711803,1
70015152,A0118150101,2019-12-01,0.2530819460,0.0967396755,1
70015152,A0118150101,2020-02-01,0.2724231291,0.0879109530,1
70015152,A0118150101,2020-03-01,0.2963855508,0.0964564409,1
70015152,A0118150101,2020-04-01,0.2448757692,0.0969310482,1
70015152,A0118150101,2020-06-01,0.2800327262,0.0744910549,1
70015152,A0118150101,2020-07-01,0.2659735601,0.0656360947,1
70015152,A0118150101,2020-08-01,0.2420660284,0.0663345570,1
70015152,A0118150101,2020-10-01,0.2513608516,0.1089089927,1
70015152,A0118150101,2020-11-01,0.2820756867,0.1440801962,1
70015152,A0118150101,2020-12-01,0.2506645894,0.1084446280,1
70015152,A0118150101,2021-02-01,0.2742738284,0.1428904808,1
70015152,A0118150101,2021-03-01,0.2657192539,0.1112847883,1
70015152,A0118150101,2021-04-01,0.2897186550,0.1092904164,1
70015152,A0118150101,2021-06-01,0.2779531748,0.0976637228,1
70015152,A0118150101,2021-07-01,0.2840283277,0.1453212839,1
70015152,A0118150101,2021-08-01,0.3566973332,0.1138990367,1
70015152,A0118150103,2021-10-01,0.2186675967,0.1419109827,1
70015152,A0118150103,2021-11-01,0.2406064638,0.1170037117,1
70015152,A0118150103,2021-12-01,0.2273693994,0.1296364808,1
70015152,A0118150103,2022-02-01,0.2555662521,0.1068980499,1
70015152,A0118150103,2022-03-01,0.2543754395,0.1456135462,1
70015152,A0118150103,2022-04-01,0.2459397266,0.1442787170,1
70015152,A0118150103,2022-06-01,0.2107774292,0.1352967807,1
70015152,A0118150103,2022-07-01,0.2769713925,0.1462810921,1
70015152,A0118150103,2022-08-01,0.2345718109,0.1506811214,1
70016177,A0118150101,2017-09-01,0.1201113739,0.1766635026,1
70016177,A0118150101,2017-10-01,0.0978433011,0.1330978030,1
70016177,A0118150101,2017-11-01,0.1287709686,0.1456216914,1
70016177,A0118150101,2018-01-01,0.1231562913,0.1888487185,1
70016177,A0118150101,2018-02-01,0.1171220552,0.1777026256,1
70016177,A0118150101,2018-03-01,0.1279506249,0.1514082324,1
70016177,A0118150101,2018-05-01,0.1126139941,0.1272087422,1
70016177,A0118150101,2018-06-01,0.0987996360,0.1657552504,1
70016177,A0118150101,2018-07-01,0.1248159996,0.1889588505,1
70016177,A0118150101,2018-09-01,0.2776113796,0.1557798210,1
70016177,A0118150101,2018-10-01,0.2432818040,0.1098323726,1
70016177,A0118150101,2018-11-01,0.2724659887,0.1563315199,1
70016177,A0118150101,2019-01-01,0.2557919078,0.1228188702,1
70016177,A0118150101,2019-02-01,0.2713349387,0.1314216900,1
70016177,A0118150101,2019-03-01,0.2772283401,0.1113018188,1
70016177,A0118150101,2019-05-01,0.2359987352,0.1139394146,1
70016177,A0118150101,2019-06-01,0.2672597512,0.1441267666,1
70016177,A0118150101,2019-07-01,0.2044481957,0.1053338086,1
70016177,A0118150101,2019-09-01,0.1440845953,0.1725489165,1
70016177,A0118150101,2019-10-01,0.1855767365,0.1563874078,1
70016177,A0118150101,2019-11-01,0.1749860305,0.1270821395,1
70016177,A0118150101,2020-01-01,0.1364783837,0.1502424018,1
70016177,A0118150101,2020-02-01,0.1790473509,0.1310290231,1
70016177,A0118150101,2020-03-01,0.1748888011,0.1638951800,1
70016177,A0118150101,2020-05-01,0.1614942683,0.1230716398,1
70016177,A0118150101,2020-06-01,0.1529044249,0.1711825138,1
70016177,A0118150101,2020-07-01,0.1809768532,0.1378527249,1
70016177,A0118150101,2020-09-01,0.2090751777,0.0896500660,1
70016177,A0118150101,2020-10-01,0.1426917932,0.1172390114,1
70016177,A0118150101,2020-11-01,0.1849710243,0.1371446255,1
70016177,A0118150101,2021-01-01,0.1762291237,0.1118738179,1
70016177,A0118150101,2021-02-01,0.2054761501,0.0973860995,1
70016177,A0118150101,2021-03-01,0.1603328425,0.1196930399,1
70016177,A0118150101,2021-05-01,0.1757196925,0.1203689864,1
70016177,A0118150101,2021-06-01,0.1413904760,0.1202492965,1
70016177,A0118150101,2021-07-01,0.1736422946,0.1166290802,1
70016177,A0118150103,2021-09-01,0.1942469001,0.1041022300,1
70016177,A0118150103,2021-10-01,0.1946038274,0.1254487468,1
70016177,A0118150103,2021-11-01,0.1569390698,0.1011350596,1
70016177,A0118150103,2022-01-01,0.1829982877,0.0924967213,1
70016177,A0118150103,2022-02-01,0.1865695728,0.1001864766,1
70016177,A0118150103,2022-03-01,0.2037200448,0.0873039242,1
70016177,A0118150103,2022-05-01,0.1855956038,0.1063619856,1
70016177,A0118150103,2022-06-01,0.2117185552,0.0885705094,1
70016177,A0118150103,2022-07-01,0.2085419584,0.1079784352,1
70016178,A0118150101,2017-09-01,0.1272823463,0.1465150167,1
70016178,A0118150101,2017-10-01,0.0971193360,0.1516286042,1
70016178,A0118150101,2017-12-01,0.1036120847,0.1588686113,1
70016178,A0118150101,2018-01-01,0.1169056775,0.1913738453,1
70016178,A0118150101,2018-02-01,0.1309720684,0.1548706771,1
70016178,A0118150101,2018-04-01,0.1014947556,0.1252334555,1
70016178,A0118150101,2018-05-01,0.1258743862,0.1852624010,1
70016178,A0118150101,2018-06-01,0.0883519299,0.1662454775,1
70016178,A0118150101,2018-08-01,0.1214574728,0.1524529454,1
70016178,A0118150101,2018-09-01,0.1901214283,0.1064336623,1
70016178,A0118150101,2018-10-01,0.2197438337,0.1538915644,1
70016178,A0118150101,2018-12-01,0.2642403091,0.1613278089,1
70016178,A0118150101,2019-01-01,0.2351118541,0.1628770720,1
70016178,A0118150101,2019-02-01,0.2251972222,0.1307221847,1
70016178,A0118150101,2019-04-01,0.2611518427,0.1233332119,1
70016178,A0118150101,2019-05-01,0.2686764332,0.1464259545,1
70016178,A0118150101,2019-06-01,0.1947068877,0.1333359988,1
70016178,A0118150101,2019-08-01,0.2386310304,0.1121426445,1
70016178,A0118150101,2019-09-01,0.1640658476,0.1533393000,1
70016178,A0118150101,2019-10-01,0.1783251762,0.1658050890,1
70016178,A0118150101,2019-12-01,0.1773838698,0.1308249166,1
70016178,A0118150101,2020-01-01,0.1862198568,0.1230870802,1
70016178,A0118150101,2020-02-01,0.1729258361,0.1798614874,1
70016178,A0118150101,2020-04-01,0.1766628580,0.1774843533,1
70016178,A0118150101,2020-05-01,0.1705887624,0.1356656329,1
70016178,A0118150101,2020-06-01,0.1789929011,0.1689767808,1
70016178,A0118150101,2020-08-01,0.1475340734,0.1613090037,1
70016178,A0118150101,2020-09-01,0.1916638467,0.1309844222,1
70016178,A0118150101,2020-10-01,0.1553070543,0.0999234831,1
70016178,A0118150101,2020-12-01,0.2040473633,0.0983725971,1
70016178,A0118150101,2021-01-01,0.1722379995,0.1203955600,1
70016178,A0118150101,2021-02-01,0.1456470895,0.1297268502,1
70016178,A0118150101,2021-04-01,0.1984421323,0.0923729932,1
70016178,A0118150101,2021-05-01,0.1465101531,0.1112036049,1
70016178,A0118150101,2021-06-01,0.1721951073,0.1227418516,1
70016178,A0118150101,2021-08-01,0.1651062910,0.0933762362,1
70016178,A0118150103,2021-09-01,0.1944595624,0.0990189589,1
70016178,A0118150103,2021-10-01,0.2103822165,0.1162959021,1
70016178,A0118150103,2021-12-01,0.1915930507,0.1132524818,1
70016178,A0118150103,2022-01-01,0.1708566457,0.1070836838,1
70016178,A0118150103,2022-02-01,0.1510784718,0.0969449992,1
70016178,A0118150103,2022-04-01,0.2061427941,0.0957916010,1
70016178,A0118150103,2022-05-01,0.1874514898,0.1301334619,1
70016178,A0118150103,2022-06-01,0.2032022214,0.0972154368,1
70016178,A0118150103,2022-08-01,0.1479930409,0.1200777406,1
70017060,A0118150102,2017-12-01,0.0000000000,0.0000000000,1
70017060,A0118150101,2018-10-01,0.1406403052,0.1333662508,1
70017060,A0118150101,2018-11-01,0.1665271010,0.1835148703,1
70017060,A0118150101,2018-12-01,0.1473229066,0.1306999277,1
70017060,A0118150101,2019-02-01,0.1167342998,0.1458002126,1
70017060,A0118150101,2019-03-01,0.1520428643,0.1912103550,1
70017060,A0118150101,2019-04-01,0.1544514321,0.1584047763,1
70017060,A0118150101,2019-06-01,0.1191701467,0.1383188027,1
70017060,A0118150101,2019-07-01,0.1451739662,0.1623850668,1
70017060,A0118150101,2019-08-01,0.1294323258,0.1577953305,1
70017060,A0118150101,2019-10-01,0.3120900720,0.1150755313,1
70017060,A0118150101,2019-11-01,0.3102323323,0.0778614372,1
70017060,A0118150101,2019-12-01,0.2893824553,0.0986149026,1
70017060,A0118150101,2020-02-01,0.2202010896,0.1153685959,1
70017060,A0118150101,2020-03-01,0.2515894287,0.0909272821,1
70017060,A0118150101,2020-04-01,0.2598696269,0.0909963979,1
70017060,A0118150101,2020-06-01,0.2874322681,0.1050902342,1
70017060,A0118150101,2020-07-01,0.2204454620,0.0903683991,1
70017060,A0118150101,2020-08-01,0.2692684972,0.0894778559,1
70017060,A0118150101,2020-10-01,0.1936559314,0.0868950180,1
70017060,A0118150101,2020-11-01,0.2260377275,0.0995189142,1
70017060,A0118150101,2020-12-01,0.1700583441,0.0777632636,1
70017060,A0118150101,2021-02-01,0.2379224709,0.0849366821,1
70017060,A0118150101,2021-03-01,0.1735927001,0.1005321308,1
70017060,A0118150101,2021-04-01,0.1871366754,0.0937387982,1
70017060,A0118150101,2021-06-01,0.2122012190,0.1061305153,1
70017060,A0118150101,2021-07-01,0.2303588562,0.0730226819,1
70017060,A0118150101,2021-08-01,0.2282457541,0.0879885531,1
70017060,A0118150103,2021-10-01,0.2879550350,0.1740215443,1
70017060,A0118150103,2021-11-01,0.2625997327,0.1395441511,1
70017060,A0118150103,2021-12-01,0.2441553080,0.1352743030,1
70017060,A0118150103,2022-02-01,0.2301434010,0.1307528777,1
70017060,A0118150103,2022-03-01,0.2719898893,0.1527362741,1
70017060,A0118150103,2022-04-01,0.2430135424,0.1363202530,1
70017060,A0118150103,2022-06-01,0.2917330056,0.1532447549,1
70017060,A0118150103,2022-07-01,0.2458804468,0.1751779706,1
70017060,A0118150103,2022-08-01,0.2336402326,0.1914631672,1
70018115,A0118150102,2017-12-01,0.0000000000,0.0000000000,1
70018115,A0118150101,2019-09-01,0.1487919443,0.1840601868,1
70018115,A0118150101,2019-11-01,0.1588354538,0.1429992231,1
70018115,A0118150101,2019-12-01,0.1523843683,0.1929763052,1
70018115,A0118150101,2020-01-01,0.1396007087,0.1865953305,1
70018115,A0118150101,2020-03-01,0.1542270673,0.1401151398,1
70018115,A0118150101,2020-04-01,0.1490290970,0.1694579649,1
70018115,A0118150101,2020-05-01,0.1727279382,0.1622629171,1
70018115,A0118150101,2020-07-01,0.1384552862,0.1835972696,1
70018115,A0118150101,2020-08-01,0.2006134926,0.1487057563,1
70018115,A0118150101,2020-09-01,0.2354289023,0.1026176184,1
70018115,A0118150101,2020-11-01,0.2637330441,0.1368535522,1
70018115,A0118150101,2020-12-01,0.2244250872,0.1273238094,1
70018115,A0118150101,2021-01-01,0.2237679579,0.1039229644,1
70018115,A0118150101,2021-03-01,0.2906139424,0.1115019424,1
70018115,A0118150101,2021-04-01,0.2427658613,0.1356484064,1
70018115,A0118150101,2021-05-01,0.2520822790,0.0983339339,1
70018115,A0118150101,2021-07-01,0.2185866587,0.1334075502,1
70018115,A0118150101,2021-08-01,0.2885979961,0.1307605514,1
70018115,A0118150103,2021-09-01,0.1211455130,0.0988827516,1
70018115,A0118150103,2021-11-01,0.1130505494,0.1110360201,1
70018115,A0118150103,2021-12-01,0.0946903222,0.1109498633,1
70018115,A0118150103,2022-01-01,0.1128436875,0.1032498055,1
70018115,A0118150103,2022-03-01,0.1213631905,0.1121982476,1
70018115,A0118150103,2022-04-01,0.1282036091,0.0906746225,1
70018115,A0118150103,2022-05-01,0.1077351757,0.0961296820,1
70018115,A0118150103,2022-07-01,0.1296476114,0.0901059883,1
70018115,A0118150103,2022-08-01,0.1262696985,0.0840221956,1
70019204,A0118150102,2017-12-01,0.0000000000,0.0000000000,1
70019204,A0118150101,2018-10-01,0.1999728592,0.1283372517,1
70019204,A0118150101,2018-11-01,0.2326116602,0.1191632002,1
70019204,A0118150101,2018-12-01,0.2342010519,0.1206999460,1
70019204,A0118150101,2019-02-01,0.2360080594,0.0969602040,1
70019204,A0118150101,2019-03-01,0.2485572173,0.1140330607,1
70019204,A0118150101,2019-04-01,0.2032439081,0.0959135173,1
70019204,A0118150101,2019-06-01,0.1809200648,0.1166356798,1
70019204,A0118150101,2019-07-01,0.2364729184,0.1220551784,1
70019204,A0118150101,2019-08-01,0.2368896925,0.0918885632,1
70019204,A0118150101,2019-10-01,0.1653660258,0.1016929596,1
70019204,A0118150101,2019-11-01,0.1375573596,0.1114099457,1
70019204,A0118150101,2019-12-01,0.1818669753,0.0874718082,1
70019204,A0118150101,2020-02-01,0.1553648885,0.1132115900,1
70019204,A0118150101,2020-03-01,0.1647408547,0.1068055421,1
70019204,A0118150101,2020-04-01,0.1465394595,0.1178317454,1
70019204,A0118150101,2020-06-01,0.1671964235,0.1101125774,1
70019204,A0118150101,2020-07-01,0.1531277602,0.1186065533,1
70019204,A0118150101,2020-08-01,0.1692712644,0.0957342328,1
70019204,A0118150101,2020-10-01,0.1937648839,0.1065402941,1
70019204,A0118150101,2020-11-01,0.2590758852,0.1042850234,1
70019204,A0118150101,2020-12-01,0.2205469833,0.0768657252,1
70019204,A0118150101,2021-02-01,0.2558550197,0.0767208669,1
70019204,A0118150101,2021-03-01,0.1948289274,0.0777473515,1
70019204,A0118150101,2021-04-01,0.2169443900,0.0735587584,1
70019204,A0118150101,2021-06-01,0.1925466773,0.0772017114,1
70019204,A0118150101,2021-07-01,0.1992300935,0.1013694502,1
70019204,A0118150101,2021-08-01,0.2245157781,0.0771928755,1
70019204,A0118150103,2021-10-01,0.1662825216,0.1479243120,1
70019204,A0118150103,2021-11-01,0.1869837320,0.1667543558,1
70019204,A0118150103,2021-12-01,0.1889274013,0.1367358312,1
70019204,A0118150103,2022-02-01,0.1881422312,0.2039274641,1
70019204,A0118150103,2022-03-01,0.1959296898,0.1828418642,1
70019204,A0118150103,2022-04-01,0.2156295749,0.1947029846,1
70019204,A0118150103,2022-06-01,0.2009901264,0.1487660723,1
70019204,A0118150103,2022-07-01,0.2053101058,0.1729524697,1
70019204,A0118150103,2022-08-01,0.2396189441,0.1376559101,1
70020104,A0118150102,2017-12-01,0.0000000000,0.0000000000,1
70020104,A0118150101,2019-10-01,0.3150199488,0.1736814727,1
70020104,A0118150101,2019-11-01,0.3085278780,0.1559408347,1
70020104,A0118150101,2019-12-01,0.2578815144,0.1152364260,1
70020104,A0118150101,2020-02-01,0.2897191766,0.1201182347,1
70020104,A0118150101,2020-03-01,0.3123535175,0.1252684054,1
70020104,A0118150101,2020-04-01,0.2778998912,0.1144857769,1
70020104,A0118150101,2020-06-01,0.3316297348,0.1214538552,1
70020104,A0118150101,2020-07-01,0.3385592041,0.1291686035,1
70020104,A0118150101,2020-08-01,0.3138969788,0.1305637997,1
70020104,A0118150101,2020-10-01,0.2917399776,0.1156785787,1
70020104,A0118150101,2020-11-01,0.3125275801,0.1639863042,1
70020104,A0118150101,2020-12-01,0.2302741012,0.1635947281,1
70020104,A0118150101,2021-02-01,0.2989324743,0.1310924440,1
70020104,A0118150101,2021-03-01,0.2962914021,0.1254500895,1
70020104,A0118150101,2021-04-01,0.3134530605,0.1141626663,1
70020104,A0118150101,2021-06-01,0.2687905094,0.1557812852,1
70020104,A0118150101,2021-07-01,0.2309309791,0.1409074051,1
70020104,A0118150101,2021-08-01,0.2749900367,0.1404238393,1
70020104,A0118150103,2021-10-01,0.2473404183,0.1138947884,1
70020104,A0118150103,2021-11-01,0.2875615816,0.1197426155,1
70020104,A0118150103,2021-12-01,0.2518136526,0.1370077869,1
70020104,A0118150103,2022-02-01,0.2592142474,0.1180391924,1
70020104,A0118150103,2022-03-01,0.2828061938,0.1058490546,1
70020104,A0118150103,2022-04-01,0.2266570643,0.1220486647,1
70020104,A0118150103,2022-06-01,0.2634338850,0.1188324011,1
70020104,A0118150103,2022-07-01,0.3176768749,0.1283847381,1
70020104,A0118150103,2022-08-01,0.2132917922,0.1403912763,1
70021096,A0118150102,2017-12-01,0.0000000000,0.0000000000,1
70021096,A0118150101,2018-10-01,0.3292368814,0.0817191115,1
70021096,A0118150101,2018-11-01,0.3300723882,0.0753752310,1
70021096,A0118150101,2018-12-01,0.2714936639,0.0922470560,1
70021096,A0118150101,2019-02-01,0.2400076537,0.0667594137,1
70021096,A0118150101,2019-03-01,0.3083500523,0.0896482200,1
70021096,A0118150101,2019-04-01,0.2862809854,0.0807170396,1
70021096,A0118150101,2019-06-01,0.2708538703,0.0664053106,1
70021096,A0118150101,2019-07-01,0.2996769260,0.0878109809,1
70021096,A0118150101,2019-08-01,0.2284346499,0.0865901219,1
70021096,A0118150101,2019-10-01,0.2094759263,0.1693842182,1
70021096,A0118150101,2019-11-01,0.1626270282,0.1770529307,1
70021096,A0118150101,2019-12-01,0.2147305406,0.1591727376,1
70021096,A0118150101,2020-02-01,0.2329778359,0.1456960370,1
70021096,A0118150101,2020-03-01,0.1857958981,0.1519201559,1
70021096,A0118150101,2020-04-01,0.1762519231,0.1662559673,1
70021096,A0118150101,2020-06-01,0.2107816298,0.1563683825,1
70021096,A0118150101,2020-07-01,0.2305954048,0.1618702019,1
70021096,A0118150101,2020-08-01,0.2199738397,0.1491561715,1
70021096,A0118150101,2020-10-01,0.1515777808,0.0947934387,1
70021096,A0118150101,2020-11-01,0.1579583355,0.1007664449,1
70021096,A0118150101,2020-12-01,0.1288900960,0.0972842445,1
70021096,A0118150101,2021-02-01,0.1437120635,0.0789271032,1
70021096,A0118150101,2021-03-01,0.1412543154,0.0912167370,1
70021096,A0118150101,2021-04-01,0.1409613212,0.1044123273,1
70021096,A0118150101,2021-06-01,0.1520157010,0.1045657242,1
70021096,A0118150101,2021-07-01,0.1365993260,0.0712946233,1
70021096,A0118150101,2021-08-01,0.1829582519,0.0880928738,1
70021096,A0118150103,2021-10-01,0.2899877887,0.0713607002,1
70021096,A0118150103,2021-11-01,0.2474012343,0.0903086421,1
70021096,A0118150103,2021-12-01,0.2567180521,0.0801756849,1
70021096,A0118150103,2022-02-01,0.3144303405,0.0781272345,1
70021096,A0118150103,2022-03-01,0.3351499243,0.1071045194,1
70021096,A0118150103,2022-04-01,0.2906419871,0.1089892857,1
70021096,A0118150103,2022-06-01,0.2877928361,0.0977662663,1
70021096,A0118150103,2022-07-01,0.2484761601,0.0973569469,1
70021096,A0118150103,2022-08-01,0.2881284619,0.0736112304,1
70022084,A0118150101,2017-10-01,0.1154049110,0.1444658669,1
70022084,A0118150101,2017-11-01,0.1495232003,0.1334392813,1
70022084,A0118150101,2017-12-01,0.1646147915,0.1123433621,1
70022084,A0118150101,2018-02-01,0.1702848358,0.1062468061,1
70022084,A0118150101,2018-03-01,0.1621429926,0.1179631092,1
70022084,A0118150101,2018-04-01,0.1536846434,0.1278912497,1
70022084,A0118150101,2018-06-01,0.1320976632,0.1176759060,1
70022084,A0118150101,2018-07-01,0.1627396986,0.1422471429,1
70022084,A0118150101,2018-08-01,0.1674212286,0.1307903079,1
70022084,A0118150101,2018-10-01,0.1883873066,0.1373094450,1
70022084,A0118150101,2018-11-01,0.2761458394,0.1577189952,1
70022084,A0118150101,2018-12-01,0.2262897072,0.1220487686,1
70022084,A0118150101,2019-02-01,0.2598890694,0.1279334211,1
70022084,A0118150101,2019-03-01,0.2629243292,0.1269406420,1
70022084,A0118150101,2019-04-01,0.2163141903,0.1427203915,1
70022084,A0118150101,2019-06-01,0.2321203832,0.1817375774,1
70022084,A0118150101,2019-07-01,0.2178826483,0.1691527190,1
70022084,A0118150101,2019-08-01,0.2526483907,0.1374655550,1
70022084,A0118150101,2019-10-01,0.2048114923,0.1049295059,1
70022084,A0118150101,2019-11-01,0.2671271765,0.1052342054,1
70022084,A0118150101,2019-12-01,0.2861249298,0.1044367584,1
70022084,A0118150101,2020-02-01,0.2710764803,0.0717296057,1
70022084,A0118150101,2020-03-01,0.2305031261,0.0858632524,1
70022084,A0118150101,2020-04-01,0.2624785240,0.0915049105,1
70022084,A0118150101,2020-06-01,0.2166753860,0.0782508938,1
70022084,A0118150101,2020-07-01,0.2358053393,0.0715231359,1
70022084,A0118150101,2020-08-01,0.2353959157,0.1048807096,1
70022084,A0118150101,2020-10-01,0.1698256661,0.1307060526,1
70022084,A0118150101,2020-11-01,0.2439196297,0.1549975377,1
70022084,A0118150101,2020-12-01,0.1663507951,0.1339823048,1
70022084,A0118150101,2021-02-01,0.2382420829,0.1321362861,1
70022084,A0118150101,2021-03-01,0.1987639900,0.1177620917,1
70022084,A0118150101,2021-04-01,0.2000570153,0.1814360326,1
70022084,A0118150101,2021-06-01,0.2172451966,0.1267475564,1
70022084,A0118150101,2021-07-01,0.1741639194,0.1189746487,1
70022084,A0118150101,2021-08-01,0.2273477058,0.1679301751,1
70022084,A0118150103,2021-10-01,0.1424827601,0.1129934760,1
70022084,A0118150103,2021-11-01,0.1208282588,0.1363269880,1
70022084,A0118150103,2021-12-01,0.1221540359,0.1709635372,1
70022084,A0118150103,2022-02-01,0.1031746805,0.1322598665,1
70022084,A0118150103,2022-03-01,0.1221962876,0.1223920663,1
70022084,A0118150103,2022-04-01,0.1098611417,0.1117094880,1
70022084,A0118150103,2022-06-01,0.1162464645,0.1214904935,1
70022084,A0118150103,2022-07-01,0.1044780355,0.1118867073,1
70022084,A0118150103,2022-08-01,0.1277896588,0.1521590146,1
70022085,A0118150101,2017-09-01,0.1185525349,0.1289868256,1
70022085,A0118150101,2017-10-01,0.1298585308,0.1001580805,1
70022085,A0118150101,2017-11-01,0.1221542849,0.1213416130,1
70022085,A0118150101,2018-01-01,0.1431192303,0.1182910976,1
70022085,A0118150101,2018-02-01,0.1311772665,0.1084034205,1
70022085,A0118150101,2018-03-01,0.1230322294,0.1059219070,1
70022085,A0118150101,2018-05-01,0.1661015075,0.1112901015,1
70022085,A0118150101,2018-06-01,0.1693846023,0.0995888125,1
70022085,A0118150101,2018-07-01,0.1344638037,0.1201566437,1
70022085,A0118150101,2018-09-01,0.2444161613,0.1245313389,1
70022085,A0118150101,2018-10-01,0.2571945604,0.1262614399,1
70022085,A0118150101,2018-11-01,0.2552146047,0.1497586233,1
70022085,A0118150101,2019-01-01,0.2760882851,0.1220921383,1
70022085,A0118150101,2019-02-01,0.2052518681,0.1783595196,1
70022085,A0118150101,2019-03-01,0.2627761786,0.1676682143,1
70022085,A0118150101,2019-05-01,0.2679912375,0.1277996211,1
70022085,A0118150101,2019-06-01,0.2313971465,0.1855121648,1
70022085,A0118150101,2019-07-01,0.2176908370,0.1851342581,1
70022085,A0118150101,2019-09-01,0.2369157368,0.0920856404,1
70022085,A0118150101,2019-10-01,0.2816030057,0.1017332235,1
70022085,A0118150101,2019-11-01,0.2130461330,0.0771516203,1
70022085,A0118150101,2020-01-01,0.2369861609,0.1097158976,1
70022085,A0118150101,2020-02-01,0.1935236992,0.0810698965,1
70022085,A0118150101,2020-03-01,0.2429166232,0.1021931231,1
70022085,A0118150101,2020-05-01,0.2600447467,0.1034293949,1
70022085,A0118150101,2020-06-01,0.2259570015,0.0920086707,1
70022085,A0118150101,2020-07-01,0.1966988801,0.0779422384,1
70022085,A0118150101,2020-09-01,0.1637537844,0.1563089075,1
70022085,A0118150101,2020-10-01,0.2390887616,0.1617221217,1
70022085,A0118150101,2020-11-01,0.2002089499,0.1338520972,1
70022085,A0118150101,2021-01-01,0.2403926611,0.1667372324,1
70022085,A0118150101,2021-02-01,0.1931356507,0.1530223886,1
70022085,A0118150101,2021-03-01,0.1891928118,0.1637978614,1
70022085,A0118150101,2021-05-01,0.2007401984,0.1272850262,1
70022085,A0118150101,2021-06-01,0.2175398993,0.1449024440,1
70022085,A0118150101,2021-07-01,0.1745448780,0.1399459094,1
70022085,A0118150103,2021-09-01,0.1021951575,0.1486237747,1
70022085,A0118150103,2021-10-01,0.1389784593,0.1467414484,1
70022085,A0118150103,2021-11-01,0.1131230345,0.1322794190,1
70022085,A0118150103,2022-01-01,0.1449809222,0.1713681984,1
70022085,A0118150103,2022-02-01,0.1398067965,0.1305496386,1
70022085,A0118150103,2022-03-01,0.1247898769,0.1151903501,1
70022085,A0118150103,2022-05-01,0.1068906420,0.1550083448,1
70022085,A0118150103,2022-06-01,0.1139249406,0.1482082964,1
70022085,A0118150103,2022-07-01,0.1186671343,0.1448956935,1
70023031,A0118150101,2017-09-01,0.1889187955,0.1398874406,1
70023031,A0118150101,2017-11-01,0.1629706257,0.1733111324,1
70023031,A0118150101,2017-12-01,0.1366063098,0.1464044701,1
70023031,A0118150101,2018-01-01,0.1614159752,0.1681025606,1
70023031,A0118150101,2018-03-01,0.1459717396,0.1731870736,1
70023031,A0118150101,2018-04-01,0.1784813410,0.1545333167,1
70023031,A0118150101,2018-05-01,0.1519219830,0.1648039690,1
70023031,A0118150101,2018-07-01,0.1727465033,0.1620290403,1
70023031,A0118150101,2018-08-01,0.1862214662,0.1515855783,1
70023031,A0118150101,2018-09-01,0.1970193014,0.0989677341,1
70023031,A0118150101,2018-11-01,0.1882129764,0.0792971259,1
70023031,A0118150101,2018-12-01,0.2437220332,0.1147865779,1
70023031,A0118150101,2019-01-01,0.1830349985,0.1035349654,1
70023031,A0118150101,2019-03-01,0.2452860089,0.0839964628,1
70023031,A0118150101,2019-04-01,0.2055783433,0.1233720335,1
70023031,A0118150101,2019-05-01,0.1911329956,0.0964246682,1
70023031,A0118150101,2019-07-01,0.2353842520,0.1066961439,1
70023031,A0118150101,2019-08-01,0.1914828753,0.0845830753,1
70023031,A0118150101,2019-09-01,0.1205119351,0.1299503911,1
70023031,A0118150101,2019-11-01,0.1425422496,0.1093553991,1
70023031,A0118150101,2019-12-01,0.1489637604,0.1316255848,1
70023031,A0118150101,2020-01-01,0.1328589541,0.1072081862,1
70023031,A0118150101,2020-03-01,0.1508635084,0.1096695313,1
70023031,A0118150101,2020-04-01,0.1322507227,0.1248968096,1
70023031,A0118150101,2020-05-01,0.1098685079,0.1294735739,1
70023031,A0118150101,2020-07-01,0.1390009875,0.1137923456,1
70023031,A0118150101,2020-08-01,0.1359542038,0.1543158394,1
70023031,A0118150101,2020-09-01,0.2665006878,0.0920393807,1
70023031,A0118150101,2020-11-01,0.2081547596,0.0844615809,1
70023031,A0118150101,2020-12-01,0.1914995964,0.0743153634,1
70023031,A0118150101,2021-01-01,0.2110320951,0.0903446309,1
70023031,A0118150101,2021-03-01,0.1942343066,0.0966911883,1
70023031,A0118150101,2021-04-01,0.1963986037,0.1026929859,1
70023031,A0118150101,2021-05-01,0.2075257918,0.0830030829,1
70023031,A0118150101,2021-07-01,0.2403769150,0.0804818580,1
70023031,A0118150101,2021-08-01,0.2518916228,0.1051565946,1
70023031,A0118150103,2021-09-01,0.1390905393,0.0755810983,1
70023031,A0118150103,2021-11-01,0.1688393812,0.1083611523,1
70023031,A0118150103,2021-12-01,0.1293806673,0.0879368051,1
70023031,A0118150103,2022-01-01,0.1465930387,0.1125573956,1
70023031,A0118150103,2022-03-01,0.1517366547,0.1050221200,1
70023031,A0118150103,2022-04-01,0.1280640157,0.0724884753,1
70023031,A0118150103,2022-05-01,0.1466348213,0.0905676870,1
70023031,A0118150103,2022-07-01,0.1622075382,0.0974319035,1
70023031,A0118150103,2022-08-01,0.1623078479,0.0761867481,1
70023032,A0118150101,2017-10-01,0.1695553092,0.1172880292,1
70023032,A0118150101,2017-11-01,0.1401685240,0.1402403115,1
70023032,A0118150101,2017-12-01,0.1917435393,0.1739703311,1
70023032,A0118150101,2018-02-01,0.1696995807,0.1586350691,1
70023032,A0118150101,2018-03-01,0.1722570086,0.1596358428,1
70023032,A0118150101,2018-04-01,0.1696199995,0.1460487778,1
70023032,A0118150101,2018-06-01,0.1751151240,0.1437265140,1
70023032,A0118150101,2018-07-01,0.1436486435,0.1311938475,1
70023032,A0118150101,2018-08-01,0.1917903555,0.1473094206,1
70023032,A0118150101,2018-10-01,0.2064799564,0.1154488617,1
70023032,A0118150101,2018-11-01,0.2494714235,0.0802510820,1
70023032,A0118150101,2018-12-01,0.1820861924,0.1085067060,1
70023032,A0118150101,2019-02-01,0.2474094478,0.0886858323,1
70023032,A0118150101,2019-03-01,0.2538847056,0.1014778440,1
70023032,A0118150101,2019-04-01,0.2274080037,0.0861778992,1
70023032,A0118150101,2019-06-01,0.1944228255,0.1185896155,1
70023032,A0118150101,2019-07-01,0.1798126663,0.0802724953,1
70023032,A0118150101,2019-08-01,0.2003658498,0.1022152178,1
70023032,A0118150101,2019-10-01,0.1294421015,0.1460149777,1
70023032,A0118150101,2019-11-01,0.1321299458,0.1059164126,1
70023032,A0118150101,2019-12-01,0.1479186811,0.1459218701,1
70023032,A0118150101,2020-02-01,0.1439901943,0.1140855119,1
70023032,A0118150101,2020-03-01,0.1276380591,0.1167696900,1
70023032,A0118150101,2020-04-01,0.1286081777,0.1451116521,1
70023032,A0118150101,2020-06-01,0.1449117771,0.1351217370,1
70023032,A0118150101,2020-07-01,0.1180572495,0.1581759615,1
70023032,A0118150101,2020-08-01,0.1434798988,0.1273772011,1
70023032,A0118150101,2020-10-01,0.2184109854,0.0996210044,1
70023032,A0118150101,2020-11-01,0.2684332422,0.1098203059,1
70023032,A0118150101,2020-12-01,0.2348001619,0.1059815634,1
70023032,A0118150101,2021-02-01,0.2590352429,0.1093953244,1
70023032,A0118150101,2021-03-01,0.2090725944,0.0824663204,1
70023032,A0118150101,2021-04-01,0.2446827491,0.0838498558,1
70023032,A0118150101,2021-06-01,0.2433292307,0.1114773786,1
70023032,A0118150101,2021-07-01,0.2456108953,0.0841964304,1
70023032,A0118150101,2021-08-01,0.2197578520,0.0881968819,1
70023032,A0118150103,2021-10-01,0.1537434221,0.0836157445,1
70023032,A0118150103,2021-11-01,0.1200813745,0.0972820900,1
70023032,A0118150103,2021-12-01,0.1628707120,0.0873023558,1
70023032,A0118150103,2022-02-01,0.1155760370,0.0759727527,1
70023032,A0118150103,2022-03-01,0.1332461521,0.1113570067,1
70023032,A0118150103,2022-04-01,0.1270723592,0.0934622640,1
70023032,A0118150103,2022-06-01,0.1149632354,0.1126845740,1
70023032,A0118150103,2022-07-01,0.1650567067,0.0749474921,1
70023032,A0118150103,2022-08-01,0.1681307761,0.1037850844,1
70026206,A0118150102,2017-12-01,0.0000000000,0.0000000000,1
70026206,A0118150101,2018-09-01,0.1615595953,0.0838470634,1
70026206,A0118150101,2018-10-01,0.1956682224,0.0923930376,1
70026206,A0118150101,2018-12-01,0.2252097259,0.1089561695,1
70026206,A0118150101,2019-01-01,0.1787872366,0.0933699306,1
70026206,A0118150101,2019-02-01,0.2072931242,0.0966866634,1
70026206,A0118150101,2019-04-01,0.1925253906,0.0923093086,1
70026206,A0118150101,2019-05-01,0.2000025082,0.1192586909,1
70026206,A0118150101,2019-06-01,0.2336458943,0.1150342950,1
70026206,A0118150101,2019-08-01,0.1610382893,0.1103108958,1
70026206,A0118150101,2019-09-01,0.2721698812,0.1161919965,1
70026206,A0118150101,2019-10-01,0.2721358492,0.1005237735,1
70026206,A0118150101,2019-12-01,0.2548364052,0.0753439728,1
70026206,A0118150101,2020-01-01,0.2481283603,0.0768891232,1
70026206,A0118150101,2020-02-01,0.2653583475,0.1039787654,1
70026206,A0118150101,2020-04-01,0.2463895716,0.1138870710,1
70026206,A0118150101,2020-05-01,0.3239734628,0.0784197111,1
70026206,A0118150101,2020-06-01,0.2690418383,0.1006386015,1
70026206,A0118150101,2020-08-01,0.3234683537,0.1057592296,1
70026206,A0118150101,2020-09-01,0.1987135523,0.0876282052,1
70026206,A0118150101,2020-10-01,0.2260133525,0.0907324766,1
70026206,A0118150101,2020-12-01,0.2323949252,0.0930056583,1
70026206,A0118150101,2021-01-01,0.1644902847,0.0903275114,1
70026206,A0118150101,2021-02-01,0.1894565301,0.0943488007,1
70026206,A0118150101,2021-04-01,0.2160664098,0.0761710871,1
70026206,A0118150101,2021-05-01,0.1986543339,0.0756225168,1
70026206,A0118150101,2021-06-01,0.2081363173,0.0979480004,1
70026206,A0118150101,2021-08-01,0.1681249388,0.0742021180,1
70026206,A0118150103,2021-09-01,0.1963403517,0.0997590199,1
70026206,A0118150103,2021-10-01,0.1616801733,0.1007227371,1
70026206,A0118150103,2021-12-01,0.1964568229,0.1157721945,1
70026206,A0118150103,2022-01-01,0.1660079374,0.0801273851,1
70026206,A0118150103,2022-02-01,0.1633082526,0.0824482499,1
70026206,A0118150103,2022-04-01,0.1525860950,0.1180005157,1
70026206,A0118150103,2022-05-01,0.1999154682,0.0856967850,1
70026206,A0118150103,2022-06-01,0.1871596931,0.0818019776,1
70026206,A0118150103,2022-08-01,0.1706299411,0.0951725830,1
70027208,A0118150101,2017-10-01,0.1963615689,0.1131963184,1
70027208,A0118150101,2017-11-01,0.2352903367,0.1042358413,1
70027208,A0118150101,2017-12-01,0.1968524734,0.0898824126,1
70027208,A0118150101,2018-02-01,0.2304712468,0.1005970562,1
70027208,A0118150101,2018-03-01,0.2531431562,0.1160688203,1
70027208,A0118150101,2018-04-01,0.2140775596,0.1198206663,1
70027208,A0118150101,2018-06-01,0.2871500012,0.1051322321,1
70027208,A0118150101,2018-07-01,0.2610285632,0.1077256862,1
70027208,A0118150101,2018-08-01,0.2085687317,0.1104278930,1
70027208,A0118150101,2018-10-01,0.1419742144,0.1522373801,1
70027208,A0118150101,2018-11-01,0.1484310727,0.1200778835,1
70027208,A0118150101,2018-12-01,0.1543931901,0.1485224660,1
70027208,A0118150101,2019-02-01,0.1194352267,0.1245393790,1
70027208,A0118150101,2019-03-01,0.1435825579,0.1492195742,1
70027208,A0118150101,2019-04-01,0.1469505244,0.1308888596,1
70027208,A0118150101,2019-06-01,0.1505291377,0.1289121211,1
70027208,A0118150101,2019-07-01,0.1324174973,0.1725054934,1
70027208,A0118150101,2019-08-01,0.1509304387,0.1656132808,1
70027208,A0118150101,2019-10-01,0.3094758625,0.1072051934,1
70027208,A0118150101,2019-11-01,0.2955498657,0.1259573260,1
70027208,A0118150101,2019-12-01,0.2880488280,0.1490555256,1
70027208,A0118150101,2020-02-01,0.2748019384,0.1519049400,1
70027208,A0118150101,2020-03-01,0.2640797295,0.1574730946,1
70027208,A0118150101,2020-04-01,0.2517751891,0.1547295949,1
70027208,A0118150101,2020-06-01,0.2537491747,0.1085375650,1
70027208,A0118150101,2020-07-01,0.2436969551,0.1176139365,1
70027208,A0118150101,2020-08-01,0.3062389142,0.1275877073,1
70027208,A0118150101,2020-10-01,0.1783846404,0.1410435250,1
70027208,A0118150101,2020-11-01,0.1728846690,0.1288484860,1
70027208,A0118150101,2020-12-01,0.1885177074,0.1634730538,1
70027208,A0118150101,2021-02-01,0.2034590160,0.1664996412,1
70027208,A0118150101,2021-03-01,0.1716786556,0.1628318411,1
70027208,A0118150101,2021-04-01,0.2055885505,0.1379720327,1
70027208,A0118150101,2021-06-01,0.2269526448,0.1472030197,1
70027208,A0118150101,2021-07-01,0.1695666988,0.1716765258,1
70027208,A0118150101,2021-08-01,0.1821259039,0.1563192689,1
70027208,A0118150103,2021-10-01,0.2474029197,0.1823035382,1
70027208,A0118150103,2021-11-01,0.2956553180,0.1460539592,1
70027208,A0118150103,2021-12-01,0.2325749594,0.1470198926,1
70027208,A0118150103,2022-02-01,0.3133703696,0.1359131120,1
70027208,A0118150103,2022-03-01,0.2507605672,0.1377148940,1
70027208,A0118150103,2022-04-01,0.3022516812,0.1238573248,1
70027208,A0118150103,2022-06-01,0.2397285982,0.1341566733,1
70027208,A0118150103,2022-07-01,0.2870557377,0.1849031630,1
70027208,A0118150103,2022-08-01,0.2233658230,0.1758617804,1
80001019,A0118150101,2017-09-01,0.1991811644,0.1162750468,1
80001019,A0118150101,2017-11-01,0.1834809439,0.1033428456,1
80001019,A0118150101,2017-12-01,0.1828531507,0.1333058346,1
80001019,A0118150101,2018-01-01,0.1748445722,0.1183598883,1
80001019,A0118150101,2018-03-01,0.1929627937,0.1280049256,1
80001019,A0118150101,2018-04-01,0.1867888109,0.1521220837,1
80001019,A0118150101,2018-05-01,0.1582158048,0.1458236405,1
80001019,A0118150101,2018-07-01,0.1805963169,0.1113428436,1
80001019,A0118150101,2018-08-01,0.1551013642,0.1478599012,1
80001019,A0118150101,2018-09-01,0.1197188445,0.1225787583,1
80001019,A0118150101,2018-11-01,0.1706185914,0.1726115091,1
80001019,A0118150101,2018-12-01,0.1735101805,0.1689145919,1
80001019,A0118150101,2019-01-01,0.1500054178,0.1444068557,1
80001019,A0118150101,2019-03-01,0.1359791288,0.1426746737,1
80001019,A0118150101,2019-04-01,0.1440031167,0.1344144671,1
80001019,A0118150101,2019-05-01,0.1439323196,0.1653167952,1
80001019,A0118150101,2019-07-01,0.1497158208,0.1625872015,1
80001019,A0118150101,2019-08-01,0.1474388670,0.1277776451,1
80001019,A0118150101,2019-09-01,0.2543515133,0.1133667161,1
80001019,A0118150101,2019-11-01,0.2622423634,0.0873201608,1
80001019,A0118150101,2019-12-01,0.1999137625,0.1016956452,1
80001019,A0118150101,2020-01-01,0.2318489320,0.1202787088,1
80001019,A0118150101,2020-03-01,0.2444890703,0.0988528671,1
80001019,A0118150101,2020-04-01,0.1989812616,0.1205669833,1
80001019,A0118150101,2020-05-01,0.1981026074,0.1338812402,1
80001019,A0118150101,2020-07-01,0.2636854109,0.1059530423,1
80001019,A0118150101,2020-08-01,0.2596763438,0.1007212073,1
80001019,A0118150101,2020-09-01,0.1291549984,0.1654583130,1
80001019,A0118150101,2020-11-01,0.1275877697,0.1488364646,1
80001019,A0118150101,2020-12-01,0.1367424003,0.1293428085,1
80001019,A0118150101,2021-01-01,0.1398781050,0.1658918453,1
80001019,A0118150101,2021-03-01,0.1023064050,0.1899077612,1
80001019,A0118150101,2021-04-01,0.1307102599,0.1711302703,1
80001019,A0118150101,2021-05-01,0.1439341022,0.1820952532,1
80001019,A0118150101,2021-07-01,0.1427284707,0.1338147822,1
80001019,A0118150101,2021-08-01,0.1012590581,0.1597167782,1
80001019,A0118150103,2021-09-01,0.1128584264,0.1057790225,1
80001019,A0118150103,2021-11-01,0.1212199653,0.1243045764,1
80001019,A0118150103,2021-12-01,0.1278502231,0.1270396178,1
80001019,A0118150103,2022-01-01,0.1207292124,0.1427403618,1
80001019,A0118150103,2022-03-01,0.1419046892,0.1519018088,1
80001019,A0118150103,2022-04-01,0.1141785965,0.1341649221,1
80001019,A0118150103,2022-05-01,0.1031437880,0.1500125890,1
80001019,A0118150103,2022-07-01,0.1236161295,0.1488987267,1
80001019,A0118150103,2022-08-01,0.1295771276,0.1523548124,1
80006154,A0118150101,2017-09-01,0.2572115773,0.1181097874,1
80006154,A0118150101,2017-10-01,0.2705514043,0.1517837373,1
80006154,A0118150101,2017-12-01,0.2112651528,0.1295017708,1
80006154,A0118150101,2018-01-01,0.2683879983,0.1282235013,1
80006154,A0118150101,2018-02-01,0.2199795022,0.1477974448,1
80006154,A0118150101,2018-04-01,0.2041513538,0.1131733305,1
80006154,A0118150101,2018-05-01,0.2360928684,0.1281682410,1
80006154,A0118150101,2018-06-01,0.2722248249,0.1496454578,1
80006154,A0118150101,2018-08-01,0.2133886057,0.1137961635,1
80006154,A0118150101,2018-09-01,0.2234108630,0.1615498125,1
80006154,A0118150101,2018-10-01,0.1513321279,0.1550707177,1
80006154,A0118150101,2018-12-01,0.2164238120,0.1588922260,1
80006154,A0118150101,2019-01-01,0.1528442677,0.1541636818,1
80006154,A0118150101,2019-02-01,0.2228738722,0.1646274022,1
80006154,A0118150101,2019-04-01,0.1567201935,0.1251353979,1
80006154,A0118150101,2019-05-01,0.1523405440,0.1258508238,1
80006154,A0118150101,2019-06-01,0.1999212838,0.1553299972,1
80006154,A0118150101,2019-08-01,0.1646627729,0.1428278962,1
80006154,A0118150101,2019-09-01,0.1455410393,0.1024741726,1
80006154,A0118150101,2019-10-01,0.1359485491,0.1437431663,1
80006154,A0118150101,2019-12-01,0.1368556369,0.1145589030,1
80006154,A0118150101,2020-01-01,0.1286691454,0.1114601527,1
80006154,A0118150101,2020-02-01,0.1257598499,0.1404856157,1
80006154,A0118150101,2020-04-01,0.1174001844,0.0927161607,1
80006154,A0118150101,2020-05-01,0.1139681776,0.1141766707,1
80006154,A0118150101,2020-06-01,0.1226623261,0.0917227542,1
80006154,A0118150101,2020-08-01,0.1174744356,0.1235376132,1
80006154,A0118150101,2020-09-01,0.1643552102,0.1636131619,1
80006154,A0118150101,2020-10-01,0.1807802402,0.1971049562,1
80006154,A0118150101,2020-12-01,0.1676147199,0.1410402420,1
80006154,A0118150101,2021-01-01,0.1333161779,0.1512774590,1
80006154,A0118150101,2021-02-01,0.1692121244,0.1384202308,1
80006154,A0118150101,2021-04-01,0.1742185651,0.1616165335,1
80006154,A0118150101,2021-05-01,0.1436123413,0.1905648797,1
80006154,A0118150101,2021-06-01,0.1498870506,0.1359838716,1
80006154,A0118150101,2021-08-01,0.1527914805,0.1401583387,1
80006154,A0118150103,2021-09-01,0.2377001552,0.1866523566,1
80006154,A0118150103,2021-10-01,0.2366555813,0.1867071078,1
80006154,A0118150103,2021-12-01,0.3303312032,0.1442527229,1
80006154,A0118150103,2022-01-01,0.2594805972,0.1885458379,1
80006154,A0118150103,2022-02-01,0.3145875993,0.1368751434,1
80006154,A0118150103,2022-04-01,0.2700092717,0.1420214088,1
80006154,A0118150103,2022-05-01,0.2928259333,0.1814126807,1
80006154,A0118150103,2022-06-01,0.3380906340,0.1355680996,1
80006154,A0118150103,2022-08-01,0.3225471864,0.1731786630,1
80006155,A0118150101,2017-09-01,0.2620438553,0.1028653092,1
80006155,A0118150101,2017-11-01,0.2525684639,0.1354366000,1
80006155,A0118150101,2017-12-01,0.2070510995,0.1221869653,1
80006155,A0118150101,2018-01-01,0.2665252559,0.1297907046,1
80006155,A0118150101,2018-03-01,0.2648540375,0.1348986295,1
80006155,A0118150101,2018-04-01,0.2473903123,0.1468398313,1
80006155,A0118150101,2018-05-01,0.2008136787,0.1299594597,1
80006155,A0118150101,2018-07-01,0.2377817954,0.1453769882,1
80006155,A0118150101,2018-08-01,0.1996767725,0.1082266528,1
80006155,A0118150101,2018-09-01,0.2083087218,0.1697033428,1
80006155,A0118150101,2018-11-01,0.1662291479,0.1148945993,1
80006155,A0118150101,2018-12-01,0.1648130308,0.1265210608,1
80006155,A0118150101,2019-01-01,0.1500306978,0.1200177638,1
80006155,A0118150101,2019-03-01,0.1755844697,0.1610761183,1
80006155,A0118150101,2019-04-01,0.1504004582,0.1706438427,1
80006155,A0118150101,2019-05-01,0.1865982530,0.1156102586,1
80006155,A0118150101,2019-07-01,0.1751708991,0.1609992980,1
80006155,A0118150101,2019-08-01,0.1995184170,0.1175683386,1
80006155,A0118150101,2019-09-01,0.1476459168,0.1070610360,1
80006155,A0118150101,2019-11-01,0.1368204424,0.1319495027,1
80006155,A0118150101,2019-12-01,0.1462621626,0.1074669415,1
80006155,A0118150101,2020-01-01,0.1242144514,0.0987520601,1
80006155,A0118150101,2020-03-01,0.1122300008,0.1111392014,1
80006155,A0118150101,2020-04-01,0.1356527653,0.1032223071,1
80006155,A0118150101,2020-05-01,0.1061102264,0.0991176632,1
80006155,A0118150101,2020-07-01,0.1419130422,0.1160451943,1
80006155,A0118150101,2020-08-01,0.1279022779,0.1116328053,1
80006155,A0118150101,2020-09-01,0.1406957731,0.1786552292,1
80006155,A0118150101,2020-11-01,0.1729166282,0.1615112990,1
80006155,A0118150101,2020-12-01,0.1252470901,0.1743139946,1
80006155,A0118150101,2021-01-01,0.1589833338,0.1674878985,1
80006155,A0118150101,2021-03-01,0.1824354922,0.2000065811,1
80006155,A0118150101,2021-04-01,0.1391581469,0.1364682739,1
80006155,A0118150101,2021-05-01,0.1343021736,0.1680972743,1
80006155,A0118150101,2021-07-01,0.1848382360,0.1479345547,1
80006155,A0118150101,2021-08-01,0.1471103594,0.1655211477,1
80006155,A0118150103,2021-09-01,0.2379273726,0.1880450399,1
80006155,A0118150103,2021-11-01,0.2593179841,0.1239890115,1
80006155,A0118150103,2021-12-01,0.3125492231,0.1318657298,1
80006155,A0118150103,2022-01-01,0.2852515891,0.1811818374,1
80006155,A0118150103,2022-03-01,0.2347911692,0.1472725185,1
80006155,A0118150103,2022-04-01,0.3027901083,0.1380342352,1
80006155,A0118150103,2022-05-01,0.3247661344,0.1763807976,1
80006155,A0118150103,2022-07-01,0.3092304625,0.1868209116,1
80006155,A0118150103,2022-08-01,0.2442089544,0.1823438365,1
80007195,A0118150101,2017-09-01,0.2459844014,0.1201116342,1
80007195,A0118150101,2017-11-01,0.2548564834,0.0881045483,1
80007195,A0118150101,2017-12-01,0.2929999710,0.0882221393,1
80007195,A0118150101,2018-01-01,0.3306471934,0.0833549605,1
80007195,A0118150101,2018-03-01,0.2780676192,0.1100245040,1
80007195,A0118150101,2018-04-01,0.3199385325,0.0922953394,1
80007195,A0118150101,2018-05-01,0.3064203508,0.1031062832,1
80007195,A0118150101,2018-07-01,0.3034858365,0.1103144595,1
80007195,A0118150101,2018-08-01,0.2622622496,0.1032092800,1
80007195,A0118150101,2018-09-01,0.1805019217,0.1032891337,1
80007195,A0118150101,2018-11-01,0.1883341895,0.0862210096,1
80007195,A0118150101,2018-12-01,0.1868813983,0.0784289045,1
80007195,A0118150101,2019-01-01,0.1803232978,0.0825356478,1
80007195,A0118150101,2019-03-01,0.1909328175,0.1013727038,1
80007195,A0118150101,2019-04-01,0.1906648663,0.0910811653,1
80007195,A0118150101,2019-05-01,0.1536871595,0.0988074160,1
80007195,A0118150101,2019-07-01,0.1383500242,0.0676346360,1
80007195,A0118150101,2019-08-01,0.1654490056,0.0777594665,1
80007195,A0118150101,2019-09-01,0.2830237117,0.1524859195,1
80007195,A0118150101,2019-11-01,0.2482679219,0.1123342952,1
80007195,A0118150101,2019-12-01,0.2644744209,0.1511419266,1
80007195,A0118150101,2020-01-01,0.2582019348,0.1349116596,1
80007195,A0118150101,2020-03-01,0.2788851142,0.1301170505,1
80007195,A0118150101,2020-04-01,0.2419036736,0.1337953494,1
80007195,A0118150101,2020-05-01,0.2503615966,0.1177438208,1
80007195,A0118150101,2020-07-01,0.3419551625,0.1609243833,1
80007195,A0118150101,2020-08-01,0.2429136273,0.1604662767,1
80007195,A0118150101,2020-09-01,0.2668536781,0.1148733830,1
80007195,A0118150101,2020-11-01,0.2090511335,0.0905119477,1
80007195,A0118150101,2020-12-01,0.2336905084,0.0809702251,1
80007195,A0118150101,2021-01-01,0.3064030687,0.0848686964,1
80007195,A0118150101,2021-03-01,0.2939149890,0.1104413737,1
80007195,A0118150101,2021-04-01,0.2180645457,0.0841717526,1
80007195,A0118150101,2021-05-01,0.2127054669,0.0967086949,1
80007195,A0118150101,2021-07-01,0.2105676438,0.0779475745,1
80007195,A0118150101,2021-08-01,0.2572855689,0.0795206741,1
80007195,A0118150103,2021-09-01,0.2241533232,0.0929096405,1
80007195,A0118150103,2021-11-01,0.2897227716,0.0903310844,1
80007195,A0118150103,2021-12-01,0.3090848065,0.0919373332,1
80007195,A0118150103,2022-01-01,0.3017380566,0.1241557966,1
80007195,A0118150103,2022-03-01,0.2530575761,0.1019355623,1
80007195,A0118150103,2022-04-01,0.2963720464,0.1154273426,1
80007195,A0118150103,2022-05-01,0.3028058924,0.1301742018,1
80007195,A0118150103,2022-07-01,0.2934755447,0.1244999113,1
80007195,A0118150103,2022-08-01,0.2281666328,0.1052092524,1
80007196,A0118150101,2017-10-01,0.2468654769,0.1173276634,1
80007196,A0118150101,2017-11-01,0.3410031597,0.1012531084,1
80007196,A0118150101,2017-12-01,0.3393440540,0.1235351627,1
80007196,A0118150101,2018-02-01,0.3244150606,0.0948275294,1
80007196,A0118150101,2018-03-01,0.2647591819,0.1246636144,1
80007196,A0118150101,2018-04-01,0.2864694528,0.1118439425,1
80007196,A0118150101,2018-06-01,0.2356986127,0.1233713669,1
80007196,A0118150101,2018-07-01,0.3394546048,0.1173941008,1
80007196,A0118150101,2018-08-01,0.3413607688,0.1238989035,1
80007196,A0118150101,2018-10-01,0.1835081243,0.0871086448,1
80007196,A0118150101,2018-11-01,0.1573379100,0.1000772258,1
80007196,A0118150101,2018-12-01,0.1680423832,0.0996036575,1
80007196,A0118150101,2019-02-01,0.1571855436,0.0831166586,1
80007196,A0118150101,2019-03-01,0.1549043332,0.0833150315,1
80007196,A0118150101,2019-04-01,0.1689073879,0.0677999155,1
80007196,A0118150101,2019-06-01,0.1579663757,0.0879045121,1
80007196,A0118150101,2019-07-01,0.1818031528,0.0865871100,1
80007196,A0118150101,2019-08-01,0.1644486424,0.1006393355,1
80007196,A0118150101,2019-10-01,0.2842781703,0.1247806821,1
80007196,A0118150101,2019-11-01,0.2661542017,0.1310809194,1
80007196,A0118150101,2019-12-01,0.2754527530,0.1276244975,1
80007196,A0118150101,2020-02-01,0.2688522387,0.1549293265,1
80007196,A0118150101,2020-03-01,0.3213350531,0.1215377631,1
80007196,A0118150101,2020-04-01,0.2635806319,0.1494358715,1
80007196,A0118150101,2020-06-01,0.2486827713,0.1666510120,1
80007196,A0118150101,2020-07-01,0.3323827533,0.1184641262,1
80007196,A0118150101,2020-08-01,0.3235849736,0.1695425906,1
80007196,A0118150101,2020-10-01,0.2644890545,0.0888656258,1
80007196,A0118150101,2020-11-01,0.3127349964,0.0825275408,1
80007196,A0118150101,2020-12-01,0.2810348337,0.0995921855,1
80007196,A0118150101,2021-02-01,0.2884342144,0.0938141779,1
80007196,A0118150101,2021-03-01,0.2684470618,0.0810393486,1
80007196,A0118150101,2021-04-01,0.2540667414,0.0847948506,1
80007196,A0118150101,2021-06-01,0.2955524062,0.0861685743,1
80007196,A0118150101,2021-07-01,0.2515539138,0.0873906900,1
80007196,A0118150101,2021-08-01,0.2927270408,0.0847573776,1
80007196,A0118150103,2021-10-01,0.3031027584,0.1125301475,1
80007196,A0118150103,2021-11-01,0.2221171852,0.1015026239,1
80007196,A0118150103,2021-12-01,0.2553125794,0.1311391447,1
80007196,A0118150103,2022-02-01,0.2654373287,0.1068535902,1
80007196,A0118150103,2022-03-01,0.2610643313,0.1196873178,1
80007196,A0118150103,2022-04-01,0.2187910079,0.1294052348,1
80007196,A0118150103,2022-06-01,0.2700147219,0.1255790806,1
80007196,A0118150103,2022-07-01,0.2746810029,0.1022773517,1
80007196,A0118150103,2022-08-01,0.2678425202,0.1021236073,1
90001020,A0118150101,2017-10-01,0.1893419921,0.1548052232,1
90001020,A0118150101,2017-11-01,0.1865041212,0.1545824674,1
90001020,A0118150101,2017-12-01,0.2047231571,0.1535057584,1
90001020,A0118150101,2018-02-01,0.1913052136,0.1239457281,1
90001020,A0118150101,2018-03-01,0.2017749807,0.1343099377,1
90001020,A0118150101,2018-04-01,0.1896921453,0.1144539470,1
90001020,A0118150101,2018-06-01,0.1521691669,0.1388600715,1
90001020,A0118150101,2018-07-01,0.1805911557,0.1337030879,1
90001020,A0118150101,2018-08-01,0.2072551987,0.1540016845,1
90001020,A0118150101,2018-10-01,0.1470141492,0.1596784673,1
90001020,A0118150101,2018-11-01,0.1496529077,0.1593930959,1
90001020,A0118150101,2018-12-01,0.1545412290,0.1560261976,1
90001020,A0118150101,2019-02-01,0.1210099455,0.1316659560,1
90001020,A0118150101,2019-03-01,0.1201326893,0.1169760889,1
90001020,A0118150101,2019-04-01,0.1290265273,0.1460350388,1
90001020,A0118150101,2019-06-01,0.1439271183,0.1333106815,1
90001020,A0118150101,2019-07-01,0.1461263054,0.1344577394,1
90001020,A0118150101,2019-08-01,0.1762205116,0.1692976369,1
90001020,A0118150101,2019-10-01,0.2414952323,0.1312117053,1
90001020,A0118150101,2019-11-01,0.2410439864,0.1260973342,1
90001020,A0118150101,2019-12-01,0.2145373210,0.1153602259,1
90001020,A0118150101,2020-02-01,0.2195572832,0.1092773834,1
90001020,A0118150101,2020-03-01,0.1848898431,0.1306541305,1
90001020,A0118150101,2020-04-01,0.2024332556,0.0998299458,1
90001020,A0118150101,2020-06-01,0.1999905170,0.1195058186,1
90001020,A0118150101,2020-07-01,0.2590005391,0.1305475405,1
90001020,A0118150101,2020-08-01,0.2304137866,0.0870771855,1
90001020,A0118150101,2020-10-01,0.1448024072,0.1582910224,1
90001020,A0118150101,2020-11-01,0.1457079067,0.1373578972,1
90001020,A0118150101,2020-12-01,0.1302054140,0.1766971967,1
90001020,A0118150101,2021-02-01,0.1008995794,0.1720745780,1
90001020,A0118150101,2021-03-01,0.1027012973,0.1343317299,1
90001020,A0118150101,2021-04-01,0.1367007420,0.1296030960,1
90001020,A0118150101,2021-06-01,0.1377771732,0.1844435699,1
90001020,A0118150101,2021-07-01,0.1424620162,0.1266943541,1
90001020,A0118150101,2021-08-01,0.1336572560,0.1407930730,1
90001020,A0118150103,2021-10-01,0.1172191081,0.1494234941,1
90001020,A0118150103,2021-11-01,0.1148739830,0.1133012054,1
90001020,A0118150103,2021-12-01,0.1144204819,0.1379947637,1
90001020,A0118150103,2022-02-01,0.1086731885,0.1549228015,1
90001020,A0118150103,2022-03-01,0.1419118668,0.1645648454,1
90001020,A0118150103,2022-04-01,0.1261482816,0.1463263207,1
90001020,A0118150103,2022-06-01,0.1307805615,0.1060006206,1
90001020,A0118150103,2022-07-01,0.1300204441,0.1156635803,1
90001020,A0118150103,2022-08-01,0.1365019555,0.1129671716,1
90001021,A0118150101,2017-09-01,0.1414419129,0.1261186730,1
90001021,A0118150101,2017-10-01,0.1641005284,0.1115405523,1
90001021,A0118150101,2017-11-01,0.1856941761,0.1287110868,1
90001021,A0118150101,2018-01-01,0.1546839637,0.1033580327,1
90001021,A0118150101,2018-02-01,0.1973795028,0.1478055662,1
90001021,A0118150101,2018-03-01,0.1843558421,0.1068586440,1
90001021,A0118150101,2018-05-01,0.2058823307,0.1482655604,1
90001021,A0118150101,2018-06-01,0.2009032535,0.1000399812,1
90001021,A0118150101,2018-07-01,0.2057669184,0.1426156319,1
90001021,A0118150101,2018-09-01,0.1245028661,0.1175490425,1
90001021,A0118150101,2018-10-01,0.1428592095,0.1507816589,1
90001021,A0118150101,2018-11-01,0.1246386770,0.1222263240,1
90001021,A0118150101,2019-01-01,0.1631975271,0.1414355360,1
90001021,A0118150101,2019-02-01,0.1429152034,0.1313138023,1
90001021,A0118150101,2019-03-01,0.1193670020,0.1388423670,1
90001021,A0118150101,2019-05-01,0.1196451031,0.1319251294,1
90001021,A0118150101,2019-06-01,0.1316997034,0.1220602640,1
90001021,A0118150101,2019-07-01,0.1684160312,0.1527619064,1
90001021,A0118150101,2019-09-01,0.2003878172,0.1260524165,1
90001021,A0118150101,2019-10-01,0.2649055525,0.1011551662,1
90001021,A0118150101,2019-11-01,0.2249701047,0.0979385353,1
90001021,A0118150101,2020-01-01,0.2322483196,0.1192806963,1
90001021,A0118150101,2020-02-01,0.2333196179,0.1293115671,1
90001021,A0118150101,2020-03-01,0.1996848643,0.1211129912,1
90001021,A0118150101,2020-05-01,0.2601130372,0.0985673882,1
90001021,A0118150101,2020-06-01,0.2190955912,0.0949971689,1
90001021,A0118150101,2020-07-01,0.2613793181,0.0991413951,1
90001021,A0118150101,2020-09-01,0.1225215541,0.1389973155,1
90001021,A0118150101,2020-10-01,0.1352667475,0.1346282861,1
90001021,A0118150101,2020-11-01,0.1412371867,0.1533594900,1
90001021,A0118150101,2021-01-01,0.1321760929,0.1659435122,1
90001021,A0118150101,2021-02-01,0.1050177793,0.1434341926,1
90001021,A0118150101,2021-03-01,0.1080700376,0.1570921409,1
90001021,A0118150101,2021-05-01,0.1256439075,0.1207113429,1
90001021,A0118150101,2021-06-01,0.1058530585,0.1459361766,1
90001021,A0118150101,2021-07-01,0.1317131726,0.1645777673,1
90001021,A0118150103,2021-09-01,0.1093082974,0.1378077424,1
90001021,A0118150103,2021-10-01,0.1376116751,0.1068114175,1
90001021,A0118150103,2021-11-01,0.1248827411,0.1585006503,1
90001021,A0118150103,2022-01-01,0.1405985107,0.1623744958,1
90001021,A0118150103,2022-02-01,0.1459253600,0.1426940825,1
90001021,A0118150103,2022-03-01,0.1088082083,0.1055052002,1
90001021,A0118150103,2022-05-01,0.1169869251,0.1099788487,1
90001021,A0118150103,2022-06-01,0.1377565490,0.1236657347,1
90001021,A0118150103,2022-07-01,0.1017825425,0.1126445130,1
90002001,A0118150101,2017-09-01,0.3049827163,0.0976907920,1
90002001,A0118150101,2017-10-01,0.2877234710,0.0756540237,1
90002001,A0118150101,2017-11-01,0.2717796196,0.0848204180,1
90002001,A0118150101,2018-01-01,0.2630592369,0.0809061903,1
90002001,A0118150101,2018-02-01,0.2678399670,0.1023314409,1
90002001,A0118150101,2018-03-01,0.2710382118,0.0777219494,1
90002001,A0118150101,2018-05-01,0.2353207531,0.0829599673,1
90002001,A0118150101,2018-06-01,0.2223901741,0.0802798890,1
90002001,A0118150101,2018-07-01,0.3297755664,0.0893810609,1
90002001,A0118150101,2018-09-01,0.1252114545,0.1348855886,1
90002001,A0118150101,2018-10-01,0.1729546461,0.1205157710,1
90002001,A0118150101,2018-11-01,0.1560445951,0.1489929833,1
90002001,A0118150101,2019-01-01,0.1372532764,0.1088598204,1
90002001,A0118150101,2019-02-01,0.1302002214,0.1235072487,1
90002001,A0118150101,2019-03-01,0.1258540014,0.1375789144,1
90002001,A0118150101,2019-05-01,0.1367629237,0.1349329645,1
90002001,A0118150101,2019-06-01,0.1374473313,0.1314703149,1
90002001,A0118150101,2019-07-01,0.1833917988,0.1456949851,1
90002001,A0118150101,2019-09-01,0.3122067643,0.1271496525,1
90002001,A0118150101,2019-10-01,0.2920589116,0.0963874000,1
90002001,A0118150101,2019-11-01,0.3195965979,0.0997184784,1
90002001,A0118150101,2020-01-01,0.2912784800,0.1105722796,1
90002001,A0118150101,2020-02-01,0.2419500875,0.1002278013,1
90002001,A0118150101,2020-03-01,0.2907517123,0.0902158701,1
90002001,A0118150101,2020-05-01,0.3227161597,0.0958221790,1
90002001,A0118150101,2020-06-01,0.2449119370,0.1036343333,1
90002001,A0118150101,2020-07-01,0.3178229539,0.1275672222,1
90002001,A0118150101,2020-09-01,0.2822756892,0.1451934418,1
90002001,A0118150101,2020-10-01,0.2122059150,0.1774314308,1
90002001,A0118150101,2020-11-01,0.2399287373,0.1228727846,1
90002001,A0118150101,2021-01-01,0.2521175473,0.1604317363,1
90002001,A0118150101,2021-02-01,0.2601034248,0.1150772729,1
90002001,A0118150101,2021-03-01,0.1962535822,0.1481656007,1
90002001,A0118150101,2021-05-01,0.2069218043,0.1365628121,1
90002001,A0118150101,2021-06-01,0.2509563654,0.1716286439,1
90002001,A0118150101,2021-07-01,0.2090882798,0.1633050971,1
90002001,A0118150103,2021-09-01,0.3094569409,0.0719408806,1
90002001,A0118150103,2021-10-01,0.2614962848,0.0674842803,1
90002001,A0118150103,2021-11-01,0.2435638209,0.0821307847,1
90002001,A0118150103,2022-01-01,0.3270146735,0.0708380500,1
90002001,A0118150103,2022-02-01,0.2507789235,0.0696905023,1
90002001,A0118150103,2022-03-01,0.2587857456,0.0768015767,1
90002001,A0118150103,2022-05-01,0.2921694879,0.0810694449,1
90002001,A0118150103,2022-06-01,0.2554304932,0.0671194440,1
90002001,A0118150103,2022-07-01,0.2607234121,0.0698487911,1
90002002,A0118150101,2017-09-01,0.2244705041,0.0822016992,1
90002002,A0118150101,2017-10-01,0.2657114753,0.0675840643,1
90002002,A0118150101,2017-12-01,0.3125256358,0.1002822653,1
90002002,A0118150101,2018-01-01,0.3044691221,0.1031931201,1
90002002,A0118150101,2018-02-01,0.3128140102,0.0862236969,1
90002002,A0118150101,2018-04-01,0.3297512391,0.0952653000,1
90002002,A0118150101,2018-05-01,0.3170412126,0.0998123110,1
90002002,A0118150101,2018-06-01,0.3063890012,0.0710815130,1
90002002,A0118150101,2018-08-01,0.3094757210,0.0966087882,1
90002002,A0118150101,2018-09-01,0.1411251381,0.1331151271,1
90002002,A0118150101,2018-10-01,0.1792444711,0.1457501786,1
90002002,A0118150101,2018-12-01,0.1644397345,0.1594929252,1
90002002,A0118150101,2019-01-01,0.1537294105,0.1100244226,1
90002002,A0118150101,2019-02-01,0.1470831723,0.1640982209,1
90002002,A0118150101,2019-04-01,0.1689290146,0.1564169219,1
90002002,A0118150101,2019-05-01,0.1826979164,0.1117193245,1
90002002,A0118150101,2019-06-01,0.1435694534,0.1081376249,1
90002002,A0118150101,2019-08-01,0.1816837503,0.1507739823,1
90002002,A0118150101,2019-09-01,0.3075730520,0.0898493050,1
90002002,A0118150101,2019-10-01,0.2729317561,0.1005974231,1
90002002,A0118150101,2019-12-01,0.3307782514,0.1218375716,1
90002002,A0118150101,2020-01-01,0.2621863754,0.0962070002,1
90002002,A0118150101,2020-02-01,0.3098560063,0.0869267080,1
90002002,A0118150101,2020-04-01,0.3358916678,0.1066580555,1
90002002,A0118150101,2020-05-01,0.2907033395,0.1240164045,1
90002002,A0118150101,2020-06-01,0.3486553206,0.1120509760,1
90002002,A0118150101,2020-08-01,0.2744173858,0.1088114153,1
90002002,A0118150101,2020-09-01,0.2081076821,0.1457593687,1
90002002,A0118150101,2020-10-01,0.2619699687,0.1634484142,1
90002002,A0118150101,2020-12-01,0.2423705408,0.1618880416,1
90002002,A0118150101,2021-01-01,0.2738463406,0.1564161660,1
90002002,A0118150101,2021-02-01,0.2271423850,0.1641714848,1
90002002,A0118150101,2021-04-01,0.2776947081,0.1366174258,1
90002002,A0118150101,2021-05-01,0.2472693170,0.1287185593,1
90002002,A0118150101,2021-06-01,0.2608923504,0.1460886929,1
90002002,A0118150101,2021-08-01,0.2653494594,0.1690624968,1
90002002,A0118150103,2021-09-01,0.2741952473,0.0643434248,1
90002002,A0118150103,2021-10-01,0.2738085447,0.0954276444,1
90002002,A0118150103,2021-12-01,0.2897751025,0.0729911963,1
90002002,A0118150103,2022-01-01,0.3194844608,0.0868706375,1
90002002,A0118150103,2022-02-01,0.2651802226,0.0813319453,1
90002002,A0118150103,2022-04-01,0.3189908545,0.0880097806,1
90002002,A0118150103,2022-05-01,0.2350700137,0.0708274064,1
90002002,A0118150103,2022-06-01,0.3054146070,0.0936338979,1
90002002,A0118150103,2022-08-01,0.3159744025,0.0792699846,1
90002003,A0118150101,2017-09-01,0.2446624489,0.0956796814,1
90002003,A0118150101,2017-11-01,0.2836236563,0.0900080159,1
90002003,A0118150101,2017-12-01,0.2948027226,0.0803792664,1
90002003,A0118150101,2018-01-01,0.2770127122,0.0666844308,1
90002003,A0118150101,2018-03-01,0.2372192084,0.0912573177,1
90002003,A0118150101,2018-04-01,0.2843757971,0.0845992020,1
90002003,A0118150101,2018-05-01,0.3011394120,0.0965779047,1
90002003,A0118150101,2018-07-01,0.2907936860,0.0839766160,1
90002003,A0118150101,2018-08-01,0.2472491538,0.0862765133,1
90002003,A0118150101,2018-09-01,0.1679621214,0.1330558993,1
90002003,A0118150101,2018-11-01,0.1290451320,0.1057932151,1
90002003,A0118150101,2018-12-01,0.1706358529,0.1057831896,1
90002003,A0118150101,2019-01-01,0.1649988999,0.1618429462,1
90002003,A0118150101,2019-03-01,0.1701045617,0.1633336233,1
90002003,A0118150101,2019-04-01,0.1845983099,0.1098954959,1
90002003,A0118150101,2019-05-01,0.1439206507,0.1581962286,1
90002003,A0118150101,2019-07-01,0.1315390361,0.1536470491,1
90002003,A0118150101,2019-08-01,0.1743946071,0.1230078809,1
90002003,A0118150101,2019-09-01,0.2926810541,0.1177011797,1
90002003,A0118150101,2019-11-01,0.2991838345,0.1246989117,1
90002003,A0118150101,2019-12-01,0.3059899312,0.1005011042,1
90002003,A0118150101,2020-01-01,0.2455396425,0.1012995986,1
90002003,A0118150101,2020-03-01,0.2560375544,0.1016442874,1
90002003,A0118150101,2020-04-01,0.3300183425,0.1106372917,1
90002003,A0118150101,2020-05-01,0.2416654621,0.0886885488,1
90002003,A0118150101,2020-07-01,0.3221911380,0.0883403722,1
90002003,A0118150101,2020-08-01,0.3070517346,0.0830707418,1
90002003,A0118150101,2020-09-01,0.2454434058,0.1417283369,1
90002003,A0118150101,2020-11-01,0.2546804382,0.1320962736,1
90002003,A0118150101,2020-12-01,0.2794036177,0.1186811113,1
90002003,A0118150101,2021-01-01,0.2357835977,0.1287160313,1
90002003,A0118150101,2021-03-01,0.2665419138,0.1490287916,1
90002003,A0118150101,2021-04-01,0.2122869489,0.1200786573,1
90002003,A0118150101,2021-05-01,0.2055878745,0.1526193481,1
90002003,A0118150101,2021-07-01,0.2043642158,0.1305852315,1
90002003,A0118150101,2021-08-01,0.2768151299,0.1459807346,1
90002003,A0118150103,2021-09-01,0.2531699287,0.0671593628,1
90002003,A0118150103,2021-11-01,0.2921601839,0.0783416510,1
90002003,A0118150103,2021-12-01,0.2956070171,0.0775526528,1
90002003,A0118150103,2022-01-01,0.3063963060,0.0844391397,1
90002003,A0118150103,2022-03-01,0.2202401759,0.0926764021,1
90002003,A0118150103,2022-04-01,0.3055240295,0.0923283388,1
90002003,A0118150103,2022-05-01,0.3081796724,0.0672708102,1
90002003,A0118150103,2022-07-01,0.3194379930,0.0783998185,1
90002003,A0118150103,2022-08-01,0.2367209052,0.0785112698,1
90002004,A0118150101,2017-10-01,0.2610590983,0.0879862174,1
90002004,A0118150101,2017-11-01,0.3071471424,0.0747019236,1
90002004,A0118150101,2017-12-01,0.2665206729,0.0898902241,1
90002004,A0118150101,2018-02-01,0.2823479193,0.0766014693,1
90002004,A0118150101,2018-03-01,0.2494557578,0.0682016913,1
90002004,A0118150101,2018-04-01,0.3320293024,0.0843007216,1
90002004,A0118150101,2018-06-01,0.2962475891,0.0980845284,1
90002004,A0118150101,2018-07-01,0.3153795263,0.0856891316,1
90002004,A0118150101,2018-08-01,0.2550990000,0.0877926037,1
90002004,A0118150101,2018-10-01,0.1306530413,0.1128450854,1
90002004,A0118150101,2018-11-01,0.1796759170,0.1389648138,1
90002004,A0118150101,2018-12-01,0.1327114344,0.1495564175,1
90002004,A0118150101,2019-02-01,0.1448117761,0.1439014171,1
90002004,A0118150101,2019-03-01,0.1640566283,0.1398410364,1
90002004,A0118150101,2019-04-01,0.1409897128,0.1301082895,1
90002004,A0118150101,2019-06-01,0.1284705628,0.1090599462,1
90002004,A0118150101,2019-07-01,0.1453745920,0.1267261423,1
90002004,A0118150101,2019-08-01,0.1602651191,0.1419772513,1
90002004,A0118150101,2019-10-01,0.3212090830,0.1110865179,1
90002004,A0118150101,2019-11-01,0.3401248016,0.1068511338,1
90002004,A0118150101,2019-12-01,0.3416967990,0.1255838564,1
90002004,A0118150101,2020-02-01,0.3159500168,0.1076041242,1
90002004,A0118150101,2020-03-01,0.2545559535,0.1221835274,1
90002004,A0118150101,2020-04-01,0.3356878360,0.1251051302,1
90002004,A0118150101,2020-06-01,0.2790475427,0.0981996391,1
90002004,A0118150101,2020-07-01,0.3224241354,0.1061554369,1
90002004,A0118150101,2020-08-01,0.2524429351,0.1097983854,1
90002004,A0118150101,2020-10-01,0.1970398843,0.1619794548,1
90002004,A0118150101,2020-11-01,0.2796875102,0.1206067949,1
90002004,A0118150101,2020-12-01,0.2520982655,0.1512005270,1
90002004,A0118150101,2021-02-01,0.2006176949,0.1388878690,1
90002004,A0118150101,2021-03-01,0.2531270057,0.1193766433,1
90002004,A0118150101,2021-04-01,0.1989901997,0.1693031139,1
90002004,A0118150101,2021-06-01,0.2128197994,0.1577008724,1
90002004,A0118150101,2021-07-01,0.2874471813,0.1586945050,1
90002004,A0118150101,2021-08-01,0.2375773532,0.1487398559,1
90002004,A0118150103,2021-10-01,0.3143144016,0.0920326812,1
90002004,A0118150103,2021-11-01,0.3136037613,0.0820234763,1
90002004,A0118150103,2021-12-01,0.2983656671,0.0814545362,1
90002004,A0118150103,2022-02-01,0.2859057760,0.0777608810,1
90002004,A0118150103,2022-03-01,0.2723230734,0.0734354124,1
90002004,A0118150103,2022-04-01,0.2343717261,0.1003715258,1
90002004,A0118150103,2022-06-01,0.3285223993,0.0928988857,1
90002004,A0118150103,2022-07-01,0.2805204945,0.0797530831,1
90002004,A0118150103,2022-08-01,0.2873954824,0.0944755908,1
90002005,A0118150101,2017-09-01,0.2927020054,0.0933802426,1
90002005,A0118150101,2017-10-01,0.2686702317,0.0884437839,1
90002005,A0118150101,2017-11-01,0.2616698906,0.0690982524,1
90002005,A0118150101,2018-01-01,0.2466658729,0.0743543879,1
90002005,A0118150101,2018-02-01,0.2389810982,0.1012687155,1
90002005,A0118150101,2018-03-01,0.2326367016,0.0689575657,1
90002005,A0118150101,2018-05-01,0.2558134109,0.0724144516,1
90002005,A0118150101,2018-06-01,0.2668181066,0.0736676306,1
90002005,A0118150101,2018-07-01,0.2365128412,0.0677466422,1
90002005,A0118150101,2018-09-01,0.1256646377,0.1285497263,1
90002005,A0118150101,2018-10-01,0.1380799066,0.1571278314,1
90002005,A0118150101,2018-11-01,0.1354045278,0.1046280146,1
90002005,A0118150101,2019-01-01,0.1513098672,0.1489790284,1
90002005,A0118150101,2019-02-01,0.1245817279,0.1263319090,1
90002005,A0118150101,2019-03-01,0.1428870077,0.1534725083,1
90002005,A0118150101,2019-05-01,0.1319083756,0.1351659482,1
90002005,A0118150101,2019-06-01,0.1282345594,0.1606165707,1
90002005,A0118150101,2019-07-01,0.1647569007,0.1273603094,1
90002005,A0118150101,2019-09-01,0.2941203791,0.1150622950,1
90002005,A0118150101,2019-10-01,0.3322434109,0.0827305160,1
90002005,A0118150101,2019-11-01,0.2526927425,0.1037225301,1
90002005,A0118150101,2020-01-01,0.2442537976,0.1253688262,1
90002005,A0118150101,2020-02-01,0.2656840936,0.0918510681,1
90002005,A0118150101,2020-03-01,0.3530524056,0.0978341816,1
90002005,A0118150101,2020-05-01,0.2588968470,0.0932498617,1
90002005,A0118150101,2020-06-01,0.2388297809,0.0990651671,1
90002005,A0118150101,2020-07-01,0.2576643350,0.0892093589,1
90002005,A0118150101,2020-09-01,0.2198586370,0.1388687370,1
90002005,A0118150101,2020-10-01,0.2263435489,0.1674348444,1
90002005,A0118150101,2020-11-01,0.2854340762,0.1365822955,1
90002005,A0118150101,2021-01-01,0.2450798342,0.1224013944,1
90002005,A0118150101,2021-02-01,0.2523347497,0.1549430703,1
90002005,A0118150101,2021-03-01,0.2287356801,0.1397471852,1
90002005,A0118150101,2021-05-01,0.2220320604,0.1703446901,1
90002005,A0118150101,2021-06-01,0.2567476749,0.1712039552,1
90002005,A0118150101,2021-07-01,0.2612341274,0.1256944300,1
90002005,A0118150103,2021-09-01,0.2314159299,0.0848280066,1
90002005,A0118150103,2021-10-01,0.3259640928,0.0644985163,1
90002005,A0118150103,2021-11-01,0.2680360818,0.0787785579,1
90002005,A0118150103,2022-01-01,0.2266499141,0.0947301843,1
90002005,A0118150103,2022-02-01,0.2584661835,0.0758735055,1
90002005,A0118150103,2022-03-01,0.2715319961,0.0775637918,1
90002005,A0118150103,2022-05-01,0.2908928247,0.0844314711,1
90002005,A0118150103,2022-06-01,0.2906695777,0.0695236383,1
90002005,A0118150103,2022-07-01,0.2328771176,0.0997708121,1
90002006,A0118150101,2017-09-01,0.2671689963,0.0949254786,1
90002006,A0118150101,2017-10-01,0.2662448247,0.0927638126,1
90002006,A0118150101,2017-12-01,0.2898386300,0.0737633454,1
90002006,A0118150101,2018-01-01,0.2436759057,0.0902764269,1
90002006,A0118150101,2018-02-01,0.2333390787,0.0708997562,1
90002006,A0118150101,2018-04-01,0.2996404745,0.0791286492,1
90002006,A0118150101,2018-05-01,0.2361202709,0.0857907676,1
90002006,A0118150101,2018-06-01,0.3107650279,0.0705688181,1
90002006,A0118150101,2018-08-01,0.2983069460,0.0979051530,1
90002006,A0118150101,2018-09-01,0.1428621428,0.1334188033,1
90002006,A0118150101,2018-10-01,0.1486265513,0.1149509625,1
90002006,A0118150101,2018-12-01,0.1426550839,0.1076230162,1
90002006,A0118150101,2019-01-01,0.1542014858,0.1170656091,1
90002006,A0118150101,2019-02-01,0.1328705871,0.1382310865,1
90002006,A0118150101,2019-04-01,0.1665063769,0.1107928344,1
90002006,A0118150101,2019-05-01,0.1358742785,0.1250341804,1
90002006,A0118150101,2019-06-01,0.1339180833,0.1631889146,1
90002006,A0118150101,2019-08-01,0.1341140132,0.1531319981,1
90002006,A0118150101,2019-09-01,0.3273838208,0.0985291537,1
90002006,A0118150101,2019-10-01,0.3484233521,0.0982343611,1
90002006,A0118150101,2019-12-01,0.2384144821,0.1242967767,1
90002006,A0118150101,2020-01-01,0.2391470228,0.1232496180,1
90002006,A0118150101,2020-02-01,0.3093981760,0.0978173701,1
90002006,A0118150101,2020-04-01,0.2953015084,0.1267148995,1
90002006,A0118150101,2020-05-01,0.2528310803,0.0835292474,1
90002006,A0118150101,2020-06-01,0.2851265285,0.0952934571,1
90002006,A0118150101,2020-08-01,0.2923005605,0.1142110693,1
90002006,A0118150101,2020-09-01,0.2859946516,0.1765423907,1
90002006,A0118150101,2020-10-01,0.2023624087,0.1615287596,1
90002006,A0118150101,2020-12-01,0.2191098105,0.1771017676,1
90002006,A0118150101,2021-01-01,0.2518636846,0.1270736229,1
90002006,A0118150101,2021-02-01,0.2771403496,0.1353485473,1
90002006,A0118150101,2021-04-01,0.2267436131,0.1646154601,1
90002006,A0118150101,2021-05-01,0.2102936812,0.1777350555,1
90002006,A0118150101,2021-06-01,0.2106528938,0.1542344839,1
90002006,A0118150101,2021-08-01,0.2096530929,0.1767517448,1
90002006,A0118150103,2021-09-01,0.2767913489,0.0951688880,1
90002006,A0118150103,2021-10-01,0.3138063599,0.0645238374,1
90002006,A0118150103,2021-12-01,0.2241728130,0.0706381633,1
90002006,A0118150103,2022-01-01,0.3088652142,0.0808398337,1
90002006,A0118150103,2022-02-01,0.2400057228,0.0819847223,1
90002006,A0118150103,2022-04-01,0.2489049199,0.0810844862,1
90002006,A0118150103,2022-05-01,0.3197939014,0.0984414735,1
90002006,A0118150103,2022-06-01,0.2805445193,0.0815666518,1
90002006,A0118150103,2022-08-01,0.2741644955,0.0884843254,1
90002007,A0118150101,2017-09-01,0.2887883177,0.1029196229,1
90002007,A0118150101,2017-11-01,0.2617258857,0.0941787832,1
90002007,A0118150101,2017-12-01,0.2579963672,0.0726242477,1
90002007,A0118150101,2018-01-01,0.3044396085,0.0774748813,1
90002007,A0118150101,2018-03-01,0.3023407716,0.0692116429,1
90002007,A0118150101,2018-04-01,0.2472338266,0.0931334383,1
90002007,A0118150101,2018-05-01,0.2620934617,0.0710474847,1
90002007,A0118150101,2018-07-01,0.2303063028,0.0834199101,1
90002007,A0118150101,2018-08-01,0.2223744986,0.0685516534,1
90002007,A0118150101,2018-09-01,0.1734691469,0.1374862683,1
90002007,A0118150101,2018-11-01,0.1809418628,0.1243410187,1
90002007,A0118150101,2018-12-01,0.1658182961,0.1051637534,1
90002007,A0118150101,2019-01-01,0.1566790465,0.1286707637,1
90002007,A0118150101,2019-03-01,0.1264272792,0.1561062323,1
90002007,A0118150101,2019-04-01,0.1401396807,0.1592442085,1
90002007,A0118150101,2019-05-01,0.1795009254,0.1431132172,1
90002007,A0118150101,2019-07-01,0.1424655710,0.1205350901,1
90002007,A0118150101,2019-08-01,0.1451941917,0.1615632838,1
90002007,A0118150101,2019-09-01,0.2813824306,0.1234497871,1
90002007,A0118150101,2019-11-01,0.2499747463,0.0898888793,1
90002007,A0118150101,2019-12-01,0.3166469943,0.0963822686,1
90002007,A0118150101,2020-01-01,0.3328369846,0.0852835041,1
90002007,A0118150101,2020-03-01,0.2752905920,0.1212351041,1
90002007,A0118150101,2020-04-01,0.2558654833,0.1230911128,1
90002007,A0118150101,2020-05-01,0.3481664502,0.0909923617,1
90002007,A0118150101,2020-07-01,0.2615432190,0.1230642670,1
90002007,A0118150101,2020-08-01,0.2979646964,0.1006618379,1
90002007,A0118150101,2020-09-01,0.1990080869,0.1358683335,1
90002007,A0118150101,2020-11-01,0.2745955892,0.1567182822,1
90002007,A0118150101,2020-12-01,0.2577583237,0.1572813597,1
90002007,A0118150101,2021-01-01,0.2384382734,0.1574508435,1
90002007,A0118150101,2021-03-01,0.2757792726,0.1265181933,1
90002007,A0118150101,2021-04-01,0.2671025885,0.1581360327,1
90002007,A0118150101,2021-05-01,0.2147539787,0.1223787294,1
90002007,A0118150101,2021-07-01,0.2118306749,0.1357331174,1
90002007,A0118150101,2021-08-01,0.2795574763,0.1732868022,1
90002007,A0118150103,2021-09-01,0.2438046407,0.0697388337,1
90002007,A0118150103,2021-11-01,0.2778975898,0.0969638557,1
90002007,A0118150103,2021-12-01,0.3007861113,0.0907706325,1
90002007,A0118150103,2022-01-01,0.2616763762,0.0781208953,1
90002007,A0118150103,2022-03-01,0.2406959454,0.0854932858,1
90002007,A0118150103,2022-04-01,0.2248996776,0.0794613594,1
90002007,A0118150103,2022-05-01,0.2211576232,0.0985928955,1
90002007,A0118150103,2022-07-01,0.3292880184,0.0941577625,1
90002007,A0118150103,2022-08-01,0.2759567031,0.0824873572,1
90002008,A0118150101,2017-10-01,0.2528849771,0.0822580078,1
90002008,A0118150101,2017-11-01,0.2269471852,0.0746228066,1
90002008,A0118150101,2017-12-01,0.3128180681,0.0792889093,1
90002008,A0118150101,2018-02-01,0.2368668809,0.0670303525,1
90002008,A0118150101,2018-03-01,0.2609162835,0.0685313592,1
90002008,A0118150101,2018-04-01,0.2290749044,0.0805029147,1
90002008,A0118150101,2018-06-01,0.2757807013,0.0878793093,1
90002008,A0118150101,2018-07-01,0.2836347699,0.0856821054,1
90002008,A0118150101,2018-08-01,0.2714300080,0.0952646319,1
90002008,A0118150101,2018-10-01,0.1592034568,0.1640344828,1
90002008,A0118150101,2018-11-01,0.1606862705,0.1636782508,1
90002008,A0118150101,2018-12-01,0.1371289289,0.1165892549,1
90002008,A0118150101,2019-02-01,0.1614352551,0.1576327695,1
90002008,A0118150101,2019-03-01,0.1325530186,0.1071932198,1
90002008,A0118150101,2019-04-01,0.1784288662,0.1503509997,1
90002008,A0118150101,2019-06-01,0.1616394522,0.1091762216,1
90002008,A0118150101,2019-07-01,0.1721994301,0.1235207686,1
90002008,A0118150101,2019-08-01,0.1376811152,0.1390013102,1
90002008,A0118150101,2019-10-01,0.2505819703,0.1221228977,1
90002008,A0118150101,2019-11-01,0.3177932711,0.0965216482,1
90002008,A0118150101,2019-12-01,0.2395095641,0.0846070105,1
90002008,A0118150101,2020-02-01,0.3430390454,0.1239448531,1
90002008,A0118150101,2020-03-01,0.3508027545,0.0997574140,1
90002008,A0118150101,2020-04-01,0.2851998849,0.1275240194,1
90002008,A0118150101,2020-06-01,0.2641101865,0.0864330073,1
90002008,A0118150101,2020-07-01,0.2682392004,0.0965703158,1
90002008,A0118150101,2020-08-01,0.3317045533,0.1268941094,1
90002008,A0118150101,2020-10-01,0.2301871003,0.1756335173,1
90002008,A0118150101,2020-11-01,0.2859856664,0.1185410096,1
90002008,A0118150101,2020-12-01,0.2071543994,0.1328936818,1
90002008,A0118150101,2021-02-01,0.2682392134,0.1305155426,1
90002008,A0118150101,2021-03-01,0.2131797164,0.1198207970,1
90002008,A0118150101,2021-04-01,0.2102527729,0.1719019999,1
90002008,A0118150101,2021-06-01,0.2425989293,0.1709274335,1
90002008,A0118150101,2021-07-01,0.1955954302,0.1735196624,1
90002008,A0118150101,2021-08-01,0.2743383526,0.1631316638,1
90002008,A0118150103,2021-10-01,0.3161474053,0.0731837421,1
90002008,A0118150103,2021-11-01,0.2393278199,0.0778826419,1
90002008,A0118150103,2021-12-01,0.3283863642,0.0831333537,1
90002008,A0118150103,2022-02-01,0.2482738896,0.0653731789,1
90002008,A0118150103,2022-03-01,0.2913189787,0.0643723956,1
90002008,A0118150103,2022-04-01,0.2630255488,0.0808235993,1
90002008,A0118150103,2022-06-01,0.2368829928,0.0980583570,1
90002008,A0118150103,2022-07-01,0.2527902711,0.0860628719,1
90002008,A0118150103,2022-08-01,0.2639437276,0.0939507416,1
90002009,A0118150101,2017-09-01,0.2523481030,0.0751929742,1
90002009,A0118150101,2017-10-01,0.3104003208,0.0855980966,1
90002009,A0118150101,2017-11-01,0.2825799016,0.0713126220,1
90002009,A0118150101,2018-01-01,0.3127955618,0.0783022539,1
90002009,A0118150101,2018-02-01,0.2439330861,0.0831506665,1
90002009,A0118150101,2018-03-01,0.2464943287,0.0777117113,1
90002009,A0118150101,2018-05-01,0.2410683523,0.0727445016,1
90002009,A0118150101,2018-06-01,0.3248441348,0.0904463387,1
90002009,A0118150101,2018-07-01,0.2354647132,0.0882997238,1
90002009,A0118150101,2018-09-01,0.1306657737,0.1596941823,1
90002009,A0118150101,2018-10-01,0.1347903933,0.1112987568,1
90002009,A0118150101,2018-11-01,0.1644694657,0.1220898106,1
90002009,A0118150101,2019-01-01,0.1722999084,0.1192676414,1
90002009,A0118150101,2019-02-01,0.1547872430,0.1439926134,1
90002009,A0118150101,2019-03-01,0.1546738648,0.1466560817,1
90002009,A0118150101,2019-05-01,0.1814964809,0.1471500531,1
90002009,A0118150101,2019-06-01,0.1346802902,0.1196569324,1
90002009,A0118150101,2019-07-01,0.1726012912,0.1514897791,1
90002009,A0118150101,2019-09-01,0.2407744064,0.1010497098,1
90002009,A0118150101,2019-10-01,0.3217397011,0.1050170299,1
90002009,A0118150101,2019-11-01,0.2718862685,0.0857628673,1
90002009,A0118150101,2020-01-01,0.3378659122,0.0988528850,1
90002009,A0118150101,2020-02-01,0.3528204921,0.1245966197,1
90002009,A0118150101,2020-03-01,0.2773027922,0.0953442825,1
90002009,A0118150101,2020-05-01,0.2394940639,0.1251814744,1
90002009,A0118150101,2020-06-01,0.2728355836,0.0898801802,1
90002009,A0118150101,2020-07-01,0.2835662127,0.1189924645,1
90002009,A0118150101,2020-09-01,0.2281625452,0.1321132192,1
90002009,A0118150101,2020-10-01,0.2585461643,0.1619597547,1
90002009,A0118150101,2020-11-01,0.2806325321,0.1732419080,1
90002009,A0118150101,2021-01-01,0.2190120002,0.1772787130,1
90002009,A0118150101,2021-02-01,0.2580159738,0.1738485921,1
90002009,A0118150101,2021-03-01,0.2071606257,0.1309596304,1
90002009,A0118150101,2021-05-01,0.2245023756,0.1226450371,1
90002009,A0118150101,2021-06-01,0.2053078342,0.1708435847,1
90002009,A0118150101,2021-07-01,0.2458739435,0.1461392517,1
90002009,A0118150103,2021-09-01,0.2290750626,0.0690610101,1
90002009,A0118150103,2021-10-01,0.2482151022,0.0955321599,1
90002009,A0118150103,2021-11-01,0.2679122226,0.0822779058,1
90002009,A0118150103,2022-01-01,0.3125014240,0.0828563370,1
90002009,A0118150103,2022-02-01,0.2632676743,0.0923654205,1
90002009,A0118150103,2022-03-01,0.2473660679,0.0975513367,1
90002009,A0118150103,2022-05-01,0.2781673796,0.0937403119,1
90002009,A0118150103,2022-06-01,0.2688937793,0.0711121346,1
90002009,A0118150103,2022-07-01,0.2746515532,0.0778143618,1
90002010,A0118150101,2017-09-01,0.2841264082,0.0942398268,1
90002010,A0118150101,2017-10-01,0.3317962059,0.0981382939,1
90002010,A0118150101,2017-12-01,0.2544174863,0.0863990986,1
90002010,A0118150101,2018-01-01,0.2509584997,0.0906075767,1
90002010,A0118150101,2018-02-01,0.3297147047,0.0715994666,1
90002010,A0118150101,2018-04-01,0.2549556207,0.0951045026,1
90002010,A0118150101,2018-05-01,0.2401261294,0.0814528938,1
90002010,A0118150101,2018-06-01,0.2936815194,0.0791465576,1
90002010,A0118150101,2018-08-01,0.2685595351,0.0658707970,1
90002010,A0118150101,2018-09-01,0.1240918009,0.1494690032,1
90002010,A0118150101,2018-10-01,0.1716740482,0.1525698743,1
90002010,A0118150101,2018-12-01,0.1438087675,0.1195310886,1
90002010,A0118150101,2019-01-01,0.1395881981,0.1067369149,1
90002010,A0118150101,2019-02-01,0.1787102558,0.1412663323,1
90002010,A0118150101,2019-04-01,0.1553683269,0.1053470782,1
90002010,A0118150101,2019-05-01,0.1525053430,0.1053490430,1
90002010,A0118150101,2019-06-01,0.1841231932,0.1401945523,1
90002010,A0118150101,2019-08-01,0.1515935095,0.1409242874,1
90002010,A0118150101,2019-09-01,0.3433936155,0.1092230271,1
90002010,A0118150101,2019-10-01,0.2963260641,0.0891357707,1
90002010,A0118150101,2019-12-01,0.3342133922,0.0920033149,1
90002010,A0118150101,2020-01-01,0.2871954309,0.0863137148,1
90002010,A0118150101,2020-02-01,0.2918242914,0.1077924886,1
90002010,A0118150101,2020-04-01,0.3431130470,0.1005838459,1
90002010,A0118150101,2020-05-01,0.2807868829,0.0826398689,1
90002010,A0118150101,2020-06-01,0.2925122818,0.0901761589,1
90002010,A0118150101,2020-08-01,0.2394307164,0.1106971912,1
90002010,A0118150101,2020-09-01,0.2866276225,0.1540951013,1
90002010,A0118150101,2020-10-01,0.2903254411,0.1619740110,1
90002010,A0118150101,2020-12-01,0.2812258379,0.1295810387,1
90002010,A0118150101,2021-01-01,0.2119442750,0.1723435523,1
90002010,A0118150101,2021-02-01,0.2304623104,0.1234233792,1
90002010,A0118150101,2021-04-01,0.2700123286,0.1546493292,1
90002010,A0118150101,2021-05-01,0.2677599025,0.1614283944,1
90002010,A0118150101,2021-06-01,0.1951086902,0.1203183507,1
90002010,A0118150101,2021-08-01,0.2790634240,0.1622747549,1
90002010,A0118150103,2021-09-01,0.2817472045,0.0665473623,1
90002010,A0118150103,2021-10-01,0.3200485346,0.0979750835,1
90002010,A0118150103,2021-12-01,0.3109644631,0.0894264303,1
90002010,A0118150103,2022-01-01,0.2399105987,0.0762782181,1
90002010,A0118150103,2022-02-01,0.2720308258,0.0848162086,1
90002010,A0118150103,2022-04-01,0.2763633874,0.0996074980,1
90002010,A0118150103,2022-05-01,0.3113984917,0.0884801736,1
90002010,A0118150103,2022-06-01,0.2669720137,0.0780704186,1
90002010,A0118150103,2022-08-01,0.2906356718,0.0880178979,1
90002011,A0118150101,2017-09-01,0.2843326041,0.0825968362,1
90002011,A0118150101,2017-11-01,0.2999038266,0.0996082715,1
90002011,A0118150101,2017-12-01,0.2934615402,0.0956387024,1
90002011,A0118150101,2018-01-01,0.3060587535,0.0723079401,1
90002011,A0118150101,2018-03-01,0.3023096233,0.0727288662,1
90002011,A0118150101,2018-04-01,0.2845308439,0.0976556707,1
90002011,A0118150101,2018-05-01,0.2806264012,0.1032801494,1
90002011,A0118150101,2018-07-01,0.2688959666,0.0854910381,1
90002011,A0118150101,2018-08-01,0.2313500388,0.0815731885,1
90002011,A0118150101,2018-09-01,0.1425985782,0.1631788971,1
90002011,A0118150101,2018-11-01,0.1299211452,0.1373232106,1
90002011,A0118150101,2018-12-01,0.1574270383,0.1349873978,1
90002011,A0118150101,2019-01-01,0.1532967021,0.1071636185,1
90002011,A0118150101,2019-03-01,0.1510520424,0.1245314775,1
90002011,A0118150101,2019-04-01,0.1788970670,0.1444484677,1
90002011,A0118150101,2019-05-01,0.1289543798,0.1065984377,1
90002011,A0118150101,2019-07-01,0.1356524789,0.1620662957,1
90002011,A0118150101,2019-08-01,0.1384548233,0.1078005142,1
90002011,A0118150101,2019-09-01,0.2934575148,0.1031818406,1
90002011,A0118150101,2019-11-01,0.2717751862,0.1212732437,1
90002011,A0118150101,2019-12-01,0.2695694458,0.0836225473,1
90002011,A0118150101,2020-01-01,0.3400892235,0.0871531509,1
90002011,A0118150101,2020-03-01,0.3029097415,0.0915777510,1
90002011,A0118150101,2020-04-01,0.2566987739,0.1084420292,1
90002011,A0118150101,2020-05-01,0.3498963296,0.1196520938,1
90002011,A0118150101,2020-07-01,0.2549492281,0.1275577245,1
90002011,A0118150101,2020-08-01,0.2887255365,0.0834825475,1
90002011,A0118150101,2020-09-01,0.2483637725,0.1440320502,1
90002011,A0118150101,2020-11-01,0.2477702695,0.1259536010,1
90002011,A0118150101,2020-12-01,0.2341794742,0.1387301011,1
90002011,A0118150101,2021-01-01,0.2502980926,0.1668991394,1
90002011,A0118150101,2021-03-01,0.2341435477,0.1573046639,1
90002011,A0118150101,2021-04-01,0.2101207251,0.1361538886,1
90002011,A0118150101,2021-05-01,0.2474257350,0.1187481002,1
90002011,A0118150101,2021-07-01,0.2663474278,0.1218814052,1
90002011,A0118150101,2021-08-01,0.2856497539,0.1267246860,1
90002011,A0118150103,2021-09-01,0.2603689188,0.0864117727,1
90002011,A0118150103,2021-11-01,0.2663865753,0.0795478350,1
90002011,A0118150103,2021-12-01,0.2584063354,0.0735333718,1
90002011,A0118150103,2022-01-01,0.2711694979,0.0868998797,1
90002011,A0118150103,2022-03-01,0.2804204674,0.0990822544,1
90002011,A0118150103,2022-04-01,0.2615246332,0.0934467902,1
90002011,A0118150103,2022-05-01,0.2279562598,0.0816452733,1
90002011,A0118150103,2022-07-01,0.3093011327,0.0943590559,1
90002011,A0118150103,2022-08-01,0.2924176887,0.0958532234,1
90002012,A0118150101,2017-10-01,0.2614834558,0.0717512339,1
90002012,A0118150101,2017-11-01,0.2221760967,0.0970831939,1
90002012,A0118150101,2017-12-01,0.3009493889,0.0703451225,1
90002012,A0118150101,2018-02-01,0.2543209073,0.0741438799,1
90002012,A0118150101,2018-03-01,0.2324304516,0.0966173222,1
90002012,A0118150101,2018-04-01,0.3231826715,0.0933955712,1
90002012,A0118150101,2018-06-01,0.2962924822,0.0998128122,1
90002012,A0118150101,2018-07-01,0.2942760319,0.0870797168,1
90002012,A0118150101,2018-08-01,0.3262834567,0.0732450349,1
90002012,A0118150101,2018-10-01,0.1508366207,0.1372710368,1
90002012,A0118150101,2018-11-01,0.1581702927,0.1197785660,1
90002012,A0118150101,2018-12-01,0.1396214301,0.1505447038,1
90002012,A0118150101,2019-02-01,0.1659878217,0.1638397344,1
90002012,A0118150101,2019-03-01,0.1663533029,0.1580081429,1
90002012,A0118150101,2019-04-01,0.1630382217,0.1318858791,1
90002012,A0118150101,2019-06-01,0.1358586700,0.1493790003,1
90002012,A0118150101,2019-07-01,0.1816370120,0.1620417035,1
90002012,A0118150101,2019-08-01,0.1357616127,0.1173338300,1
90002012,A0118150101,2019-10-01,0.2752352648,0.1218990754,1
90002012,A0118150101,2019-11-01,0.2483284090,0.0983939758,1
90002012,A0118150101,2019-12-01,0.3022096563,0.1091349971,1
90002012,A0118150101,2020-02-01,0.3256555231,0.0990144826,1
90002012,A0118150101,2020-03-01,0.3342690905,0.0975092492,1
90002012,A0118150101,2020-04-01,0.2463312448,0.0828275533,1
90002012,A0118150101,2020-06-01,0.2861099719,0.1181879523,1
90002012,A0118150101,2020-07-01,0.3461859777,0.0888279846,1
90002012,A0118150101,2020-08-01,0.2961329216,0.1186051164,1
90002012,A0118150101,2020-10-01,0.2755836781,0.1242738638,1
90002012,A0118150101,2020-11-01,0.2867465086,0.1560838302,1
90002012,A0118150101,2020-12-01,0.2778149234,0.1154793093,1
90002012,A0118150101,2021-02-01,0.2485508269,0.1741860352,1
90002012,A0118150101,2021-03-01,0.2490762126,0.1210712695,1
90002012,A0118150101,2021-04-01,0.2013693259,0.1225515758,1
90002012,A0118150101,2021-06-01,0.2674335386,0.1738570780,1
90002012,A0118150101,2021-07-01,0.2319740070,0.1146728051,1
90002012,A0118150101,2021-08-01,0.2667972417,0.1202084450,1
90002012,A0118150103,2021-10-01,0.2402247444,0.0974524107,1
90002012,A0118150103,2021-11-01,0.2816123846,0.0802362635,1
90002012,A0118150103,2021-12-01,0.2759375155,0.0904112499,1
90002012,A0118150103,2022-02-01,0.3138638628,0.0751296581,1
90002012,A0118150103,2022-03-01,0.2848592730,0.0930425731,1
90002012,A0118150103,2022-04-01,0.2646857454,0.0704237020,1
90002012,A0118150103,2022-06-01,0.3213136573,0.0894383346,1
90002012,A0118150103,2022-07-01,0.2835230164,0.0657227875,1
90002012,A0118150103,2022-08-01,0.2910772742,0.0849932163,1
90002013,A0118150101,2017-09-01,0.2408985910,0.1030175873,1
90002013,A0118150101,2017-10-01,0.3204057670,0.0825287632,1
90002013,A0118150101,2017-11-01,0.2974505526,0.0810405394,1
90002013,A0118150101,2018-01-01,0.3170301487,0.0706836635,1
90002013,A0118150101,2018-02-01,0.3183005795,0.0929280586,1
90002013,A0118150101,2018-03-01,0.2630018219,0.0869032663,1
90002013,A0118150101,2018-05-01,0.3287483243,0.0681760556,1
90002013,A0118150101,2018-06-01,0.3046394139,0.0772752371,1
90002013,A0118150101,2018-07-01,0.2677154694,0.0847935752,1
90002013,A0118150101,2018-09-01,0.1429210302,0.1412620833,1
90002013,A0118150101,2018-10-01,0.1349229170,0.1402194240,1
90002013,A0118150101,2018-11-01,0.1246095189,0.1230005395,1
90002013,A0118150101,2019-01-01,0.1430190817,0.1169405316,1
90002013,A0118150101,2019-02-01,0.1656285504,0.1322115855,1
90002013,A0118150101,2019-03-01,0.1605749964,0.1197201527,1
90002013,A0118150101,2019-05-01,0.1635455640,0.1496863902,1
90002013,A0118150101,2019-06-01,0.1375767786,0.1517864499,1
90002013,A0118150101,2019-07-01,0.1744493744,0.1505194542,1
90002013,A0118150101,2019-09-01,0.3194725072,0.1153531485,1
90002013,A0118150101,2019-10-01,0.2879821872,0.0839172545,1
90002013,A0118150101,2019-11-01,0.2599680142,0.0845165906,1
90002013,A0118150101,2020-01-01,0.3234295641,0.1082371012,1
90002013,A0118150101,2020-02-01,0.2556453384,0.0894608674,1
90002013,A0118150101,2020-03-01,0.2378248651,0.0947636566,1
90002013,A0118150101,2020-05-01,0.2587920702,0.1184351685,1
90002013,A0118150101,2020-06-01,0.2393417791,0.1160344324,1
90002013,A0118150101,2020-07-01,0.2578394942,0.1277831308,1
90002013,A0118150101,2020-09-01,0.2784878774,0.1694755809,1
90002013,A0118150101,2020-10-01,0.2038721428,0.1231777828,1
90002013,A0118150101,2020-11-01,0.2302863179,0.1632985554,1
90002013,A0118150101,2021-01-01,0.2604509103,0.1427317879,1
90002013,A0118150101,2021-02-01,0.2798110112,0.1369179581,1
90002013,A0118150101,2021-03-01,0.2825620491,0.1261412374,1
90002013,A0118150101,2021-05-01,0.2182368148,0.1192408038,1
90002013,A0118150101,2021-06-01,0.2209329456,0.1557016521,1
90002013,A0118150101,2021-07-01,0.2752404838,0.1385728169,1
90002013,A0118150103,2021-09-01,0.2830796831,0.0769404221,1
90002013,A0118150103,2021-10-01,0.2719943866,0.0800751501,1
90002013,A0118150103,2021-11-01,0.2367599339,0.0749538258,1
90002013,A0118150103,2022-01-01,0.2945011881,0.0755265706,1
90002013,A0118150103,2022-02-01,0.2647917022,0.0833690995,1
90002013,A0118150103,2022-03-01,0.3063144584,0.0809054496,1
90002013,A0118150103,2022-05-01,0.3275978777,0.0971918169,1
90002013,A0118150103,2022-06-01,0.2853887464,0.0932574863,1
90002013,A0118150103,2022-07-01,0.2355090556,0.0956146696,1
90002014,A0118150101,2017-09-01,0.3316151769,0.0936002748,1
90002014,A0118150101,2017-10-01,0.2667347196,0.0821685007,1
90002014,A0118150101,2017-12-01,0.2741982246,0.0994632571,1
90002014,A0118150101,2018-01-01,0.3004723631,0.0696839439,1
90002014,A0118150101,2018-02-01,0.3253710371,0.0931119960,1
90002014,A0118150101,2018-04-01,0.2279327535,0.0692574940,1
90002014,A0118150101,2018-05-01,0.3110361498,0.0870251784,1
90002014,A0118150101,2018-06-01,0.2448959479,0.0927877687,1
90002014,A0118150101,2018-08-01,0.2976372393,0.0929958158,1
90002014,A0118150101,2018-09-01,0.1650925012,0.1074917648,1
90002014,A0118150101,2018-10-01,0.1753527485,0.1198354009,1
90002014,A0118150101,2018-12-01,0.1737609555,0.1252351091,1
90002014,A0118150101,2019-01-01,0.1693244347,0.1342054602,1
90002014,A0118150101,2019-02-01,0.1588678615,0.1094278121,1
90002014,A0118150101,2019-04-01,0.1374342830,0.1454752666,1
90002014,A0118150101,2019-05-01,0.1640855481,0.1593340120,1
90002014,A0118150101,2019-06-01,0.1522004900,0.1123698329,1
90002014,A0118150101,2019-08-01,0.1500326293,0.1202960356,1
90002014,A0118150101,2019-09-01,0.2899113800,0.1007696552,1
90002014,A0118150101,2019-10-01,0.3402756679,0.0873362513,1
90002014,A0118150101,2019-12-01,0.2922022982,0.0891425863,1
90002014,A0118150101,2020-01-01,0.3219532356,0.1235633025,1
90002014,A0118150101,2020-02-01,0.2647045372,0.0822523389,1
90002014,A0118150101,2020-04-01,0.3133458417,0.1084343310,1
90002014,A0118150101,2020-05-01,0.2807111001,0.1079255397,1
90002014,A0118150101,2020-06-01,0.2837480658,0.1162699444,1
90002014,A0118150101,2020-08-01,0.2582225160,0.0845935904,1
90002014,A0118150101,2020-09-01,0.2901537094,0.1552133671,1
90002014,A0118150101,2020-10-01,0.2453484879,0.1757165997,1
90002014,A0118150101,2020-12-01,0.2603290321,0.1507004956,1
90002014,A0118150101,2021-01-01,0.2196026724,0.1313287178,1
90002014,A0118150101,2021-02-01,0.2239808518,0.1728798445,1
90002014,A0118150101,2021-04-01,0.2912934329,0.1777331285,1
90002014,A0118150101,2021-05-01,0.2817534127,0.1368385655,1
90002014,A0118150101,2021-06-01,0.2210593246,0.1579515787,1
90002014,A0118150101,2021-08-01,0.2198081287,0.1167853028,1
90002014,A0118150103,2021-09-01,0.2460546050,0.0690240600,1
90002014,A0118150103,2021-10-01,0.2666261078,0.0988469026,1
90002014,A0118150103,2021-12-01,0.2525702473,0.0771475246,1
90002014,A0118150103,2022-01-01,0.3000841789,0.0908038828,1
90002014,A0118150103,2022-02-01,0.2380053327,0.0973900946,1
90002014,A0118150103,2022-04-01,0.2527535458,0.0971652394,1
90002014,A0118150103,2022-05-01,0.3181911594,0.0868791437,1
90002014,A0118150103,2022-06-01,0.2502167325,0.0840278906,1
90002014,A0118150103,2022-08-01,0.2219571703,0.0693278100,1
90002015,A0118150101,2017-09-01,0.3026283302,0.0835732624,1
90002015,A0118150101,2017-11-01,0.2433662046,0.0698327757,1
90002015,A0118150101,2017-12-01,0.3040413198,0.0969060608,1
90002015,A0118150101,2018-01-01,0.2523009104,0.0691460889,1
90002015,A0118150101,2018-03-01,0.3053394989,0.0803256328,1
90002015,A0118150101,2018-04-01,0.2427666537,0.1016465799,1
90002015,A0118150101,2018-05-01,0.2672318378,0.0908297258,1
90002015,A0118150101,2018-07-01,0.2717801886,0.1011616855,1
90002015,A0118150101,2018-08-01,0.2609145964,0.0797123313,1
90002015,A0118150101,2018-09-01,0.1619441799,0.1138466818,1
90002015,A0118150101,2018-11-01,0.1383496982,0.1488319834,1
90002015,A0118150101,2018-12-01,0.1744663551,0.1072431970,1
90002015,A0118150101,2019-01-01,0.1858453350,0.1097783704,1
90002015,A0118150101,2019-03-01,0.1585747568,0.1216903907,1
90002015,A0118150101,2019-04-01,0.1590812588,0.1363284095,1
90002015,A0118150101,2019-05-01,0.1425916590,0.1309859628,1
90002015,A0118150101,2019-07-01,0.1429120833,0.1368027406,1
90002015,A0118150101,2019-08-01,0.1824139678,0.1393401482,1
90002015,A0118150101,2019-09-01,0.2371695450,0.1107156309,1
90002015,A0118150101,2019-11-01,0.2525103200,0.1133130815,1
90002015,A0118150101,2019-12-01,0.3170210907,0.1066173480,1
90002015,A0118150101,2020-01-01,0.2595511273,0.1200985036,1
90002015,A0118150101,2020-03-01,0.3348403628,0.1280606663,1
90002015,A0118150101,2020-04-01,0.2837045104,0.1075600433,1
90002015,A0118150101,2020-05-01,0.2737735005,0.0847751484,1
90002015,A0118150101,2020-07-01,0.2649848419,0.1007332538,1
90002015,A0118150101,2020-08-01,0.2870644454,0.1197464781,1
90002015,A0118150101,2020-09-01,0.2877875038,0.1765157401,1
90002015,A0118150101,2020-11-01,0.2006150190,0.1549471046,1
90002015,A0118150101,2020-12-01,0.2833367347,0.1683689023,1
90002015,A0118150101,2021-01-01,0.2913557637,0.1770299419,1
90002015,A0118150101,2021-03-01,0.1961295290,0.1255482127,1
90002015,A0118150101,2021-04-01,0.2888800626,0.1142419401,1
90002015,A0118150101,2021-05-01,0.2150859834,0.1650640170,1
90002015,A0118150101,2021-07-01,0.2437907778,0.1760875492,1
90002015,A0118150101,2021-08-01,0.2625764206,0.1208487437,1
90002015,A0118150103,2021-09-01,0.2772698021,0.0903258578,1
90002015,A0118150103,2021-11-01,0.2620712617,0.0653205578,1
90002015,A0118150103,2021-12-01,0.2619448868,0.0966214783,1
90002015,A0118150103,2022-01-01,0.3029328321,0.0647857251,1
90002015,A0118150103,2022-03-01,0.3021917793,0.0983320341,1
90002015,A0118150103,2022-04-01,0.3036447049,0.0734041506,1
90002015,A0118150103,2022-05-01,0.2686824157,0.0850805834,1
90002015,A0118150103,2022-07-01,0.3081923270,0.0717714612,1
90002015,A0118150103,2022-08-01,0.2721771259,0.0640338868,1
90002016,A0118150101,2017-10-01,0.3276038580,0.0842683191,1
90002016,A0118150101,2017-11-01,0.2488203734,0.0994837329,1
90002016,A0118150101,2017-12-01,0.2348752933,0.0824497619,1
90002016,A0118150101,2018-02-01,0.2429458516,0.0913645925,1
90002016,A0118150101,2018-03-01,0.2473345030,0.0889732743,1
90002016,A0118150101,2018-04-01,0.2293629776,0.1036779097,1
90002016,A0118150101,2018-06-01,0.2731445495,0.0896970118,1
90002016,A0118150101,2018-07-01,0.2830609593,0.1012957184,1
90002016,A0118150101,2018-08-01,0.2747183887,0.1010645709,1
90002016,A0118150101,2018-10-01,0.1598602061,0.1546614250,1
90002016,A0118150101,2018-11-01,0.1366078715,0.1110578714,1
90002016,A0118150101,2018-12-01,0.1557753601,0.1054682453,1
90002016,A0118150101,2019-02-01,0.1474998648,0.1634231856,1
90002016,A0118150101,2019-03-01,0.1449446953,0.1417671462,1
90002016,A0118150101,2019-04-01,0.1598983211,0.1198427260,1
90002016,A0118150101,2019-06-01,0.1423088047,0.1450918560,1
90002016,A0118150101,2019-07-01,0.1626187046,0.1281003764,1
90002016,A0118150101,2019-08-01,0.1724475962,0.1398695851,1
90002016,A0118150101,2019-10-01,0.2424748404,0.1165339284,1
90002016,A0118150101,2019-11-01,0.3462930546,0.1178514644,1
90002016,A0118150101,2019-12-01,0.3170618107,0.1234988376,1
90002016,A0118150101,2020-02-01,0.2492985483,0.1048132181,1
90002016,A0118150101,2020-03-01,0.3123332441,0.1095442199,1
90002016,A0118150101,2020-04-01,0.3275992568,0.1068523931,1
90002016,A0118150101,2020-06-01,0.2999324042,0.0917475352,1
90002016,A0118150101,2020-07-01,0.3242411515,0.1220304864,1
90002016,A0118150101,2020-08-01,0.2835238548,0.1087395568,1
90002016,A0118150101,2020-10-01,0.2746800699,0.1629455651,1
90002016,A0118150101,2020-11-01,0.2506681597,0.1633320743,1
90002016,A0118150101,2020-12-01,0.2022806455,0.1315092211,1
90002016,A0118150101,2021-02-01,0.2886803018,0.1509410485,1
90002016,A0118150101,2021-03-01,0.2899683637,0.1137666854,1
90002016,A0118150101,2021-04-01,0.2758471763,0.1464594469,1
90002016,A0118150101,2021-06-01,0.2882979402,0.1707136265,1
90002016,A0118150101,2021-07-01,0.2856248661,0.1433379395,1
90002016,A0118150101,2021-08-01,0.2357854398,0.1524015375,1
90002016,A0118150103,2021-10-01,0.3133133314,0.0655998262,1
90002016,A0118150103,2021-11-01,0.3048078075,0.0686499697,1
90002016,A0118150103,2021-12-01,0.2507753807,0.0748197110,1
90002016,A0118150103,2022-02-01,0.3236314458,0.0899611726,1
90002016,A0118150103,2022-03-01,0.3274911521,0.0770523870,1
90002016,A0118150103,2022-04-01,0.3177945187,0.0920963756,1
90002016,A0118150103,2022-06-01,0.3195002114,0.0899236737,1
90002016,A0118150103,2022-07-01,0.2359973098,0.0866941188,1
90002016,A0118150103,2022-08-01,0.2517606958,0.0961104513,1
90003179,A0118150101,2017-09-01,0.2148462200,0.1170606890,1
90003179,A0118150101,2017-11-01,0.2175972075,0.0846945893,1
90003179,A0118150101,2017-12-01,0.2194591862,0.1253223811,1
90003179,A0118150101,2018-01-01,0.1997612342,0.1197404010,1
90003179,A0118150101,2018-03-01,0.2691511010,0.1082269963,1
90003179,A0118150101,2018-04-01,0.1888466476,0.1255082755,1
90003179,A0118150101,2018-05-01,0.2628802421,0.0822129452,1
90003179,A0118150101,2018-07-01,0.1941457839,0.1106920206,1
90003179,A0118150101,2018-08-01,0.2219409389,0.1031192412,1
90003179,A0118150101,2018-09-01,0.2028710167,0.1596412136,1
90003179,A0118150101,2018-11-01,0.1937314102,0.1668857833,1
90003179,A0118150101,2018-12-01,0.1631729242,0.1307128570,1
90003179,A0118150101,2019-01-01,0.1993450131,0.1683749999,1
90003179,A0118150101,2019-03-01,0.1571962702,0.1889588441,1
90003179,A0118150101,2019-04-01,0.1777361087,0.1787768702,1
90003179,A0118150101,2019-05-01,0.1535776928,0.1552034628,1
90003179,A0118150101,2019-07-01,0.1781116311,0.1846247053,1
90003179,A0118150101,2019-08-01,0.2052299467,0.1803190497,1
90003179,A0118150101,2019-09-01,0.2174192152,0.1627937649,1
90003179,A0118150101,2019-11-01,0.1578777160,0.1623369168,1
90003179,A0118150101,2019-12-01,0.2163659435,0.1613923760,1
90003179,A0118150101,2020-01-01,0.1859774201,0.1558132415,1
90003179,A0118150101,2020-03-01,0.1680399489,0.1496451710,1
90003179,A0118150101,2020-04-01,0.1994910267,0.1112959335,1
90003179,A0118150101,2020-05-01,0.2279446818,0.1102582316,1
90003179,A0118150101,2020-07-01,0.2092604186,0.1560525869,1
90003179,A0118150101,2020-08-01,0.2000820030,0.1418644805,1
90003179,A0118150101,2020-09-01,0.2134991347,0.1820939785,1
90003179,A0118150101,2020-11-01,0.1941431219,0.1615624435,1
90003179,A0118150101,2020-12-01,0.1747221399,0.1252878683,1
90003179,A0118150101,2021-01-01,0.1974539464,0.1678008507,1
90003179,A0118150101,2021-03-01,0.2372880664,0.1264975654,1
90003179,A0118150101,2021-04-01,0.2552538910,0.1305264954,1
90003179,A0118150101,2021-05-01,0.2550439670,0.1528218862,1
90003179,A0118150101,2021-07-01,0.2168193910,0.1776417272,1
90003179,A0118150101,2021-08-01,0.2507212868,0.1677169548,1
90003179,A0118150103,2021-09-01,0.2608569017,0.1665885292,1
90003179,A0118150103,2021-11-01,0.2582997663,0.1145817643,1
90003179,A0118150103,2021-12-01,0.2557622336,0.1208251978,1
90003179,A0118150103,2022-01-01,0.2425858250,0.1212634548,1
90003179,A0118150103,2022-03-01,0.2257431702,0.1190009932,1
90003179,A0118150103,2022-04-01,0.2427739278,0.1171138805,1
90003179,A0118150103,2022-05-01,0.2544983906,0.1332893880,1
90003179,A0118150103,2022-07-01,0.3237353022,0.1490843601,1
90003179,A0118150103,2022-08-01,0.2802887569,0.1253934893,1
90003180,A0118150101,2017-10-01,0.2713389125,0.1129314372,1
90003180,A0118150101,2017-11-01,0.2302429307,0.1014079467,1
90003180,A0118150101,2017-12-01,0.2272925176,0.0914530131,1
90003180,A0118150101,2018-02-01,0.2419721075,0.0914781447,1
90003180,A0118150101,2018-03-01,0.2279469827,0.0881239834,1
90003180,A0118150101,2018-04-01,0.2586207184,0.0895284552,1
90003180,A0118150101,2018-06-01,0.2334745919,0.1143058771,1
90003180,A0118150101,2018-07-01,0.2250644019,0.1046540965,1
90003180,A0118150101,2018-08-01,0.1961480265,0.1165269888,1
90003180,A0118150101,2018-10-01,0.1516094785,0.1698013065,1
90003180,A0118150101,2018-11-01,0.1512118628,0.1602161447,1
90003180,A0118150101,2018-12-01,0.2068045267,0.1418250964,1
90003180,A0118150101,2019-02-01,0.1599031851,0.1323198768,1
90003180,A0118150101,2019-03-01,0.1734873233,0.1911807137,1
90003180,A0118150101,2019-04-01,0.1506230854,0.1644106536,1
90003180,A0118150101,2019-06-01,0.2070976348,0.1692733384,1
90003180,A0118150101,2019-07-01,0.1622446389,0.2031477858,1
90003180,A0118150101,2019-08-01,0.1789826771,0.1358335628,1
90003180,A0118150101,2019-10-01,0.1667768161,0.1083681721,1
90003180,A0118150101,2019-11-01,0.1866122884,0.1525992091,1
90003180,A0118150101,2019-12-01,0.1600015769,0.1504246169,1
90003180,A0118150101,2020-02-01,0.2159358782,0.1084282978,1
90003180,A0118150101,2020-03-01,0.2162288681,0.1061668111,1
90003180,A0118150101,2020-04-01,0.1749922244,0.1581804922,1
90003180,A0118150101,2020-06-01,0.2236667540,0.1155884245,1
90003180,A0118150101,2020-07-01,0.1824248454,0.1123410375,1
90003180,A0118150101,2020-08-01,0.1910635501,0.1359437538,1
90003180,A0118150101,2020-10-01,0.1733290569,0.1440840807,1
90003180,A0118150101,2020-11-01,0.2466385164,0.1874555509,1
90003180,A0118150101,2020-12-01,0.2562799951,0.1697222635,1
90003180,A0118150101,2021-02-01,0.2218713216,0.1270861300,1
90003180,A0118150101,2021-03-01,0.1925237944,0.1697946928,1
90003180,A0118150101,2021-04-01,0.2298672362,0.1346095557,1
90003180,A0118150101,2021-06-01,0.1902254395,0.1717885480,1
90003180,A0118150101,2021-07-01,0.2292172542,0.1350092644,1
90003180,A0118150101,2021-08-01,0.2109504922,0.1861143846,1
90003180,A0118150103,2021-10-01,0.3087356818,0.1432298253,1
90003180,A0118150103,2021-11-01,0.2240966548,0.1537106362,1
90003180,A0118150103,2021-12-01,0.2804895641,0.1637812016,1
90003180,A0118150103,2022-02-01,0.2375268751,0.1181337949,1
90003180,A0118150103,2022-03-01,0.2940201734,0.1355880176,1
90003180,A0118150103,2022-04-01,0.2990676177,0.1464369287,1
90003180,A0118150103,2022-06-01,0.2237180679,0.1252304566,1
90003180,A0118150103,2022-07-01,0.3103263783,0.1485736600,1
90003180,A0118150103,2022-08-01,0.3198434072,0.1510477163,1
90004061,A0118150101,2019-09-01,0.1745101060,0.1551197717,1
90004061,A0118150101,2019-10-01,0.2299338022,0.1304728670,1
90004061,A0118150101,2019-11-01,0.1929258352,0.1188179356,1
90004061,A0118150101,2020-01-01,0.1745023648,0.1339471789,1
90004061,A0118150101,2020-02-01,0.1640041244,0.1261824567,1
90004061,A0118150101,2020-03-01,0.2236005437,0.1676089120,1
90004061,A0118150101,2020-05-01,0.1995956973,0.1222048583,1
90004061,A0118150101,2020-06-01,0.2097692165,0.1451793525,1
90004061,A0118150101,2020-07-01,0.1942264786,0.1260543154,1
90004061,A0118150101,2020-09-01,0.1118896690,0.1208998109,1
90004061,A0118150101,2020-10-01,0.1148535488,0.1083562222,1
90004061,A0118150101,2020-11-01,0.1174516289,0.1098539881,1
90004061,A0118150101,2021-01-01,0.0920725466,0.0925898638,1
90004061,A0118150101,2021-02-01,0.0989686815,0.0883150565,1
90004061,A0118150101,2021-03-01,0.1179854112,0.1177327047,1
90004061,A0118150101,2021-05-01,0.0996232394,0.0966958736,1
90004061,A0118150101,2021-06-01,0.1151252868,0.0908342800,1
90004061,A0118150101,2021-07-01,0.1166319284,0.0974328788,1
90004061,A0118150103,2021-09-01,0.1116806746,0.1632847935,1
90004061,A0118150103,2021-10-01,0.1405717187,0.1593180786,1
90004061,A0118150103,2021-11-01,0.1092431071,0.1675394219,1
90004061,A0118150103,2022-01-01,0.1367323666,0.1319319060,1
90004061,A0118150103,2022-02-01,0.1123763868,0.1418417033,1
90004061,A0118150103,2022-03-01,0.1069841053,0.1192706958,1
90004061,A0118150103,2022-05-01,0.0998731267,0.1225317189,1
90004061,A0118150103,2022-06-01,0.1210926145,0.1652108203,1
90004061,A0118150103,2022-07-01,0.1131094872,0.1337559325,1
90004062,A0118150102,2017-12-01,0.0000000000,0.0000000000,1
90004062,A0118150101,2019-09-01,0.2207849163,0.1185375026,1
90004062,A0118150101,2019-10-01,0.1818345382,0.1149480629,1
90004062,A0118150101,2019-12-01,0.1799300525,0.1560823179,1
90004062,A0118150101,2020-01-01,0.1865349277,0.1451023577,1
90004062,A0118150101,2020-02-01,0.1727232470,0.1485416709,1
90004062,A0118150101,2020-04-01,0.1624753435,0.1289590301,1
90004062,A0118150101,2020-05-01,0.1726195371,0.1551789784,1
90004062,A0118150101,2020-06-01,0.2351162980,0.1686305045,1
90004062,A0118150101,2020-08-01,0.1769490540,0.1388153643,1
90004062,A0118150101,2020-09-01,0.1223061090,0.1005405002,1
90004062,A0118150101,2020-10-01,0.1122314349,0.1105828338,1
90004062,A0118150101,2020-12-01,0.1047253486,0.0928900739,1
90004062,A0118150101,2021-01-01,0.0944146028,0.0852896459,1
90004062,A0118150101,2021-02-01,0.1180799940,0.1079373885,1
90004062,A0118150101,2021-04-01,0.1024826004,0.1000331477,1
90004062,A0118150101,2021-05-01,0.1070720490,0.1191498220,1
90004062,A0118150101,2021-06-01,0.1067076528,0.1040676889,1
90004062,A0118150101,2021-08-01,0.1272772481,0.1180623950,1
90004062,A0118150103,2021-09-01,0.1151342661,0.1792331890,1
90004062,A0118150103,2021-10-01,0.1389244152,0.1265904703,1
90004062,A0118150103,2021-12-01,0.1090430283,0.1460433615,1
90004062,A0118150103,2022-01-01,0.1067311334,0.1151228317,1
90004062,A0118150103,2022-02-01,0.1103958762,0.1336229098,1
90004062,A0118150103,2022-04-01,0.1255185062,0.1744081251,1
90004062,A0118150103,2022-05-01,0.1442700259,0.1568567425,1
90004062,A0118150103,2022-06-01,0.0971284968,0.1444460094,1
90004062,A0118150103,2022-08-01,0.1403017376,0.1484542405,1
90004063,A0118150102,2017-12-01,0.0000000000,0.0000000000,1
90004063,A0118150101,2019-09-01,0.1839708382,0.1616916484,1
90004063,A0118150101,2019-11-01,0.1878265612,0.1609044248,1
90004063,A0118150101,2019-12-01,0.1606018942,0.1144416618,1
90004063,A0118150101,2020-01-01,0.1867349538,0.1364312853,1
90004063,A0118150101,2020-03-01,0.1681995968,0.1179433605,1
90004063,A0118150101,2020-04-01,0.2058147995,0.1581392635,1
90004063,A0118150101,2020-05-01,0.2025934707,0.1477446299,1
90004063,A0118150101,2020-07-01,0.2371427304,0.1409217660,1
90004063,A0118150101,2020-08-01,0.1813275657,0.1684663621,1
90004063,A0118150101,2020-09-01,0.1283314841,0.0925720801,1
90004063,A0118150101,2020-11-01,0.0946670824,0.0814576558,1
90004063,A0118150101,2020-12-01,0.1039225327,0.1216118143,1
90004063,A0118150101,2021-01-01,0.0934890454,0.1064233202,1
90004063,A0118150101,2021-03-01,0.1186443057,0.0927932803,1
90004063,A0118150101,2021-04-01,0.0970230263,0.1182843975,1
90004063,A0118150101,2021-05-01,0.1077561534,0.1091520511,1
90004063,A0118150101,2021-07-01,0.1267177814,0.1184227705,1
90004063,A0118150101,2021-08-01,0.1270756510,0.1007958082,1
90004063,A0118150103,2021-09-01,0.1308920185,0.1563426777,1
90004063,A0118150103,2021-11-01,0.1267848372,0.1274461276,1
90004063,A0118150103,2021-12-01,0.1003925856,0.1196438968,1
90004063,A0118150103,2022-01-01,0.1029671393,0.1297202291,1
90004063,A0118150103,2022-03-01,0.1290214117,0.1557339755,1
90004063,A0118150103,2022-04-01,0.1158591445,0.1305649452,1
90004063,A0118150103,2022-05-01,0.1319169304,0.1166666646,1
90004063,A0118150103,2022-07-01,0.1114360282,0.1611054162,1
90004063,A0118150103,2022-08-01,0.1403024502,0.1373539498,1
90004064,A0118150102,2017-12-01,0.0000000000,0.0000000000,1
90004064,A0118150101,2019-10-01,0.1792579313,0.1167885549,1
90004064,A0118150101,2019-11-01,0.2328791609,0.1320264529,1
90004064,A0118150101,2019-12-01,0.1779197136,0.1506981716,1
90004064,A0118150101,2020-02-01,0.1751742301,0.1194302328,1
90004064,A0118150101,2020-03-01,0.2065431086,0.1184166476,1
90004064,A0118150101,2020-04-01,0.2130309352,0.1198893966,1
90004064,A0118150101,2020-06-01,0.2223432042,0.1647497549,1
90004064,A0118150101,2020-07-01,0.1650527828,0.1683227162,1
90004064,A0118150101,2020-08-01,0.1797315644,0.1239712171,1
90004064,A0118150101,2020-10-01,0.1136436143,0.0895183326,1
90004064,A0118150101,2020-11-01,0.1246996381,0.1034036163,1
90004064,A0118150101,2020-12-01,0.0909098984,0.1202123089,1
90004064,A0118150101,2021-02-01,0.1296069891,0.1219794406,1
90004064,A0118150101,2021-03-01,0.1293745976,0.1230644359,1
90004064,A0118150101,2021-04-01,0.1132876094,0.1093532435,1
90004064,A0118150101,2021-06-01,0.1163942567,0.0898281160,1
90004064,A0118150101,2021-07-01,0.1311157952,0.1078521263,1
90004064,A0118150101,2021-08-01,0.0940124529,0.0944973499,1
90004064,A0118150103,2021-10-01,0.1435026770,0.1258339573,1
90004064,A0118150103,2021-11-01,0.0990795092,0.1705839065,1
90004064,A0118150103,2021-12-01,0.1303498684,0.1620524363,1
90004064,A0118150103,2022-02-01,0.1261041030,0.1734266496,1
90004064,A0118150103,2022-03-01,0.1040439546,0.1362944915,1
90004064,A0118150103,2022-04-01,0.0987607993,0.1525144313,1
90004064,A0118150103,2022-06-01,0.1391766602,0.1391806698,1
90004064,A0118150103,2022-07-01,0.1154872192,0.1451501457,1
90004064,A0118150103,2022-08-01,0.1213232097,0.1192991687,1
90004065,A0118150101,2019-09-01,0.1895448163,0.1270683966,1
90004065,A0118150101,2019-10-01,0.1951171917,0.1445174979,1
90004065,A0118150101,2019-11-01,0.1760917654,0.1487955265,1
90004065,A0118150101,2020-01-01,0.2131080020,0.1371684151,1
90004065,A0118150101,2020-02-01,0.1817254912,0.1414040637,1
90004065,A0118150101,2020-03-01,0.2106313407,0.1204213394,1
90004065,A0118150101,2020-05-01,0.2242276686,0.1507156970,1
90004065,A0118150101,2020-06-01,0.1825580875,0.1496873134,1
90004065,A0118150101,2020-07-01,0.2323072358,0.1191912488,1
90004065,A0118150101,2020-09-01,0.1141553469,0.1087021470,1
90004065,A0118150101,2020-10-01,0.1092396975,0.1003091936,1
90004065,A0118150101,2020-11-01,0.1294437372,0.0927457258,1
90004065,A0118150101,2021-01-01,0.1209929464,0.1115384756,1
90004065,A0118150101,2021-02-01,0.0915372521,0.1214315776,1
90004065,A0118150101,2021-03-01,0.0971449420,0.1057221014,1
90004065,A0118150101,2021-05-01,0.1151098726,0.0922756840,1
90004065,A0118150101,2021-06-01,0.1111570469,0.0904074612,1
90004065,A0118150101,2021-07-01,0.1154250554,0.1003659224,1
90004065,A0118150103,2021-09-01,0.1080788199,0.1184268868,1
90004065,A0118150103,2021-10-01,0.1003575594,0.1261183562,1
90004065,A0118150103,2021-11-01,0.1342400192,0.1159097500,1
90004065,A0118150103,2022-01-01,0.1263602870,0.1770088125,1
90004065,A0118150103,2022-02-01,0.1109446852,0.1786278187,1
90004065,A0118150103,2022-03-01,0.1208909494,0.1428691176,1
90004065,A0118150103,2022-05-01,0.1150385808,0.1139393138,1
90004065,A0118150103,2022-06-01,0.1035935529,0.1783179688,1
90004065,A0118150103,2022-07-01,0.1278436431,0.1478000090,1
90004066,A0118150102,2017-12-01,0.0000000000,0.0000000000,1
90004066,A0118150101,2019-09-01,0.2303195440,0.1574052019,1
90004066,A0118150101,2019-10-01,0.2069760239,0.1224910823,1
90004066,A0118150101,2019-12-01,0.2276176027,0.1650190426,1
90004066,A0118150101,2020-01-01,0.1679495430,0.1520165749,1
90004066,A0118150101,2020-02-01,0.1756918965,0.1145083519,1
90004066,A0118150101,2020-04-01,0.1773145441,0.1099560714,1
90004066,A0118150101,2020-05-01,0.1884680529,0.1337827987,1
90004066,A0118150101,2020-06-01,0.1967995145,0.1210714904,1
90004066,A0118150101,2020-08-01,0.1909497130,0.1151205608,1
90004066,A0118150101,2020-09-01,0.1170536278,0.0915703856,1
90004066,A0118150101,2020-10-01,0.0928198941,0.0808691182,1
90004066,A0118150101,2020-12-01,0.1220394533,0.0936471939,1
90004066,A0118150101,2021-01-01,0.1117349788,0.0852762372,1
90004066,A0118150101,2021-02-01,0.0931238669,0.1131826647,1
90004066,A0118150101,2021-04-01,0.1125415143,0.1244535150,1
90004066,A0118150101,2021-05-01,0.0902620674,0.1199780850,1
90004066,A0118150101,2021-06-01,0.0994223962,0.1019030409,1
90004066,A0118150101,2021-08-01,0.1101206012,0.1190347952,1
90004066,A0118150103,2021-09-01,0.0986067350,0.1543815028,1
90004066,A0118150103,2021-10-01,0.1305205902,0.1615705579,1
90004066,A0118150103,2021-12-01,0.1341091684,0.1694386576,1
90004066,A0118150103,2022-01-01,0.1188868594,0.1526039393,1
90004066,A0118150103,2022-02-01,0.1415338479,0.1389993231,1
90004066,A0118150103,2022-04-01,0.1230843439,0.1557695106,1
90004066,A0118150103,2022-05-01,0.1002075003,0.1633768411,1
90004066,A0118150103,2022-06-01,0.1173384700,0.1743218692,1
90004066,A0118150103,2022-08-01,0.1390751146,0.1446049360,1
90004067,A0118150102,2017-12-01,0.0000000000,0.0000000000,1
90004067,A0118150101,2019-09-01,0.1619755423,0.1436588328,1
90004067,A0118150101,2019-11-01,0.1855251860,0.1173072295,1
90004067,A0118150101,2019-12-01,0.2019840389,0.1724840218,1
90004067,A0118150101,2020-01-01,0.1715587997,0.1239576856,1
90004067,A0118150101,2020-03-01,0.2003595873,0.1583918057,1
90004067,A0118150101,2020-04-01,0.1733695693,0.1442365205,1
90004067,A0118150101,2020-05-01,0.1957729512,0.1160318907,1
90004067,A0118150101,2020-07-01,0.2318149435,0.1361040391,1
90004067,A0118150101,2020-08-01,0.1611352811,0.1448806987,1
90004067,A0118150101,2020-09-01,0.0961517957,0.1007663124,1
90004067,A0118150101,2020-11-01,0.0966785431,0.1208144188,1
90004067,A0118150101,2020-12-01,0.1304938675,0.0973416585,1
90004067,A0118150101,2021-01-01,0.1084099596,0.1024432236,1
90004067,A0118150101,2021-03-01,0.1068460779,0.1262267548,1
90004067,A0118150101,2021-04-01,0.0913496470,0.1015089100,1
90004067,A0118150101,2021-05-01,0.0980942099,0.0938332293,1
90004067,A0118150101,2021-07-01,0.1331384829,0.0857208713,1
90004067,A0118150101,2021-08-01,0.1206883001,0.1145170470,1
90004067,A0118150103,2021-09-01,0.1363045408,0.1256413066,1
90004067,A0118150103,2021-11-01,0.1220941416,0.1212666239,1
90004067,A0118150103,2021-12-01,0.1225390846,0.1295761649,1
90004067,A0118150103,2022-01-01,0.1136402281,0.1599062321,1
90004067,A0118150103,2022-03-01,0.1270234891,0.1497665575,1
90004067,A0118150103,2022-04-01,0.1165139528,0.1142888306,1
90004067,A0118150103,2022-05-01,0.1336205916,0.1421575567,1
90004067,A0118150103,2022-07-01,0.1084437660,0.1198348406,1
90004067,A0118150103,2022-08-01,0.1047322267,0.1716689871,1
90004068,A0118150102,2017-12-01,0.0000000000,0.0000000000,1
90004068,A0118150101,2019-10-01,0.2287944631,0.1490824774,1
90004068,A0118150101,2019-11-01,0.1713096597,0.1430937349,1
90004068,A0118150101,2019-12-01,0.1890850893,0.1710320991,1
90004068,A0118150101,2020-02-01,0.2048194808,0.1218732091,1
90004068,A0118150101,2020-03-01,0.1621599131,0.1150372664,1
90004068,A0118150101,2020-04-01,0.1805538508,0.1635856411,1
90004068,A0118150101,2020-06-01,0.1871137989,0.1609742478,1
90004068,A0118150101,2020-07-01,0.1771371533,0.1702144945,1
90004068,A0118150101,2020-08-01,0.2086512555,0.1662204184,1
90004068,A0118150101,2020-10-01,0.1017892511,0.1035159455,1
90004068,A0118150101,2020-11-01,0.1088074824,0.0880583649,1
90004068,A0118150101,2020-12-01,0.1025077291,0.1108856593,1
90004068,A0118150101,2021-02-01,0.0944668866,0.0878402716,1
90004068,A0118150101,2021-03-01,0.1058199799,0.1053493149,1
90004068,A0118150101,2021-04-01,0.0906008095,0.0901160099,1
90004068,A0118150101,2021-06-01,0.1003763364,0.0983351121,1
90004068,A0118150101,2021-07-01,0.1173470960,0.1087696290,1
90004068,A0118150101,2021-08-01,0.1044250683,0.1200614666,1
90004068,A0118150103,2021-10-01,0.0987839055,0.1614600908,1
90004068,A0118150103,2021-11-01,0.1175821357,0.1441861150,1
90004068,A0118150103,2021-12-01,0.0987182246,0.1546038973,1
90004068,A0118150103,2022-02-01,0.1035974018,0.1485971965,1
90004068,A0118150103,2022-03-01,0.1025076667,0.1550868431,1
90004068,A0118150103,2022-04-01,0.0976471522,0.1293737652,1
90004068,A0118150103,2022-06-01,0.1334489453,0.1744421397,1
90004068,A0118150103,2022-07-01,0.1413426512,0.1629091114,1
90004068,A0118150103,2022-08-01,0.1260958745,0.1782014904,1
90005159,A0118150102,2017-12-01,0.0000000000,0.0000000000,1
90005159,A0118150101,2018-09-01,0.1744190411,0.1311197951,1
90005159,A0118150101,2018-11-01,0.2224696733,0.1625277635,1
90005159,A0118150101,2018-12-01,0.1683588065,0.1655316717,1
90005159,A0118150101,2019-01-01,0.1942266213,0.1264427562,1
90005159,A0118150101,2019-03-01,0.1888889603,0.1514112209,1
90005159,A0118150101,2019-04-01,0.1842953224,0.1513186523,1
90005159,A0118150101,2019-05-01,0.1975456794,0.1591101234,1
90005159,A0118150101,2019-07-01,0.2125686529,0.1569946353,1
90005159,A0118150101,2019-08-01,0.2114763110,0.1687655649,1
90005159,A0118150101,2019-09-01,0.1306652409,0.1413546538,1
90005159,A0118150101,2019-11-01,0.1225061355,0.1778078929,1
90005159,A0118150101,2019-12-01,0.1218877214,0.1724848115,1
90005159,A0118150101,2020-01-01,0.1317438437,0.1442371864,1
90005159,A0118150101,2020-03-01,0.1346496088,0.1347144906,1
90005159,A0118150101,2020-04-01,0.1219975090,0.1416548795,1
90005159,A0118150101,2020-05-01,0.1309594436,0.1351591280,1
90005159,A0118150101,2020-07-01,0.1228183816,0.1824488543,1
90005159,A0118150101,2020-08-01,0.1055640834,0.1797902518,1
90005159,A0118150101,2020-09-01,0.1803215696,0.1558274191,1
90005159,A0118150101,2020-11-01,0.2168577707,0.1436259897,1
90005159,A0118150101,2020-12-01,0.1684561931,0.1702116596,1
90005159,A0118150101,2021-01-01,0.2043828266,0.1422550064,1
90005159,A0118150101,2021-03-01,0.2353038630,0.1483541987,1
90005159,A0118150101,2021-04-01,0.1785557497,0.1634485100,1
90005159,A0118150101,2021-05-01,0.1804214391,0.1884898622,1
90005159,A0118150101,2021-07-01,0.2046049962,0.1325292542,1
90005159,A0118150101,2021-08-01,0.1879591751,0.1873966310,1
90005159,A0118150103,2021-09-01,0.2804453862,0.1192393575,1
90005159,A0118150103,2021-11-01,0.2132379004,0.1317551352,1
90005159,A0118150103,2021-12-01,0.2746710609,0.1469624663,1
90005159,A0118150103,2022-01-01,0.2709847138,0.1326075358,1
90005159,A0118150103,2022-03-01,0.2905660460,0.1515756173,1
90005159,A0118150103,2022-04-01,0.2518515917,0.1172042589,1
90005159,A0118150103,2022-05-01,0.1984169031,0.1172916776,1
90005159,A0118150103,2022-07-01,0.2566643704,0.1478708517,1
90005159,A0118150103,2022-08-01,0.2684276647,0.1060460719,1
90005160,A0118150102,2017-12-01,0.0000000000,0.0000000000,1
90005160,A0118150101,2018-10-01,0.1757404354,0.1495871809,1
90005160,A0118150101,2018-11-01,0.1926220098,0.1606877090,1
90005160,A0118150101,2018-12-01,0.2048815702,0.1733548422,1
90005160,A0118150101,2019-02-01,0.2106894487,0.1647500912,1
90005160,A0118150101,2019-03-01,0.1714272390,0.1525716168,1
90005160,A0118150101,2019-04-01,0.1802256428,0.1700356883,1
90005160,A0118150101,2019-06-01,0.2029050386,0.1342639747,1
90005160,A0118150101,2019-07-01,0.2247903316,0.1658424803,1
90005160,A0118150101,2019-08-01,0.1627490368,0.1790913694,1
90005160,A0118150101,2019-10-01,0.1314322045,0.1376075236,1
90005160,A0118150101,2019-11-01,0.0931461494,0.1503135930,1
90005160,A0118150101,2019-12-01,0.1196583608,0.1842866156,1
90005160,A0118150101,2020-02-01,0.1205422601,0.1542393452,1
90005160,A0118150101,2020-03-01,0.1057556707,0.1940326080,1
90005160,A0118150101,2020-04-01,0.0941423654,0.1795378847,1
90005160,A0118150101,2020-06-01,0.1049502112,0.1423117306,1
90005160,A0118150101,2020-07-01,0.0984845154,0.1495225191,1
90005160,A0118150101,2020-08-01,0.0923156328,0.1463998496,1
90005160,A0118150101,2020-10-01,0.1683233330,0.1751813480,1
90005160,A0118150101,2020-11-01,0.2198244781,0.1338048933,1
90005160,A0118150101,2020-12-01,0.1706330570,0.1579439553,1
90005160,A0118150101,2021-02-01,0.2274804028,0.1744491921,1
90005160,A0118150101,2021-03-01,0.1787370642,0.1440300611,1
90005160,A0118150101,2021-04-01,0.1811355877,0.1487072424,1
90005160,A0118150101,2021-06-01,0.1799421389,0.1279978036,1
90005160,A0118150101,2021-07-01,0.2154619337,0.1571875184,1
90005160,A0118150101,2021-08-01,0.2189459330,0.1514962113,1
90005160,A0118150103,2021-10-01,0.2721594136,0.1560281097,1
90005160,A0118150103,2021-11-01,0.2754695317,0.1300786407,1
90005160,A0118150103,2021-12-01,0.2089247144,0.1420475328,1
90005160,A0118150103,2022-02-01,0.2892885150,0.1313795652,1
90005160,A0118150103,2022-03-01,0.2227617561,0.1268081277,1
90005160,A0118150103,2022-04-01,0.2586372136,0.1105164758,1
90005160,A0118150103,2022-06-01,0.2634302382,0.1316588824,1
90005160,A0118150103,2022-07-01,0.2411384092,0.1539410381,1
90005160,A0118150103,2022-08-01,0.1977498925,0.1468020220,1
90005161,A0118150101,2018-09-01,0.1586589792,0.1429532609,1
90005161,A0118150101,2018-10-01,0.1884445878,0.1466017928,1
90005161,A0118150101,2018-11-01,0.1831167034,0.1496513011,1
90005161,A0118150101,2019-01-01,0.2142219484,0.1499073176,1
90005161,A0118150101,2019-02-01,0.1575021567,0.1451947450,1
90005161,A0118150101,2019-03-01,0.1915273508,0.1768378437,1
90005161,A0118150101,2019-05-01,0.2057100128,0.1331031322,1
90005161,A0118150101,2019-06-01,0.2036891553,0.1674828560,1
90005161,A0118150101,2019-07-01,0.1783164364,0.1225485846,1
90005161,A0118150101,2019-09-01,0.1150140974,0.1702609522,1
90005161,A0118150101,2019-10-01,0.1322653582,0.1863186330,1
90005161,A0118150101,2019-11-01,0.1065619819,0.1388577059,1
90005161,A0118150101,2020-01-01,0.1160158522,0.1240741484,1
90005161,A0118150101,2020-02-01,0.0950805835,0.1908829617,1
90005161,A0118150101,2020-03-01,0.1142930940,0.1513426352,1
90005161,A0118150101,2020-05-01,0.1034589121,0.1826706763,1
90005161,A0118150101,2020-06-01,0.1098919850,0.1604151502,1
90005161,A0118150101,2020-07-01,0.1084983920,0.1893189588,1
90005161,A0118150101,2020-09-01,0.2186549796,0.1202764816,1
90005161,A0118150101,2020-10-01,0.2354691321,0.1355607580,1
90005161,A0118150101,2020-11-01,0.2053085327,0.1483155192,1
90005161,A0118150101,2021-01-01,0.2080885275,0.1243293007,1
90005161,A0118150101,2021-02-01,0.2057435998,0.1870872669,1
90005161,A0118150101,2021-03-01,0.1779182209,0.1651127962,1
90005161,A0118150101,2021-05-01,0.1886628721,0.1820830336,1
90005161,A0118150101,2021-06-01,0.1835287686,0.1229613243,1
90005161,A0118150101,2021-07-01,0.2424305326,0.1884093426,1
90005161,A0118150103,2021-09-01,0.2561705089,0.1264311382,1
90005161,A0118150103,2021-10-01,0.2007161035,0.1258546167,1
90005161,A0118150103,2021-11-01,0.2124553080,0.1110326431,1
90005161,A0118150103,2022-01-01,0.1970702314,0.1432407629,1
90005161,A0118150103,2022-02-01,0.2647478414,0.1046182209,1
90005161,A0118150103,2022-03-01,0.2539034574,0.1211933331,1
90005161,A0118150103,2022-05-01,0.1974710801,0.1100711311,1
90005161,A0118150103,2022-06-01,0.2348432805,0.1339165680,1
90005161,A0118150103,2022-07-01,0.2528139054,0.1546597834,1
90005162,A0118150102,2017-12-01,0.0000000000,0.0000000000,1
90005162,A0118150101,2018-09-01,0.2046840997,0.1602355699,1
90005162,A0118150101,2018-10-01,0.2095965252,0.1802378713,1
90005162,A0118150101,2018-12-01,0.2064138940,0.1403269476,1
90005162,A0118150101,2019-01-01,0.1877136748,0.1295230425,1
90005162,A0118150101,2019-02-01,0.1543846439,0.1796801132,1
90005162,A0118150101,2019-04-01,0.1804157548,0.1391567217,1
90005162,A0118150101,2019-05-01,0.1718149754,0.1783888997,1
90005162,A0118150101,2019-06-01,0.2020054379,0.1209269832,1
90005162,A0118150101,2019-08-01,0.2101315939,0.1731803286,1
90005162,A0118150101,2019-09-01,0.1048573067,0.1915830062,1
90005162,A0118150101,2019-10-01,0.1301550044,0.1463886228,1
90005162,A0118150101,2019-12-01,0.1298985188,0.1787515605,1
90005162,A0118150101,2020-01-01,0.1139426721,0.1578198278,1
90005162,A0118150101,2020-02-01,0.1353541505,0.1781836077,1
90005162,A0118150101,2020-04-01,0.1253297209,0.1473303042,1
90005162,A0118150101,2020-05-01,0.1111134495,0.1812778822,1
90005162,A0118150101,2020-06-01,0.1014685470,0.1360008698,1
90005162,A0118150101,2020-08-01,0.0954876924,0.1268875219,1
90005162,A0118150101,2020-09-01,0.1699735894,0.1719453230,1
90005162,A0118150101,2020-10-01,0.2184527753,0.1265886249,1
90005162,A0118150101,2020-12-01,0.2228385941,0.1864805019,1
90005162,A0118150101,2021-01-01,0.1934114393,0.1658765050,1
90005162,A0118150101,2021-02-01,0.2293100748,0.1698313062,1
90005162,A0118150101,2021-04-01,0.1813033990,0.1357266005,1
90005162,A0118150101,2021-05-01,0.1903651673,0.1263492657,1
90005162,A0118150101,2021-06-01,0.1690765554,0.1534858360,1
90005162,A0118150101,2021-08-01,0.1691378476,0.1623001787,1
90005162,A0118150103,2021-09-01,0.2465312646,0.1285619668,1
90005162,A0118150103,2021-10-01,0.2035268298,0.1013781050,1
90005162,A0118150103,2021-12-01,0.2929973200,0.1101022477,1
90005162,A0118150103,2022-01-01,0.2742893455,0.1196953918,1
90005162,A0118150103,2022-02-01,0.2646852683,0.1015761719,1
90005162,A0118150103,2022-04-01,0.2149958264,0.1568063524,1
90005162,A0118150103,2022-05-01,0.2511847593,0.1476654104,1
90005162,A0118150103,2022-06-01,0.2914652298,0.1515870090,1
90005162,A0118150103,2022-08-01,0.2534083946,0.1256870430,1
90006153,A0118150101,2017-09-01,0.2183148791,0.1289237233,1
90006153,A0118150101,2017-10-01,0.2286436845,0.1193072513,1
90006153,A0118150101,2017-11-01,0.2281351015,0.1178624579,1
90006153,A0118150101,2018-01-01,0.2587438941,0.1070760698,1
90006153,A0118150101,2018-02-01,0.2026983220,0.1300332265,1
90006153,A0118150101,2018-03-01,0.2866342401,0.1136047757,1
90006153,A0118150101,2018-05-01,0.2205059464,0.1329377397,1
90006153,A0118150101,2018-06-01,0.2584217416,0.1200847567,1
90006153,A0118150101,2018-07-01,0.2268913591,0.1487843642,1
90006153,A0118150101,2018-09-01,0.1819057166,0.1636893734,1
90006153,A0118150101,2018-10-01,0.2197498472,0.1593289640,1
90006153,A0118150101,2018-11-01,0.1637924456,0.1608159271,1
90006153,A0118150101,2019-01-01,0.2128128588,0.1233205518,1
90006153,A0118150101,2019-02-01,0.2057269978,0.1390410851,1
90006153,A0118150101,2019-03-01,0.2220055323,0.1611021439,1
90006153,A0118150101,2019-05-01,0.1590890299,0.1645393981,1
90006153,A0118150101,2019-06-01,0.1675400844,0.1266523685,1
90006153,A0118150101,2019-07-01,0.1534217785,0.1290816371,1
90006153,A0118150101,2019-09-01,0.1415957598,0.1195987447,1
90006153,A0118150101,2019-10-01,0.1431810953,0.1197958217,1
90006153,A0118150101,2019-11-01,0.1209238764,0.1059675982,1
90006153,A0118150101,2020-01-01,0.1201239934,0.1400214360,1
90006153,A0118150101,2020-02-01,0.1102396035,0.1183059851,1
90006153,A0118150101,2020-03-01,0.1344717566,0.0983180140,1
90006153,A0118150101,2020-05-01,0.1059822847,0.1115961974,1
90006153,A0118150101,2020-06-01,0.1310040291,0.1282278295,1
90006153,A0118150101,2020-07-01,0.1380229393,0.1431097746,1
90006153,A0118150101,2020-09-01,0.1804964359,0.1565510553,1
90006153,A0118150101,2020-10-01,0.1429210258,0.1400074080,1
90006153,A0118150101,2020-11-01,0.1650771547,0.1629470313,1
90006153,A0118150101,2021-01-01,0.1650853393,0.1786879499,1
90006153,A0118150101,2021-02-01,0.1484391341,0.2014483059,1
90006153,A0118150101,2021-03-01,0.1711674997,0.1362374564,1
90006153,A0118150101,2021-05-01,0.1763278744,0.2028477168,1
90006153,A0118150101,2021-06-01,0.1433071028,0.1702387301,1
90006153,A0118150101,2021-07-01,0.1625833560,0.1621362058,1
90006153,A0118150103,2021-09-01,0.2775945695,0.1631881843,1
90006153,A0118150103,2021-10-01,0.3296230568,0.1608609819,1
90006153,A0118150103,2021-11-01,0.3294599702,0.1396350440,1
90006153,A0118150103,2022-01-01,0.2551295656,0.1761779575,1
90006153,A0118150103,2022-02-01,0.2394425047,0.1632897700,1
90006153,A0118150103,2022-03-01,0.2872733075,0.1404020965,1
90006153,A0118150103,2022-05-01,0.3291036880,0.1628933566,1
90006153,A0118150103,2022-06-01,0.2425533871,0.1659256535,1
90006153,A0118150103,2022-07-01,0.2954339917,0.1252947366,1
90006156,A0118150101,2017-10-01,0.2138934522,0.1369787973,1
90006156,A0118150101,2017-11-01,0.2509468551,0.1448149418,1
90006156,A0118150101,2017-12-01,0.2469077420,0.1104163917,1
90006156,A0118150101,2018-02-01,0.2207899686,0.1521588776,1
90006156,A0118150101,2018-03-01,0.2229525455,0.1089182645,1
90006156,A0118150101,2018-04-01,0.2882392916,0.1415133950,1
90006156,A0118150101,2018-06-01,0.2716566402,0.1131415046,1
90006156,A0118150101,2018-07-01,0.1967909269,0.1219773404,1
90006156,A0118150101,2018-08-01,0.2216808303,0.1082516500,1
90006156,A0118150101,2018-10-01,0.2217070283,0.1572631480,1
90006156,A0118150101,2018-11-01,0.2079714518,0.1140226358,1
90006156,A0118150101,2018-12-01,0.2003095648,0.1268213342,1
90006156,A0118150101,2019-02-01,0.2217441400,0.1596162538,1
90006156,A0118150101,2019-03-01,0.1667840083,0.1115981404,1
90006156,A0118150101,2019-04-01,0.2085987831,0.1539577892,1
90006156,A0118150101,2019-06-01,0.2022499967,0.1210790038,1
90006156,A0118150101,2019-07-01,0.2077889556,0.1307341775,1
90006156,A0118150101,2019-08-01,0.1840242116,0.1354352816,1
90006156,A0118150101,2019-10-01,0.1355652983,0.1364989153,1
90006156,A0118150101,2019-11-01,0.1026365431,0.1415555463,1
90006156,A0118150101,2019-12-01,0.1215329310,0.1239645031,1
90006156,A0118150101,2020-02-01,0.1170551381,0.1296603957,1
90006156,A0118150101,2020-03-01,0.1508809797,0.1192030253,1
90006156,A0118150101,2020-04-01,0.1311609668,0.1129551229,1
90006156,A0118150101,2020-06-01,0.1493901618,0.1033676493,1
90006156,A0118150101,2020-07-01,0.1043565454,0.1318503620,1
90006156,A0118150101,2020-08-01,0.1045233739,0.0925422218,1
90006156,A0118150101,2020-10-01,0.1271485756,0.1649427199,1
90006156,A0118150101,2020-11-01,0.1729127540,0.1721366687,1
90006156,A0118150101,2020-12-01,0.1500563192,0.1562360525,1
90006156,A0118150101,2021-02-01,0.1646246901,0.1965931580,1
90006156,A0118150101,2021-03-01,0.1754353026,0.1858385668,1
90006156,A0118150101,2021-04-01,0.1802262973,0.1433494382,1
90006156,A0118150101,2021-06-01,0.1350295821,0.1520864774,1
90006156,A0118150101,2021-07-01,0.1315824112,0.1581236131,1
90006156,A0118150101,2021-08-01,0.1683405679,0.1789360667,1
90006156,A0118150103,2021-10-01,0.2448867003,0.1798460501,1
90006156,A0118150103,2021-11-01,0.2630514999,0.1613769683,1
90006156,A0118150103,2021-12-01,0.2959115903,0.1378464640,1
90006156,A0118150103,2022-02-01,0.2826756331,0.1754610753,1
90006156,A0118150103,2022-03-01,0.3193696463,0.1374078765,1
90006156,A0118150103,2022-04-01,0.2744838799,0.1407067789,1
90006156,A0118150103,2022-06-01,0.2943733995,0.1883971937,1
90006156,A0118150103,2022-07-01,0.2806183063,0.1702339334,1
90006156,A0118150103,2022-08-01,0.2304453340,0.1582039348,1
90007197,A0118150101,2017-09-01,0.2362665155,0.0974430044,1
90007197,A0118150101,2017-10-01,0.3197841461,0.0989349273,1
90007197,A0118150101,2017-11-01,0.3479140957,0.1307170775,1
90007197,A0118150101,2018-01-01,0.2817162216,0.0975999657,1
90007197,A0118150101,2018-02-01,0.3303872001,0.1058107542,1
90007197,A0118150101,2018-03-01,0.2502481188,0.1114617455,1
90007197,A0118150101,2018-05-01,0.3003549581,0.1029912292,1
90007197,A0118150101,2018-06-01,0.2703361934,0.1267882721,1
90007197,A0118150101,2018-07-01,0.2532011139,0.0868418497,1
90007197,A0118150101,2018-09-01,0.1805865004,0.0771666279,1
90007197,A0118150101,2018-10-01,0.1424063653,0.0794251450,1
90007197,A0118150101,2018-11-01,0.1370426495,0.0936221777,1
90007197,A0118150101,2019-01-01,0.1588773629,0.0907775081,1
90007197,A0118150101,2019-02-01,0.1791630789,0.0774844579,1
90007197,A0118150101,2019-03-01,0.1342022561,0.0903082326,1
90007197,A0118150101,2019-05-01,0.1766999108,0.0700359527,1
90007197,A0118150101,2019-06-01,0.1682429855,0.0906927954,1
90007197,A0118150101,2019-07-01,0.1746929744,0.0960272996,1
90007197,A0118150101,2019-09-01,0.2922767287,0.1345535279,1
90007197,A0118150101,2019-10-01,0.3380321803,0.1455441156,1
90007197,A0118150101,2019-11-01,0.3068221389,0.1475206568,1
90007197,A0118150101,2020-01-01,0.2625169016,0.1457672029,1
90007197,A0118150101,2020-02-01,0.3301266697,0.1391843229,1
90007197,A0118150101,2020-03-01,0.2981544648,0.1266032908,1
90007197,A0118150101,2020-05-01,0.2702801042,0.1520711668,1
90007197,A0118150101,2020-06-01,0.2907414672,0.1652511816,1
90007197,A0118150101,2020-07-01,0.3361548205,0.1514324685,1
90007197,A0118150101,2020-09-01,0.2385334550,0.0979080598,1
90007197,A0118150101,2020-10-01,0.2534021144,0.0977175078,1
90007197,A0118150101,2020-11-01,0.2699931335,0.1187435893,1
90007197,A0118150101,2021-01-01,0.3132696900,0.1159488144,1
90007197,A0118150101,2021-02-01,0.2497185202,0.0790834362,1
90007197,A0118150101,2021-03-01,0.2704435628,0.0758434202,1
90007197,A0118150101,2021-05-01,0.2334062788,0.0922647828,1
90007197,A0118150101,2021-06-01,0.2094197642,0.0910142441,1
90007197,A0118150101,2021-07-01,0.2963884707,0.1011444697,1
90007197,A0118150103,2021-09-01,0.2864176820,0.1150909037,1
90007197,A0118150103,2021-10-01,0.2984265671,0.1154374954,1
90007197,A0118150103,2021-11-01,0.3085158348,0.1008089797,1
90007197,A0118150103,2022-01-01,0.3155386858,0.1277253100,1
90007197,A0118150103,2022-02-01,0.2482555451,0.0996864173,1
90007197,A0118150103,2022-03-01,0.3242880144,0.0963473222,1
90007197,A0118150103,2022-05-01,0.2577447764,0.0932393836,1
90007197,A0118150103,2022-06-01,0.2266505289,0.1129573794,1
90007197,A0118150103,2022-07-01,0.2783198392,0.1141287511,1
90008164,A0118150101,2017-10-01,0.1756989778,0.1347863965,1
90008164,A0118150101,2017-11-01,0.2083524811,0.1046413814,1
90008164,A0118150101,2017-12-01,0.2038499400,0.1262876453,1
90008164,A0118150101,2018-02-01,0.2508487495,0.1522549463,1
90008164,A0118150101,2018-03-01,0.1827266205,0.1202441164,1
90008164,A0118150101,2018-04-01,0.1935197916,0.1533471288,1
90008164,A0118150101,2018-06-01,0.1854546472,0.1234179685,1
90008164,A0118150101,2018-07-01,0.1742013874,0.1165501117,1
90008164,A0118150101,2018-08-01,0.2370073143,0.1319331667,1
90008164,A0118150101,2018-10-01,0.1518829861,0.1286657670,1
90008164,A0118150101,2018-11-01,0.1548305860,0.1351609488,1
90008164,A0118150101,2018-12-01,0.1498226684,0.1608606638,1
90008164,A0118150101,2019-02-01,0.1621602153,0.1456420981,1
90008164,A0118150101,2019-03-01,0.1774164834,0.1348196963,1
90008164,A0118150101,2019-04-01,0.1559584474,0.1659056318,1
90008164,A0118150101,2019-06-01,0.1410520262,0.1428587518,1
90008164,A0118150101,2019-07-01,0.1696141641,0.1561474704,1
90008164,A0118150101,2019-08-01,0.1268488677,0.1342624489,1
90008164,A0118150101,2019-10-01,0.1275349828,0.1096792068,1
90008164,A0118150101,2019-11-01,0.1045828566,0.0887101681,1
90008164,A0118150101,2019-12-01,0.1040973220,0.1327884207,1
90008164,A0118150101,2020-02-01,0.1075568935,0.1045674040,1
90008164,A0118150101,2020-03-01,0.1132703991,0.1041512985,1
90008164,A0118150101,2020-04-01,0.1017049952,0.0923623478,1
90008164,A0118150101,2020-06-01,0.1233168100,0.1090670103,1
90008164,A0118150101,2020-07-01,0.1165681471,0.1305537536,1
90008164,A0118150101,2020-08-01,0.1336354651,0.1159342195,1
90008164,A0118150101,2020-10-01,0.3020285162,0.0948794311,1
90008164,A0118150101,2020-11-01,0.3241567299,0.1213245941,1
90008164,A0118150101,2020-12-01,0.2787736921,0.1202696271,1
90008164,A0118150101,2021-02-01,0.2898075743,0.1095622273,1
90008164,A0118150101,2021-03-01,0.2798964509,0.1103276146,1
90008164,A0118150101,2021-04-01,0.2494720755,0.1112172718,1
90008164,A0118150101,2021-06-01,0.3482464172,0.1368629432,1
90008164,A0118150101,2021-07-01,0.2426215047,0.0926403163,1
90008164,A0118150101,2021-08-01,0.2398952074,0.1305950274,1
90008164,A0118150103,2021-10-01,0.1127747248,0.1180738009,1
90008164,A0118150103,2021-11-01,0.1366087614,0.1169767504,1
90008164,A0118150103,2021-12-01,0.1452334340,0.1128847626,1
90008164,A0118150103,2022-02-01,0.1066904760,0.1482636467,1
90008164,A0118150103,2022-03-01,0.1174987396,0.1217943246,1
90008164,A0118150103,2022-04-01,0.1432349799,0.1136297426,1
90008164,A0118150103,2022-06-01,0.1244303439,0.1261185602,1
90008164,A0118150103,2022-07-01,0.1345184184,0.1602854808,1
90008164,A0118150103,2022-08-01,0.1371558123,0.1297916444,1
90008165,A0118150101,2017-09-01,0.2122394681,0.1187893617,1
90008165,A0118150101,2017-10-01,0.2505366864,0.1194189682,1
90008165,A0118150101,2017-11-01,0.2272670176,0.1087803131,1
90008165,A0118150101,2018-01-01,0.2171346285,0.1262552846,1
90008165,A0118150101,2018-02-01,0.2155065292,0.1314345152,1
90008165,A0118150101,2018-03-01,0.2088426418,0.1135623634,1
90008165,A0118150101,2018-05-01,0.2317823552,0.1154598716,1
90008165,A0118150101,2018-06-01,0.2388188291,0.1073487392,1
90008165,A0118150101,2018-07-01,0.2501013304,0.1034645422,1
90008165,A0118150101,2018-09-01,0.1408671380,0.1608243370,1
90008165,A0118150101,2018-10-01,0.1797355105,0.1377662296,1
90008165,A0118150101,2018-11-01,0.1860611158,0.1237413148,1
90008165,A0118150101,2019-01-01,0.1559193988,0.1851403608,1
90008165,A0118150101,2019-02-01,0.1568022214,0.1330923843,1
90008165,A0118150101,2019-03-01,0.1891288903,0.1328620164,1
90008165,A0118150101,2019-05-01,0.1437478665,0.1778062081,1
90008165,A0118150101,2019-06-01,0.1729272745,0.1663904174,1
90008165,A0118150101,2019-07-01,0.1740663677,0.1870565213,1
90008165,A0118150101,2019-09-01,0.1078050378,0.0900043822,1
90008165,A0118150101,2019-10-01,0.1310140599,0.1245939904,1
90008165,A0118150101,2019-11-01,0.1027793782,0.1102993064,1
90008165,A0118150101,2020-01-01,0.0993380235,0.1304735010,1
90008165,A0118150101,2020-02-01,0.1434581554,0.0966788461,1
90008165,A0118150101,2020-03-01,0.1220876481,0.0991815803,1
90008165,A0118150101,2020-05-01,0.1328156917,0.1090429931,1
90008165,A0118150101,2020-06-01,0.1216844123,0.1090240168,1
90008165,A0118150101,2020-07-01,0.1059783935,0.1255275155,1
90008165,A0118150101,2020-09-01,0.3159860662,0.1353533105,1
90008165,A0118150101,2020-10-01,0.3046325937,0.0997436692,1
90008165,A0118150101,2020-11-01,0.2776202509,0.1065286833,1
90008165,A0118150101,2021-01-01,0.2660546726,0.0980975708,1
90008165,A0118150101,2021-02-01,0.3269802822,0.1178115887,1
90008165,A0118150101,2021-03-01,0.2835169239,0.1339726560,1
90008165,A0118150101,2021-05-01,0.2827990949,0.0973388284,1
90008165,A0118150101,2021-06-01,0.2338445129,0.0917759360,1
90008165,A0118150101,2021-07-01,0.2622368255,0.1077076778,1
90008165,A0118150103,2021-09-01,0.1168665507,0.1263607247,1
90008165,A0118150103,2021-10-01,0.1378324893,0.1580183416,1
90008165,A0118150103,2021-11-01,0.1248078689,0.1733755940,1
90008165,A0118150103,2022-01-01,0.1046660512,0.1431512025,1
90008165,A0118150103,2022-02-01,0.1322443037,0.1599188595,1
90008165,A0118150103,2022-03-01,0.1441242191,0.1678422678,1
90008165,A0118150103,2022-05-01,0.1079980692,0.1237472812,1
90008165,A0118150103,2022-06-01,0.1061584167,0.1611945114,1
90008165,A0118150103,2022-07-01,0.1287242972,0.1587202292,1
90008166,A0118150101,2017-09-01,0.1879412018,0.1049640181,1
90008166,A0118150101,2017-10-01,0.2020397493,0.1368668819,1
90008166,A0118150101,2017-12-01,0.2483496253,0.1287370384,1
90008166,A0118150101,2018-01-01,0.2531593211,0.1079039024,1
90008166,A0118150101,2018-02-01,0.1998025540,0.1347887179,1
90008166,A0118150101,2018-04-01,0.2370749536,0.0993551485,1
90008166,A0118150101,2018-05-01,0.2061755170,0.1391266914,1
90008166,A0118150101,2018-06-01,0.2012406536,0.1508557818,1
90008166,A0118150101,2018-08-01,0.1748491668,0.1252204455,1
90008166,A0118150101,2018-09-01,0.1426256977,0.1819805274,1
90008166,A0118150101,2018-10-01,0.1595693956,0.1700881326,1
90008166,A0118150101,2018-12-01,0.1454935450,0.1439778508,1
90008166,A0118150101,2019-01-01,0.1638025906,0.1576995366,1
90008166,A0118150101,2019-02-01,0.1400623116,0.1355850661,1
90008166,A0118150101,2019-04-01,0.1388505613,0.1767433547,1
90008166,A0118150101,2019-05-01,0.1475602949,0.1673906971,1
90008166,A0118150101,2019-06-01,0.1268969004,0.1835278280,1
90008166,A0118150101,2019-08-01,0.1292284013,0.1243709927,1
90008166,A0118150101,2019-09-01,0.1003339138,0.0906647508,1
90008166,A0118150101,2019-10-01,0.0968797470,0.1310212314,1
90008166,A0118150101,2019-12-01,0.1394014317,0.0969732845,1
90008166,A0118150101,2020-01-01,0.1088197007,0.1333548091,1
90008166,A0118150101,2020-02-01,0.0970901197,0.1027063818,1
90008166,A0118150101,2020-04-01,0.1391431001,0.1097022316,1
90008166,A0118150101,2020-05-01,0.1254719545,0.0944339596,1
90008166,A0118150101,2020-06-01,0.1107095942,0.0932803980,1
90008166,A0118150101,2020-08-01,0.1334806783,0.1196471859,1
90008166,A0118150101,2020-09-01,0.3067220837,0.1040294951,1
90008166,A0118150101,2020-10-01,0.3219279021,0.0883769790,1
90008166,A0118150101,2020-12-01,0.3488041585,0.1308114042,1
90008166,A0118150101,2021-01-01,0.2706545439,0.1139713071,1
90008166,A0118150101,2021-02-01,0.3253945395,0.0890275385,1
90008166,A0118150101,2021-04-01,0.2550037476,0.1085140815,1
90008166,A0118150101,2021-05-01,0.3064223952,0.1256665579,1
90008166,A0118150101,2021-06-01,0.3166861969,0.1172692084,1
90008166,A0118150101,2021-08-01,0.3403637892,0.1120960483,1
90008166,A0118150103,2021-09-01,0.1134163292,0.1744458059,1
90008166,A0118150103,2021-10-01,0.1141818064,0.1630622168,1
90008166,A0118150103,2021-12-01,0.1232690980,0.1478450153,1
90008166,A0118150103,2022-01-01,0.1039097671,0.1380219928,1
90008166,A0118150103,2022-02-01,0.1133060152,0.1625732840,1
90008166,A0118150103,2022-04-01,0.1062649238,0.1342972671,1
90008166,A0118150103,2022-05-01,0.1210485904,0.1130766308,1
90008166,A0118150103,2022-06-01,0.1211521976,0.1172065888,1
90008166,A0118150103,2022-08-01,0.1444579101,0.1691252396,1
90008167,A0118150101,2017-09-01,0.2342141289,0.1359074674,1
90008167,A0118150101,2017-11-01,0.2138725122,0.1103791045,1
90008167,A0118150101,2017-12-01,0.2536560236,0.1512243340,1
90008167,A0118150101,2018-01-01,0.1961459847,0.1353065576,1
90008167,A0118150101,2018-03-01,0.1830060511,0.1481139386,1
90008167,A0118150101,2018-04-01,0.2504141427,0.1296342969,1
90008167,A0118150101,2018-05-01,0.2244878915,0.1502873666,1
90008167,A0118150101,2018-07-01,0.1921209435,0.1173303930,1
90008167,A0118150101,2018-08-01,0.2268975563,0.1422937623,1
90008167,A0118150101,2018-09-01,0.1789932624,0.1513615640,1
90008167,A0118150101,2018-11-01,0.1878956066,0.1593523740,1
90008167,A0118150101,2018-12-01,0.1439088321,0.1422817021,1
90008167,A0118150101,2019-01-01,0.1846965771,0.1822635255,1
90008167,A0118150101,2019-03-01,0.1886797894,0.1701042107,1
90008167,A0118150101,2019-04-01,0.1350567087,0.1796772940,1
90008167,A0118150101,2019-05-01,0.1591621349,0.1226128479,1
90008167,A0118150101,2019-07-01,0.1877081488,0.1801479142,1
90008167,A0118150101,2019-08-01,0.1575883026,0.1584315517,1
90008167,A0118150101,2019-09-01,0.1049535979,0.1065864597,1
90008167,A0118150101,2019-11-01,0.1248608005,0.0923280105,1
90008167,A0118150101,2019-12-01,0.1362475304,0.1059257082,1
90008167,A0118150101,2020-01-01,0.1418372173,0.1033085537,1
90008167,A0118150101,2020-03-01,0.1181967712,0.1165876942,1
90008167,A0118150101,2020-04-01,0.1192715909,0.1334825181,1
90008167,A0118150101,2020-05-01,0.1057440047,0.0887537035,1
90008167,A0118150101,2020-07-01,0.1238526086,0.0868708584,1
90008167,A0118150101,2020-08-01,0.1401997443,0.1353831082,1
90008167,A0118150101,2020-09-01,0.3394504411,0.0901225217,1
90008167,A0118150101,2020-11-01,0.3321078345,0.1355201380,1
90008167,A0118150101,2020-12-01,0.2328771299,0.0962245183,1
90008167,A0118150101,2021-01-01,0.3236332664,0.1088533271,1
90008167,A0118150101,2021-03-01,0.2389067127,0.1250302793,1
90008167,A0118150101,2021-04-01,0.2767795528,0.0965934977,1
90008167,A0118150101,2021-05-01,0.3003709409,0.1038491012,1
90008167,A0118150101,2021-07-01,0.3257025865,0.1133656312,1
90008167,A0118150101,2021-08-01,0.2825094642,0.1124476544,1
90008167,A0118150103,2021-09-01,0.1421804673,0.1375336793,1
90008167,A0118150103,2021-11-01,0.1443365634,0.1206661315,1
90008167,A0118150103,2021-12-01,0.1329982712,0.1578002218,1
90008167,A0118150103,2022-01-01,0.1353447584,0.1500447560,1
90008167,A0118150103,2022-03-01,0.1287103079,0.1532688751,1
90008167,A0118150103,2022-04-01,0.1327373925,0.1456641002,1
90008167,A0118150103,2022-05-01,0.1406313945,0.1573020324,1
90008167,A0118150103,2022-07-01,0.1084948727,0.1467818109,1
90008167,A0118150103,2022-08-01,0.1062420616,0.1351197392,1
90008168,A0118150101,2017-10-01,0.2143391069,0.1226527819,1
90008168,A0118150101,2017-11-01,0.2023908866,0.1077981316,1
90008168,A0118150101,2017-12-01,0.1974326266,0.1352130723,1
90008168,A0118150101,2018-02-01,0.2251880026,0.1080161364,1
90008168,A0118150101,2018-03-01,0.1944562323,0.1466043573,1
90008168,A0118150101,2018-04-01,0.1700952088,0.1527537626,1
90008168,A0118150101,2018-06-01,0.2289998272,0.1244706295,1
90008168,A0118150101,2018-07-01,0.2026088234,0.1184767929,1
90008168,A0118150101,2018-08-01,0.1877276917,0.1493048379,1
90008168,A0118150101,2018-10-01,0.1799627217,0.1772303218,1
90008168,A0118150101,2018-11-01,0.1520322487,0.1711141196,1
90008168,A0118150101,2018-12-01,0.1891741830,0.1402545871,1
90008168,A0118150101,2019-02-01,0.1563654835,0.1511626349,1
90008168,A0118150101,2019-03-01,0.1859504735,0.1851361591,1
90008168,A0118150101,2019-04-01,0.1438224622,0.1777883776,1
90008168,A0118150101,2019-06-01,0.1634478850,0.1262395930,1
90008168,A0118150101,2019-07-01,0.1892324501,0.1302089413,1
90008168,A0118150101,2019-08-01,0.1896170835,0.1309947915,1
90008168,A0118150101,2019-10-01,0.1053097541,0.1076974982,1
90008168,A0118150101,2019-11-01,0.1423006570,0.1153548875,1
90008168,A0118150101,2019-12-01,0.1064836006,0.0889726986,1
90008168,A0118150101,2020-02-01,0.1153804981,0.0988767099,1
90008168,A0118150101,2020-03-01,0.1376667088,0.1056064112,1
90008168,A0118150101,2020-04-01,0.1039252615,0.1222096525,1
90008168,A0118150101,2020-06-01,0.1064671185,0.0969283126,1
90008168,A0118150101,2020-07-01,0.1105606586,0.1255671058,1
90008168,A0118150101,2020-08-01,0.1126212080,0.1147114303,1
90008168,A0118150101,2020-10-01,0.3176039562,0.1005471884,1
90008168,A0118150101,2020-11-01,0.2348238414,0.0948097153,1
90008168,A0118150101,2020-12-01,0.2571712365,0.1298918761,1
90008168,A0118150101,2021-02-01,0.3228600716,0.1374858961,1
90008168,A0118150101,2021-03-01,0.2666720516,0.0963678049,1
90008168,A0118150101,2021-04-01,0.3316071096,0.1179164623,1
90008168,A0118150101,2021-06-01,0.2580770970,0.1050920880,1
90008168,A0118150101,2021-07-01,0.3390800554,0.1180798165,1
90008168,A0118150101,2021-08-01,0.2347202372,0.0988455287,1
90008168,A0118150103,2021-10-01,0.1179899931,0.1582646299,1
90008168,A0118150103,2021-11-01,0.1308532468,0.1372066883,1
90008168,A0118150103,2021-12-01,0.1229372868,0.1142138909,1
90008168,A0118150103,2022-02-01,0.1166774063,0.1477682403,1
90008168,A0118150103,2022-03-01,0.1013701992,0.1390028123,1
90008168,A0118150103,2022-04-01,0.1232261543,0.1317152564,1
90008168,A0118150103,2022-06-01,0.1244593380,0.1689011480,1
90008168,A0118150103,2022-07-01,0.1228716803,0.1365747362,1
90008168,A0118150103,2022-08-01,0.1371523628,0.1295829036,1
90009127,A0118150102,2017-12-01,0.0000000000,0.0000000000,1
90009127,A0118150101,2019-09-01,0.2787779374,0.1794334501,1
90009127,A0118150101,2019-11-01,0.3015265114,0.1729964946,1
90009127,A0118150101,2019-12-01,0.3337589905,0.1442973129,1
90009127,A0118150101,2020-01-01,0.3479403609,0.1809211731,1
90009127,A0118150101,2020-03-01,0.3547013998,0.1348694347,1
90009127,A0118150101,2020-04-01,0.2928477196,0.1184908610,1
90009127,A0118150101,2020-05-01,0.3235038822,0.1780367962,1
90009127,A0118150101,2020-07-01,0.3079804987,0.1504729854,1
90009127,A0118150101,2020-08-01,0.2696400323,0.1817296466,1
90009127,A0118150101,2020-09-01,0.1268250555,0.0924985469,1
90009127,A0118150101,2020-11-01,0.1222492224,0.1081055711,1
90009127,A0118150101,2020-12-01,0.1526526683,0.0876980127,1
90009127,A0118150101,2021-01-01,0.1079838173,0.1016774741,1
90009127,A0118150101,2021-03-01,0.1111631725,0.0779238841,1
90009127,A0118150101,2021-04-01,0.1115647175,0.0893544794,1
90009127,A0118150101,2021-05-01,0.1344571165,0.0851391151,1
90009127,A0118150101,2021-07-01,0.1417832525,0.0891598592,1
90009127,A0118150101,2021-08-01,0.1229836482,0.0785085090,1
90009127,A0118150103,2021-09-01,0.2017462633,0.0708977170,1
90009127,A0118150103,2021-11-01,0.1872595374,0.0882161745,1
90009127,A0118150103,2021-12-01,0.1978602887,0.0733595842,1
90009127,A0118150103,2022-01-01,0.2078238877,0.0910483660,1
90009127,A0118150103,2022-03-01,0.1637315769,0.0869786242,1
90009127,A0118150103,2022-04-01,0.2274817088,0.0984228154,1
90009127,A0118150103,2022-05-01,0.2141487625,0.0718659032,1
90009127,A0118150103,2022-07-01,0.1709552203,0.0838706159,1
90009127,A0118150103,2022-08-01,0.1630085638,0.0830500693,1
90009128,A0118150102,2017-12-01,0.0000000000,0.0000000000,1
90009128,A0118150101,2019-10-01,0.3495220767,0.1526000983,1
90009128,A0118150101,2019-11-01,0.3426878521,0.1185823905,1
90009128,A0118150101,2019-12-01,0.2413686749,0.1359312060,1
90009128,A0118150101,2020-02-01,0.2633656021,0.1287471543,1
90009128,A0118150101,2020-03-01,0.3234337545,0.1264335062,1
90009128,A0118150101,2020-04-01,0.2790928198,0.1246485479,1
90009128,A0118150101,2020-06-01,0.2757619436,0.1333115235,1
90009128,A0118150101,2020-07-01,0.3394365775,0.1536310849,1
90009128,A0118150101,2020-08-01,0.3201475875,0.1676698135,1
90009128,A0118150101,2020-10-01,0.1060750776,0.0903509145,1
90009128,A0118150101,2020-11-01,0.1249693659,0.0741705834,1
90009128,A0118150101,2020-12-01,0.1131292122,0.0715370674,1
90009128,A0118150101,2021-02-01,0.1362446931,0.0983657106,1
90009128,A0118150101,2021-03-01,0.1325038205,0.1012748202,1
90009128,A0118150101,2021-04-01,0.1217506591,0.1099235079,1
90009128,A0118150101,2021-06-01,0.1131877022,0.0829597850,1
90009128,A0118150101,2021-07-01,0.1128745576,0.0915640413,1
90009128,A0118150101,2021-08-01,0.1243145313,0.1077286163,1
90009128,A0118150103,2021-10-01,0.1712656512,0.0920381234,1
90009128,A0118150103,2021-11-01,0.1774249951,0.1044107010,1
90009128,A0118150103,2021-12-01,0.1719728233,0.0859013566,1
90009128,A0118150103,2022-02-01,0.1924558587,0.0709855447,1
90009128,A0118150103,2022-03-01,0.1811996596,0.0837036257,1
90009128,A0118150103,2022-04-01,0.1862407633,0.0782626303,1
90009128,A0118150103,2022-06-01,0.1627702153,0.0907785450,1
90009128,A0118150103,2022-07-01,0.2370105607,0.0985098812,1
90009128,A0118150103,2022-08-01,0.2367213629,0.0780900269,1
90009129,A0118150101,2019-09-01,0.3512575109,0.1280429573,1
90009129,A0118150101,2019-10-01,0.2837216018,0.1642846210,1
90009129,A0118150101,2019-11-01,0.3383656162,0.1223830743,1
90009129,A0118150101,2020-01-01,0.2933998438,0.1313388560,1
90009129,A0118150101,2020-02-01,0.2864874146,0.1227920817,1
90009129,A0118150101,2020-03-01,0.2387468117,0.1467168162,1
90009129,A0118150101,2020-05-01,0.2948191563,0.1376738891,1
90009129,A0118150101,2020-06-01,0.2780747509,0.1421240257,1
90009129,A0118150101,2020-07-01,0.3361210763,0.1428752356,1
90009129,A0118150101,2020-09-01,0.1035583898,0.0770189639,1
90009129,A0118150101,2020-10-01,0.1096774503,0.1070749933,1
90009129,A0118150101,2020-11-01,0.1357589241,0.0878212431,1
90009129,A0118150101,2021-01-01,0.1457669544,0.0803516080,1
90009129,A0118150101,2021-02-01,0.1265700598,0.0915348772,1
90009129,A0118150101,2021-03-01,0.1494301738,0.1027079119,1
90009129,A0118150101,2021-05-01,0.1288631395,0.0851600270,1
90009129,A0118150101,2021-06-01,0.1285713862,0.0870508129,1
90009129,A0118150101,2021-07-01,0.1462739751,0.1109698193,1
90009129,A0118150103,2021-09-01,0.1657310753,0.1061076927,1
90009129,A0118150103,2021-10-01,0.2072458465,0.0986972974,1
90009129,A0118150103,2021-11-01,0.2209388433,0.0875677657,1
90009129,A0118150103,2022-01-01,0.1942372557,0.1064098974,1
90009129,A0118150103,2022-02-01,0.2103122172,0.0939840369,1
90009129,A0118150103,2022-03-01,0.1771023156,0.0725197813,1
90009129,A0118150103,2022-05-01,0.1941852296,0.0972678426,1
90009129,A0118150103,2022-06-01,0.2131795643,0.1067859473,1
90009129,A0118150103,2022-07-01,0.2376591244,0.0840680694,1
90009130,A0118150102,2017-12-01,0.0000000000,0.0000000000,1
90009130,A0118150101,2019-09-01,0.2830648228,0.1544892937,1
90009130,A0118150101,2019-10-01,0.3289230044,0.1235200952,1
90009130,A0118150101,2019-12-01,0.3090764907,0.1409811074,1
90009130,A0118150101,2020-01-01,0.2420338569,0.1495022742,1
90009130,A0118150101,2020-02-01,0.3037863510,0.1396253500,1
90009130,A0118150101,2020-04-01,0.3200786812,0.1826949209,1
90009130,A0118150101,2020-05-01,0.3263146814,0.1443663755,1
90009130,A0118150101,2020-06-01,0.2477445522,0.1250388201,1
90009130,A0118150101,2020-08-01,0.3515777414,0.1769350506,1
90009130,A0118150101,2020-09-01,0.1399151463,0.0918675855,1
90009130,A0118150101,2020-10-01,0.1045362777,0.0797125357,1
90009130,A0118150101,2020-12-01,0.1410546020,0.0990145210,1
90009130,A0118150101,2021-01-01,0.1183115215,0.0963080725,1
90009130,A0118150101,2021-02-01,0.1123714007,0.0749306446,1
90009130,A0118150101,2021-04-01,0.1506909340,0.0963975161,1
90009130,A0118150101,2021-05-01,0.1057742065,0.0880808939,1
90009130,A0118150101,2021-06-01,0.1510557730,0.1091170594,1
90009130,A0118150101,2021-08-01,0.1325200134,0.0935085691,1
90009130,A0118150103,2021-09-01,0.1678788353,0.0990025718,1
90009130,A0118150103,2021-10-01,0.1594743668,0.0738741872,1
90009130,A0118150103,2021-12-01,0.2132390198,0.0990968579,1
90009130,A0118150103,2022-01-01,0.1723935589,0.1006040004,1
90009130,A0118150103,2022-02-01,0.1861961392,0.1029471141,1
90009130,A0118150103,2022-04-01,0.1735190108,0.0736499690,1
90009130,A0118150103,2022-05-01,0.1663567651,0.0809873836,1
90009130,A0118150103,2022-06-01,0.2047021236,0.0887252096,1
90009130,A0118150103,2022-08-01,0.1675373352,0.0986185415,1
90009131,A0118150102,2017-12-01,0.0000000000,0.0000000000,1
90009131,A0118150101,2019-09-01,0.2499521801,0.1488940341,1
90009131,A0118150101,2019-11-01,0.2854338911,0.1315355387,1
90009131,A0118150101,2019-12-01,0.3229580383,0.1796880798,1
90009131,A0118150101,2020-01-01,0.2920734900,0.1524914117,1
90009131,A0118150101,2020-03-01,0.2791745538,0.1833462885,1
90009131,A0118150101,2020-04-01,0.3025518644,0.1227494869,1
90009131,A0118150101,2020-05-01,0.3281974856,0.1837459563,1
90009131,A0118150101,2020-07-01,0.3234222894,0.1745778921,1
90009131,A0118150101,2020-08-01,0.3360870410,0.1333708030,1
90009131,A0118150101,2020-09-01,0.1504475065,0.0761359569,1
90009131,A0118150101,2020-11-01,0.1415337555,0.0779044948,1
90009131,A0118150101,2020-12-01,0.1371733208,0.1068018880,1
90009131,A0118150101,2021-01-01,0.1275857165,0.0935933468,1
90009131,A0118150101,2021-03-01,0.1083283431,0.1101673874,1
90009131,A0118150101,2021-04-01,0.1520753823,0.0942349284,1
90009131,A0118150101,2021-05-01,0.1179715366,0.1099189487,1
90009131,A0118150101,2021-07-01,0.1141415772,0.1073473874,1
90009131,A0118150101,2021-08-01,0.1063277640,0.0804951865,1
90009131,A0118150103,2021-09-01,0.2103869192,0.0907835794,1
90009131,A0118150103,2021-11-01,0.1791125688,0.0740130032,1
90009131,A0118150103,2021-12-01,0.2096983840,0.0903607630,1
90009131,A0118150103,2022-01-01,0.2088505291,0.0905540429,1
90009131,A0118150103,2022-03-01,0.2388424491,0.0801004024,1
90009131,A0118150103,2022-04-01,0.1940905304,0.0786031005,1
90009131,A0118150103,2022-05-01,0.1788450725,0.0905291271,1
90009131,A0118150103,2022-07-01,0.1968814446,0.1018588321,1
90009131,A0118150103,2022-08-01,0.2345612039,0.0797697736,1
90009132,A0118150102,2017-12-01,0.0000000000,0.0000000000,1
90009132,A0118150101,2019-10-01,0.2403680284,0.1231039560,1
90009132,A0118150101,2019-11-01,0.3287532872,0.1433098744,1
90009132,A0118150101,2019-12-01,0.2621134731,0.1208876028,1
90009132,A0118150101,2020-02-01,0.2548792863,0.1601974430,1
90009132,A0118150101,2020-03-01,0.3229413501,0.1362572293,1
90009132,A0118150101,2020-04-01,0.2708389477,0.1436120499,1
90009132,A0118150101,2020-06-01,0.3542723212,0.1577155608,1
90009132,A0118150101,2020-07-01,0.2760401151,0.1682742217,1
90009132,A0118150101,2020-08-01,0.2390732501,0.1175701132,1
90009132,A0118150101,2020-10-01,0.1060801883,0.0781848324,1
90009132,A0118150101,2020-11-01,0.1386084243,0.0888669209,1
90009132,A0118150101,2020-12-01,0.1212268467,0.0833157054,1
90009132,A0118150101,2021-02-01,0.1335835725,0.1023316875,1
90009132,A0118150101,2021-03-01,0.1316454204,0.0789738996,1
90009132,A0118150101,2021-04-01,0.1082785825,0.1044418415,1
90009132,A0118150101,2021-06-01,0.1245993128,0.1112320680,1
90009132,A0118150101,2021-07-01,0.1489346105,0.0830189568,1
90009132,A0118150101,2021-08-01,0.1048204075,0.0813485740,1
90009132,A0118150103,2021-10-01,0.2017683397,0.0798754619,1
90009132,A0118150103,2021-11-01,0.2340928198,0.0885546730,1
90009132,A0118150103,2021-12-01,0.2134693926,0.1085407829,1
90009132,A0118150103,2022-02-01,0.1812777069,0.0707071859,1
90009132,A0118150103,2022-03-01,0.1747621315,0.0944380901,1
90009132,A0118150103,2022-04-01,0.1714375749,0.0793336341,1
90009132,A0118150103,2022-06-01,0.1839040292,0.0914116022,1
90009132,A0118150103,2022-07-01,0.1830054412,0.0696969914,1
90009132,A0118150103,2022-08-01,0.2002953140,0.0862535285,1
90010044,A0118150102,2017-12-01,0.0000000000,0.0000000000,1
90010044,A0118150101,2018-10-01,0.2999850559,0.1250362351,1
90010044,A0118150101,2018-11-01,0.2438934101,0.1654479932,1
90010044,A0118150101,2018-12-01,0.2859135529,0.1439649541,1
90010044,A0118150101,2019-02-01,0.3200480668,0.1200010917,1
90010044,A0118150101,2019-03-01,0.2451396923,0.1544663590,1
90010044,A0118150101,2019-04-01,0.2620787524,0.1175296756,1
90010044,A0118150101,2019-06-01,0.3448716228,0.1532076778,1
90010044,A0118150101,2019-07-01,0.3057890312,0.1718181834,1
90010044,A0118150101,2019-08-01,0.2353682552,0.1694814339,1
90010044,A0118150101,2019-10-01,0.2590048001,0.0904364858,1
90010044,A0118150101,2019-11-01,0.2641907736,0.1059241701,1
90010044,A0118150101,2019-12-01,0.3191299701,0.0828563414,1
90010044,A0118150101,2020-02-01,0.3076376762,0.1072446939,1
90010044,A0118150101,2020-03-01,0.2773110626,0.0921299607,1
90010044,A0118150101,2020-04-01,0.2989424237,0.1066560804,1
90010044,A0118150101,2020-06-01,0.2352158302,0.1046106484,1
90010044,A0118150101,2020-07-01,0.2555803263,0.0780919731,1
90010044,A0118150101,2020-08-01,0.2697421090,0.1019710927,1
90010044,A0118150101,2020-10-01,0.2052068428,0.1441847885,1
90010044,A0118150101,2020-11-01,0.2165029980,0.1671057794,1
90010044,A0118150101,2020-12-01,0.2365712462,0.1495995688,1
90010044,A0118150101,2021-02-01,0.2435267417,0.1658525292,1
90010044,A0118150101,2021-03-01,0.2003672276,0.1261054775,1
90010044,A0118150101,2021-04-01,0.2318934656,0.1729766207,1
90010044,A0118150101,2021-06-01,0.2548243097,0.1530936529,1
90010044,A0118150101,2021-07-01,0.2489493002,0.1698422552,1
90010044,A0118150101,2021-08-01,0.2303873458,0.1330058005,1
90010044,A0118150103,2021-10-01,0.3228611945,0.1707681845,1
90010044,A0118150103,2021-11-01,0.3172801309,0.1671487459,1
90010044,A0118150103,2021-12-01,0.2755247367,0.1768357556,1
90010044,A0118150103,2022-02-01,0.2892139695,0.1409372440,1
90010044,A0118150103,2022-03-01,0.2890651816,0.1715748623,1
90010044,A0118150103,2022-04-01,0.2273103938,0.1789553621,1
90010044,A0118150103,2022-06-01,0.2360707506,0.1811097215,1
90010044,A0118150103,2022-07-01,0.2411681954,0.1478532014,1
90010044,A0118150103,2022-08-01,0.2393465423,0.1587067029,1
90010045,A0118150101,2018-09-01,0.3018309393,0.1443560606,1
90010045,A0118150101,2018-10-01,0.3192897121,0.1257735779,1
90010045,A0118150101,2018-11-01,0.3514588597,0.1431421750,1
90010045,A0118150101,2019-01-01,0.2539395291,0.1637315942,1
90010045,A0118150101,2019-02-01,0.2914010043,0.1477843873,1
90010045,A0118150101,2019-03-01,0.2355768693,0.1110891143,1
90010045,A0118150101,2019-05-01,0.2979225474,0.1168998934,1
90010045,A0118150101,2019-06-01,0.2586213180,0.1361473953,1
90010045,A0118150101,2019-07-01,0.2746162493,0.1183916965,1
90010045,A0118150101,2019-09-01,0.2394276830,0.0743708663,1
90010045,A0118150101,2019-10-01,0.3208550043,0.0713142214,1
90010045,A0118150101,2019-11-01,0.2470107460,0.1058978391,1
90010045,A0118150101,2020-01-01,0.2345897943,0.0865728775,1
90010045,A0118150101,2020-02-01,0.2976480157,0.0903663288,1
90010045,A0118150101,2020-03-01,0.2615290901,0.0964891676,1
90010045,A0118150101,2020-05-01,0.2213792609,0.1093941237,1
90010045,A0118150101,2020-06-01,0.2714291226,0.1072543429,1
90010045,A0118150101,2020-07-01,0.2926735508,0.0816991646,1
90010045,A0118150101,2020-09-01,0.2777267238,0.1182522974,1
90010045,A0118150101,2020-10-01,0.2558025517,0.1797649931,1
90010045,A0118150101,2020-11-01,0.2375498501,0.1515074273,1
90010045,A0118150101,2021-01-01,0.2474518301,0.1771012407,1
90010045,A0118150101,2021-02-01,0.2453251001,0.1587183001,1
90010045,A0118150101,2021-03-01,0.1959962657,0.1323019788,1
90010045,A0118150101,2021-05-01,0.2652120480,0.1580001069,1
90010045,A0118150101,2021-06-01,0.1883054411,0.1580970316,1
90010045,A0118150101,2021-07-01,0.2049423024,0.1763520210,1
90010045,A0118150103,2021-09-01,0.3270990430,0.1218619117,1
90010045,A0118150103,2021-10-01,0.2555596857,0.1219226556,1
90010045,A0118150103,2021-11-01,0.2429770459,0.1724592432,1
90010045,A0118150103,2022-01-01,0.2904259024,0.1199165842,1
90010045,A0118150103,2022-02-01,0.3178075629,0.1534451603,1
90010045,A0118150103,2022-03-01,0.3275677218,0.1576260017,1
90010045,A0118150103,2022-05-01,0.3228226981,0.1722153177,1
90010045,A0118150103,2022-06-01,0.3129269735,0.1508360388,1
90010045,A0118150103,2022-07-01,0.3231883891,0.1828917539,1
90010046,A0118150102,2017-12-01,0.0000000000,0.0000000000,1
90010046,A0118150101,2018-09-01,0.2523496284,0.1195858706,1
90010046,A0118150101,2018-10-01,0.2607294350,0.1300575092,1
90010046,A0118150101,2018-12-01,0.3153616912,0.1260345668,1
90010046,A0118150101,2019-01-01,0.2874801771,0.1713006085,1
90010046,A0118150101,2019-02-01,0.2971147970,0.1690006406,1
90010046,A0118150101,2019-04-01,0.2988435337,0.1502099558,1
90010046,A0118150101,2019-05-01,0.2633350710,0.1440587870,1
90010046,A0118150101,2019-06-01,0.2785786307,0.1157282281,1
90010046,A0118150101,2019-08-01,0.2478661853,0.1616904550,1
90010046,A0118150101,2019-09-01,0.3149512897,0.0834088063,1
90010046,A0118150101,2019-10-01,0.3233796613,0.0797941628,1
90010046,A0118150101,2019-12-01,0.3107048238,0.0862319958,1
90010046,A0118150101,2020-01-01,0.2253348962,0.0918843746,1
90010046,A0118150101,2020-02-01,0.3017402294,0.0730144177,1
90010046,A0118150101,2020-04-01,0.2749668302,0.0897356548,1
90010046,A0118150101,2020-05-01,0.3001149106,0.0825644839,1
90010046,A0118150101,2020-06-01,0.2982777966,0.0739669126,1
90010046,A0118150101,2020-08-01,0.2580019589,0.0926104573,1
90010046,A0118150101,2020-09-01,0.2370221401,0.1321800104,1
90010046,A0118150101,2020-10-01,0.2543282580,0.1801848873,1
90010046,A0118150101,2020-12-01,0.1923925721,0.1835642587,1
90010046,A0118150101,2021-01-01,0.1923798700,0.1442280622,1
90010046,A0118150101,2021-02-01,0.1975230519,0.1493886628,1
90010046,A0118150101,2021-04-01,0.2167000950,0.1602685465,1
90010046,A0118150101,2021-05-01,0.2097928234,0.1258094941,1
90010046,A0118150101,2021-06-01,0.2125990796,0.1793031585,1
90010046,A0118150101,2021-08-01,0.2710093523,0.1595334900,1
90010046,A0118150103,2021-09-01,0.2737659046,0.1615240407,1
90010046,A0118150103,2021-10-01,0.2364279816,0.1437253568,1
90010046,A0118150103,2021-12-01,0.2250872678,0.1669105579,1
90010046,A0118150103,2022-01-01,0.2781930748,0.1482716949,1
90010046,A0118150103,2022-02-01,0.3134437476,0.1675314498,1
90010046,A0118150103,2022-04-01,0.2722481740,0.1396031758,1
90010046,A0118150103,2022-05-01,0.2582672761,0.1219913105,1
90010046,A0118150103,2022-06-01,0.2273213565,0.1631468144,1
90010046,A0118150103,2022-08-01,0.2896540076,0.1758094052,1
90011185,A0118150101,2017-09-01,0.1575712610,0.1578440000,1
90011185,A0118150101,2017-10-01,0.1371691465,0.1345228565,1
90011185,A0118150101,2017-11-01,0.1430334918,0.1524859812,1
90011185,A0118150101,2018-01-01,0.1360007925,0.1416165020,1
90011185,A0118150101,2018-02-01,0.1464422985,0.1459625670,1
90011185,A0118150101,2018-03-01,0.1230582402,0.1456747581,1
90011185,A0118150101,2018-05-01,0.1100266667,0.1449707055,1
90011185,A0118150101,2018-06-01,0.1357361032,0.1657282756,1
90011185,A0118150101,2018-07-01,0.1311378482,0.1205380604,1
90011185,A0118150101,2018-09-01,0.1717865040,0.0855479665,1
90011185,A0118150101,2018-10-01,0.1476594141,0.0977861179,1
90011185,A0118150101,2018-11-01,0.1879707479,0.0779682615,1
90011185,A0118150101,2019-01-01,0.1858138357,0.0888486430,1
90011185,A0118150101,2019-02-01,0.2074011454,0.0849602452,1
90011185,A0118150101,2019-03-01,0.1842625148,0.0799437088,1
90011185,A0118150101,2019-05-01,0.1511478196,0.0718646875,1
90011185,A0118150101,2019-06-01,0.1561098877,0.0688823292,1
90011185,A0118150101,2019-07-01,0.1930013791,0.0936411710,1
90011185,A0118150101,2019-09-01,0.2357037388,0.0943340852,1
90011185,A0118150101,2019-10-01,0.1837064618,0.1194100616,1
90011185,A0118150101,2019-11-01,0.1707585106,0.1151602544,1
90011185,A0118150101,2020-01-01,0.2302591529,0.1189140070,1
90011185,A0118150101,2020-02-01,0.1800077767,0.1053973771,1
90011185,A0118150101,2020-03-01,0.1684688511,0.1049166235,1
90011185,A0118150101,2020-05-01,0.2294225567,0.1184645870,1
90011185,A0118150101,2020-06-01,0.2276246118,0.1133283093,1
90011185,A0118150101,2020-07-01,0.2082265867,0.1008257409,1
90011185,A0118150101,2020-09-01,0.2056132929,0.0882778092,1
90011185,A0118150101,2020-10-01,0.1596774062,0.0865299701,1
90011185,A0118150101,2020-11-01,0.1730781420,0.0789675297,1
90011185,A0118150101,2021-01-01,0.1701675193,0.0990576099,1
90011185,A0118150101,2021-02-01,0.1971281800,0.0854224048,1
90011185,A0118150101,2021-03-01,0.1788785303,0.1019660690,1
90011185,A0118150101,2021-05-01,0.1945963502,0.0824527344,1
90011185,A0118150101,2021-06-01,0.2239227627,0.0729349192,1
90011185,A0118150101,2021-07-01,0.2078251248,0.0919414425,1
90011185,A0118150103,2021-09-01,0.2455922869,0.1552216452,1
90011185,A0118150103,2021-10-01,0.2280005659,0.1340441708,1
90011185,A0118150103,2021-11-01,0.2955082082,0.1360144004,1
90011185,A0118150103,2022-01-01,0.2302608672,0.1829939419,1
90011185,A0118150103,2022-02-01,0.2929334161,0.1275327040,1
90011185,A0118150103,2022-03-01,0.2805556451,0.1555991982,1
90011185,A0118150103,2022-05-01,0.2650837639,0.1925346826,1
90011185,A0118150103,2022-06-01,0.2673610399,0.1680641618,1
90011185,A0118150103,2022-07-01,0.2626591135,0.1277673095,1
90011186,A0118150101,2017-09-01,0.1571778017,0.1318725249,1
90011186,A0118150101,2017-10-01,0.1320677594,0.1617233957,1
90011186,A0118150101,2017-12-01,0.1537040818,0.1424835684,1
90011186,A0118150101,2018-01-01,0.1390716801,0.1599645002,1
90011186,A0118150101,2018-02-01,0.1526567171,0.1255519424,1
90011186,A0118150101,2018-04-01,0.1215275715,0.1509985642,1
90011186,A0118150101,2018-05-01,0.1283482814,0.1149578743,1
90011186,A0118150101,2018-06-01,0.1488395236,0.1326452581,1
90011186,A0118150101,2018-08-01,0.1233329473,0.1571448230,1
90011186,A0118150101,2018-09-01,0.1606627508,0.0739253460,1
90011186,A0118150101,2018-10-01,0.1771613980,0.0969596277,1
90011186,A0118150101,2018-12-01,0.1860653401,0.0804491820,1
90011186,A0118150101,2019-01-01,0.1551772260,0.1031936174,1
90011186,A0118150101,2019-02-01,0.2116432249,0.0703666773,1
90011186,A0118150101,2019-04-01,0.1465148980,0.0801504708,1
90011186,A0118150101,2019-05-01,0.1864168433,0.0832641765,1
90011186,A0118150101,2019-06-01,0.1834568158,0.1012941412,1
90011186,A0118150101,2019-08-01,0.1517213620,0.0807677000,1
90011186,A0118150101,2019-09-01,0.1618439744,0.1177146889,1
90011186,A0118150101,2019-10-01,0.1694522828,0.1132876385,1
90011186,A0118150101,2019-12-01,0.1802870210,0.0965751485,1
90011186,A0118150101,2020-01-01,0.1596509684,0.1031216571,1
90011186,A0118150101,2020-02-01,0.1884577689,0.1086697394,1
90011186,A0118150101,2020-04-01,0.2325268647,0.1130970258,1
90011186,A0118150101,2020-05-01,0.1728453971,0.1172800257,1
90011186,A0118150101,2020-06-01,0.1866541075,0.1013574114,1
90011186,A0118150101,2020-08-01,0.2259793151,0.0903986402,1
90011186,A0118150101,2020-09-01,0.2095928280,0.0764726128,1
90011186,A0118150101,2020-10-01,0.2130033136,0.0989202116,1
90011186,A0118150101,2020-12-01,0.1976614935,0.0680219506,1
90011186,A0118150101,2021-01-01,0.1697201167,0.0855446030,1
90011186,A0118150101,2021-02-01,0.1608440823,0.0786032218,1
90011186,A0118150101,2021-04-01,0.1678766842,0.1023241313,1
90011186,A0118150101,2021-05-01,0.2137716959,0.0780946073,1
90011186,A0118150101,2021-06-01,0.1973771000,0.0698801940,1
90011186,A0118150101,2021-08-01,0.2115538698,0.0998152277,1
90011186,A0118150103,2021-09-01,0.2233577010,0.1778484514,1
90011186,A0118150103,2021-10-01,0.2933878562,0.1263223023,1
90011186,A0118150103,2021-12-01,0.2498262091,0.1426960464,1
90011186,A0118150103,2022-01-01,0.2106364399,0.1253315043,1
90011186,A0118150103,2022-02-01,0.2840810991,0.1286578578,1
90011186,A0118150103,2022-04-01,0.2921165041,0.1901486134,1
90011186,A0118150103,2022-05-01,0.2603347632,0.1626452607,1
90011186,A0118150103,2022-06-01,0.2962470060,0.1813464808,1
90011186,A0118150103,2022-08-01,0.2622313403,0.1945752989,1
90011187,A0118150101,2017-09-01,0.1615172066,0.1350209186,1
90011187,A0118150101,2017-11-01,0.1322499338,0.1265981084,1
90011187,A0118150101,2017-12-01,0.1614714523,0.1513890073,1
90011187,A0118150101,2018-01-01,0.1554868705,0.1224418379,1
90011187,A0118150101,2018-03-01,0.1146115783,0.1203209980,1
90011187,A0118150101,2018-04-01,0.1206878272,0.1149663413,1
90011187,A0118150101,2018-05-01,0.1287090455,0.1534854315,1
90011187,A0118150101,2018-07-01,0.1284902435,0.1389325220,1
90011187,A0118150101,2018-08-01,0.1465564348,0.1153136036,1
90011187,A0118150101,2018-09-01,0.1515773108,0.0673891151,1
90011187,A0118150101,2018-11-01,0.1835399864,0.0766262314,1
90011187,A0118150101,2018-12-01,0.1806191993,0.0957501393,1
90011187,A0118150101,2019-01-01,0.1970409306,0.0701356762,1
90011187,A0118150101,2019-03-01,0.2094350995,0.0706396316,1
90011187,A0118150101,2019-04-01,0.1883382282,0.1020650788,1
90011187,A0118150101,2019-05-01,0.1592096353,0.1002710393,1
90011187,A0118150101,2019-07-01,0.1857775490,0.0702452693,1
90011187,A0118150101,2019-08-01,0.1439509851,0.0868815355,1
90011187,A0118150101,2019-09-01,0.1603514088,0.0839770648,1
90011187,A0118150101,2019-11-01,0.1863318849,0.1083758142,1
90011187,A0118150101,2019-12-01,0.1613997895,0.1117707386,1
90011187,A0118150101,2020-01-01,0.1770523559,0.0805235333,1
90011187,A0118150101,2020-03-01,0.1837737009,0.1137299746,1
90011187,A0118150101,2020-04-01,0.1695531010,0.0865173476,1
90011187,A0118150101,2020-05-01,0.1751283049,0.0862886388,1
90011187,A0118150101,2020-07-01,0.1708653659,0.0978804136,1
90011187,A0118150101,2020-08-01,0.1694826609,0.1057757233,1
90011187,A0118150101,2020-09-01,0.2243059628,0.0712380628,1
90011187,A0118150101,2020-11-01,0.2128147219,0.0904090456,1
90011187,A0118150101,2020-12-01,0.2115331941,0.1029710483,1
90011187,A0118150101,2021-01-01,0.1777474708,0.1039262606,1
90011187,A0118150101,2021-03-01,0.2189654533,0.1001357012,1
90011187,A0118150101,2021-04-01,0.1578731944,0.0845819212,1
90011187,A0118150101,2021-05-01,0.2130888902,0.0743361069,1
90011187,A0118150101,2021-07-01,0.1881275907,0.0705473746,1
90011187,A0118150101,2021-08-01,0.1836616617,0.0735093178,1
90011187,A0118150103,2021-09-01,0.2373262326,0.1503576668,1
90011187,A0118150103,2021-11-01,0.2922118294,0.1647083398,1
90011187,A0118150103,2021-12-01,0.2220378409,0.1486076578,1
90011187,A0118150103,2022-01-01,0.2156459263,0.1884302948,1
90011187,A0118150103,2022-03-01,0.2032441436,0.1718356490,1
90011187,A0118150103,2022-04-01,0.2456792991,0.1469517380,1
90011187,A0118150103,2022-05-01,0.2592514663,0.1449286486,1
90011187,A0118150103,2022-07-01,0.2523207456,0.1571775703,1
90011187,A0118150103,2022-08-01,0.2728130630,0.1737426500,1
90011188,A0118150101,2017-10-01,0.1315747997,0.1168905734,1
90011188,A0118150101,2017-11-01,0.1572780377,0.1457671982,1
90011188,A0118150101,2017-12-01,0.1587598041,0.1279897212,1
90011188,A0118150101,2018-02-01,0.1311356087,0.1218926212,1
90011188,A0118150101,2018-03-01,0.1551886103,0.1099889184,1
90011188,A0118150101,2018-04-01,0.1293604564,0.1119434693,1
90011188,A0118150101,2018-06-01,0.1582025018,0.1291673637,1
90011188,A0118150101,2018-07-01,0.1312141737,0.1656593322,1
90011188,A0118150101,2018-08-01,0.1430628376,0.1413988913,1
90011188,A0118150101,2018-10-01,0.1796965652,0.0853611728,1
90011188,A0118150101,2018-11-01,0.1692075375,0.0888925256,1
90011188,A0118150101,2018-12-01,0.1585389481,0.0800398507,1
90011188,A0118150101,2019-02-01,0.1978961845,0.0769796244,1
90011188,A0118150101,2019-03-01,0.1531938811,0.1028602734,1
90011188,A0118150101,2019-04-01,0.1529314851,0.0899116812,1
90011188,A0118150101,2019-06-01,0.1918079970,0.0849444353,1
90011188,A0118150101,2019-07-01,0.1944988509,0.0698561465,1
90011188,A0118150101,2019-08-01,0.2091926486,0.0749024945,1
90011188,A0118150101,2019-10-01,0.2068615875,0.0989043653,1
90011188,A0118150101,2019-11-01,0.1916358064,0.0777975653,1
90011188,A0118150101,2019-12-01,0.2350431702,0.1057586004,1
90011188,A0118150101,2020-02-01,0.1851116590,0.1061504450,1
90011188,A0118150101,2020-03-01,0.1787246552,0.0882913405,1
90011188,A0118150101,2020-04-01,0.2247581939,0.0833128890,1
90011188,A0118150101,2020-06-01,0.1625056108,0.1196507384,1
90011188,A0118150101,2020-07-01,0.2193924258,0.1129986161,1
90011188,A0118150101,2020-08-01,0.2173373825,0.0891559484,1
90011188,A0118150101,2020-10-01,0.1721182287,0.1039614402,1
90011188,A0118150101,2020-11-01,0.1858283729,0.0925337514,1
90011188,A0118150101,2020-12-01,0.1712665222,0.0765159048,1
90011188,A0118150101,2021-02-01,0.1525772887,0.0987852626,1
90011188,A0118150101,2021-03-01,0.1812878645,0.0896172714,1
90011188,A0118150101,2021-04-01,0.1732694443,0.0947591508,1
90011188,A0118150101,2021-06-01,0.1908620061,0.0909993293,1
90011188,A0118150101,2021-07-01,0.2207171056,0.0775798446,1
90011188,A0118150101,2021-08-01,0.1584114388,0.0933482887,1
90011188,A0118150103,2021-10-01,0.2450094149,0.1271253532,1
90011188,A0118150103,2021-11-01,0.2140235100,0.1407013045,1
90011188,A0118150103,2021-12-01,0.2629933977,0.1518852841,1
90011188,A0118150103,2022-02-01,0.2450212105,0.1294513136,1
90011188,A0118150103,2022-03-01,0.2615022960,0.1334044198,1
90011188,A0118150103,2022-04-01,0.2392267776,0.1421555026,1
90011188,A0118150103,2022-06-01,0.2497178543,0.1856440944,1
90011188,A0118150103,2022-07-01,0.2440047238,0.1713698981,1
90011188,A0118150103,2022-08-01,0.2288293569,0.1861151048,1
90011189,A0118150101,2017-09-01,0.1261616700,0.1570399746,1
90011189,A0118150101,2017-10-01,0.1506024606,0.1559527784,1
90011189,A0118150101,2017-11-01,0.1400390763,0.1066216574,1
90011189,A0118150101,2018-01-01,0.1134096461,0.1479373183,1
90011189,A0118150101,2018-02-01,0.1572114563,0.1127850941,1
90011189,A0118150101,2018-03-01,0.1183743648,0.1260792458,1
90011189,A0118150101,2018-05-01,0.1295084264,0.1414326497,1
90011189,A0118150101,2018-06-01,0.1430049211,0.1531152863,1
90011189,A0118150101,2018-07-01,0.1101154112,0.1383813083,1
90011189,A0118150101,2018-09-01,0.1845751710,0.0825577564,1
90011189,A0118150101,2018-10-01,0.1596432527,0.0903341110,1
90011189,A0118150101,2018-11-01,0.2030821854,0.0710088038,1
90011189,A0118150101,2019-01-01,0.1741877510,0.0703434345,1
90011189,A0118150101,2019-02-01,0.1543205606,0.0726215167,1
90011189,A0118150101,2019-03-01,0.1860727340,0.0954227884,1
90011189,A0118150101,2019-05-01,0.1991888859,0.0710707407,1
90011189,A0118150101,2019-06-01,0.1461767718,0.0886772640,1
90011189,A0118150101,2019-07-01,0.2022920361,0.0950313581,1
90011189,A0118150101,2019-09-01,0.2166684288,0.1209326075,1
90011189,A0118150101,2019-10-01,0.2011757747,0.1081154486,1
90011189,A0118150101,2019-11-01,0.1866073092,0.1021048865,1
90011189,A0118150101,2020-01-01,0.2112139175,0.1039381293,1
90011189,A0118150101,2020-02-01,0.2010360037,0.0971999213,1
90011189,A0118150101,2020-03-01,0.2259213685,0.0828498780,1
90011189,A0118150101,2020-05-01,0.1718264310,0.1177249552,1
90011189,A0118150101,2020-06-01,0.2133163577,0.0870685293,1
90011189,A0118150101,2020-07-01,0.1718574318,0.0770317753,1
90011189,A0118150101,2020-09-01,0.2100506024,0.0679183273,1
90011189,A0118150101,2020-10-01,0.2207514301,0.0930262346,1
90011189,A0118150101,2020-11-01,0.1806824455,0.0997071748,1
90011189,A0118150101,2021-01-01,0.1848755296,0.0939638789,1
90011189,A0118150101,2021-02-01,0.1878342434,0.0829410070,1
90011189,A0118150101,2021-03-01,0.1843744462,0.0826550254,1
90011189,A0118150101,2021-05-01,0.2168961326,0.0748126766,1
90011189,A0118150101,2021-06-01,0.1689564200,0.1031267855,1
90011189,A0118150101,2021-07-01,0.1597332719,0.0738292602,1
90011189,A0118150103,2021-09-01,0.2518237954,0.1528559690,1
90011189,A0118150103,2021-10-01,0.2960180155,0.1572368013,1
90011189,A0118150103,2021-11-01,0.2620400947,0.1683058211,1
90011189,A0118150103,2022-01-01,0.2283022910,0.1927951231,1
90011189,A0118150103,2022-02-01,0.2325797279,0.1698918892,1
90011189,A0118150103,2022-03-01,0.2288855519,0.1922268024,1
90011189,A0118150103,2022-05-01,0.2221261134,0.1325915123,1
90011189,A0118150103,2022-06-01,0.2596386942,0.1463896940,1
90011189,A0118150103,2022-07-01,0.2139248565,0.1596260988,1
90011190,A0118150101,2017-09-01,0.1191544083,0.1125820633,1
90011190,A0118150101,2017-10-01,0.1088824415,0.1194186066,1
90011190,A0118150101,2017-12-01,0.1156849248,0.1669804069,1
90011190,A0118150101,2018-01-01,0.1329054116,0.1221736885,1
90011190,A0118150101,2018-02-01,0.1096643934,0.1582980856,1
90011190,A0118150101,2018-04-01,0.1348127023,0.1278119290,1
90011190,A0118150101,2018-05-01,0.1594951896,0.1187169928,1
90011190,A0118150101,2018-06-01,0.1446818705,0.1271367639,1
90011190,A0118150101,2018-08-01,0.1550545996,0.1670412383,1
90011190,A0118150101,2018-09-01,0.1545886180,0.0919748941,1
90011190,A0118150101,2018-10-01,0.1592062294,0.0679919673,1
90011190,A0118150101,2018-12-01,0.1689151200,0.0669110256,1
90011190,A0118150101,2019-01-01,0.1784555704,0.0919244889,1
90011190,A0118150101,2019-02-01,0.1897830962,0.0798914298,1
90011190,A0118150101,2019-04-01,0.1942570599,0.0745143128,1
90011190,A0118150101,2019-05-01,0.1907067569,0.0660563910,1
90011190,A0118150101,2019-06-01,0.1976158116,0.1007834556,1
90011190,A0118150101,2019-08-01,0.1482347729,0.0900781057,1
90011190,A0118150101,2019-09-01,0.2004573683,0.0802411351,1
90011190,A0118150101,2019-10-01,0.1821577604,0.1146443711,1
90011190,A0118150101,2019-12-01,0.2057301884,0.1186964206,1
90011190,A0118150101,2020-01-01,0.1970080487,0.0970086108,1
90011190,A0118150101,2020-02-01,0.2225534529,0.0831059883,1
90011190,A0118150101,2020-04-01,0.1912046397,0.0817817577,1
90011190,A0118150101,2020-05-01,0.1656772794,0.0889325599,1
90011190,A0118150101,2020-06-01,0.1699285016,0.0845391649,1
90011190,A0118150101,2020-08-01,0.1693837679,0.0838486558,1
90011190,A0118150101,2020-09-01,0.1584340231,0.0756444048,1
90011190,A0118150101,2020-10-01,0.2012414661,0.0717706995,1
90011190,A0118150101,2020-12-01,0.2028544263,0.0795623869,1
90011190,A0118150101,2021-01-01,0.2006735933,0.0797109777,1
90011190,A0118150101,2021-02-01,0.1948979276,0.0749281728,1
90011190,A0118150101,2021-04-01,0.1534760681,0.0759378697,1
90011190,A0118150101,2021-05-01,0.1977014379,0.0721593428,1
90011190,A0118150101,2021-06-01,0.1801112444,0.0842255437,1
90011190,A0118150101,2021-08-01,0.1938238710,0.1009876147,1
90011190,A0118150103,2021-09-01,0.2785151434,0.1392591781,1
90011190,A0118150103,2021-10-01,0.2198247657,0.1262029017,1
90011190,A0118150103,2021-12-01,0.2204704759,0.1597054980,1
90011190,A0118150103,2022-01-01,0.2090750752,0.1766225626,1
90011190,A0118150103,2022-02-01,0.2418839142,0.1654966353,1
90011190,A0118150103,2022-04-01,0.2237763937,0.1586932415,1
90011190,A0118150103,2022-05-01,0.2440816990,0.1665647795,1
90011190,A0118150103,2022-06-01,0.2084167630,0.1467670022,1
90011190,A0118150103,2022-08-01,0.2536692701,0.1416039848,1
90011191,A0118150101,2017-09-01,0.1322348750,0.1356396048,1
90011191,A0118150101,2017-11-01,0.1183928355,0.1562467641,1
90011191,A0118150101,2017-12-01,0.1203634372,0.1551194320,1
90011191,A0118150101,2018-01-01,0.1350232594,0.1326671258,1
90011191,A0118150101,2018-03-01,0.1331251617,0.1461441507,1
90011191,A0118150101,2018-04-01,0.1117243816,0.1061219153,1
90011191,A0118150101,2018-05-01,0.1396060147,0.1487114900,1
90011191,A0118150101,2018-07-01,0.1613994926,0.1237947285,1
90011191,A0118150101,2018-08-01,0.1455325344,0.1125772242,1
90011191,A0118150101,2018-09-01,0.1605824434,0.1010729583,1
90011191,A0118150101,2018-11-01,0.1487260256,0.0871220325,1
90011191,A0118150101,2018-12-01,0.1543259706,0.0919213707,1
90011191,A0118150101,2019-01-01,0.1719812324,0.0712861836,1
90011191,A0118150101,2019-03-01,0.1882743544,0.0892123270,1
90011191,A0118150101,2019-04-01,0.2007398429,0.1026658901,1
90011191,A0118150101,2019-05-01,0.1839632974,0.0670127748,1
90011191,A0118150101,2019-07-01,0.1529462964,0.0951833837,1
90011191,A0118150101,2019-08-01,0.1688913941,0.0835819519,1
90011191,A0118150101,2019-09-01,0.2018039110,0.0939194168,1
90011191,A0118150101,2019-11-01,0.1864008552,0.1068617312,1
90011191,A0118150101,2019-12-01,0.2152076896,0.1102416260,1
90011191,A0118150101,2020-01-01,0.2189634465,0.1112616890,1
90011191,A0118150101,2020-03-01,0.1643738792,0.1022460640,1
90011191,A0118150101,2020-04-01,0.2051079249,0.0890208478,1
90011191,A0118150101,2020-05-01,0.1590766246,0.0900761134,1
90011191,A0118150101,2020-07-01,0.1713490794,0.0826858913,1
90011191,A0118150101,2020-08-01,0.1957893244,0.1051358996,1
90011191,A0118150101,2020-09-01,0.1703093841,0.0865464772,1
90011191,A0118150101,2020-11-01,0.2086608884,0.0665802233,1
90011191,A0118150101,2020-12-01,0.2069086637,0.0739967562,1
90011191,A0118150101,2021-01-01,0.2077462425,0.0943810542,1
90011191,A0118150101,2021-03-01,0.1764143824,0.0747595646,1
90011191,A0118150101,2021-04-01,0.1723287561,0.0676869874,1
90011191,A0118150101,2021-05-01,0.1668218990,0.0794254602,1
90011191,A0118150101,2021-07-01,0.2026170298,0.0964330215,1
90011191,A0118150101,2021-08-01,0.2080075705,0.0721402036,1
90011191,A0118150103,2021-09-01,0.2982855231,0.1372463735,1
90011191,A0118150103,2021-11-01,0.2122130669,0.1929518856,1
90011191,A0118150103,2021-12-01,0.2976601422,0.1297640224,1
90011191,A0118150103,2022-01-01,0.2185133532,0.1563099049,1
90011191,A0118150103,2022-03-01,0.2088775976,0.1364048533,1
90011191,A0118150103,2022-04-01,0.2450124371,0.1485790830,1
90011191,A0118150103,2022-05-01,0.2014660809,0.1725411018,1
90011191,A0118150103,2022-07-01,0.2859564808,0.1525142257,1
90011191,A0118150103,2022-08-01,0.2548086402,0.1781777588,1
90011192,A0118150101,2017-10-01,0.1422122416,0.1188944090,1
90011192,A0118150101,2017-11-01,0.1412494005,0.1458142714,1
90011192,A0118150101,2017-12-01,0.1340392777,0.1555221002,1
90011192,A0118150101,2018-02-01,0.1389958131,0.1436920168,1
90011192,A0118150101,2018-03-01,0.1478621937,0.1387091187,1
90011192,A0118150101,2018-04-01,0.1279779580,0.1324182736,1
90011192,A0118150101,2018-06-01,0.1243189515,0.1077902741,1
90011192,A0118150101,2018-07-01,0.1329713472,0.1243602575,1
90011192,A0118150101,2018-08-01,0.1512997174,0.1432341736,1
90011192,A0118150101,2018-10-01,0.1722434357,0.0711338432,1
90011192,A0118150101,2018-11-01,0.2072840661,0.1006596301,1
90011192,A0118150101,2018-12-01,0.2088461638,0.0983804989,1
90011192,A0118150101,2019-02-01,0.1680894464,0.0854440692,1
90011192,A0118150101,2019-03-01,0.1583270388,0.0778882136,1
90011192,A0118150101,2019-04-01,0.1538854970,0.0933484082,1
90011192,A0118150101,2019-06-01,0.1813356151,0.1024420335,1
90011192,A0118150101,2019-07-01,0.1756569097,0.1029546367,1
90011192,A0118150101,2019-08-01,0.1690146936,0.0762514515,1
90011192,A0118150101,2019-10-01,0.1970177260,0.1191637365,1
90011192,A0118150101,2019-11-01,0.2100930969,0.1098826381,1
90011192,A0118150101,2019-12-01,0.1646311533,0.1173323223,1
90011192,A0118150101,2020-02-01,0.2344290756,0.1174860058,1
90011192,A0118150101,2020-03-01,0.2315784075,0.1211018681,1
90011192,A0118150101,2020-04-01,0.1639759028,0.0941382923,1
90011192,A0118150101,2020-06-01,0.2344914141,0.1122909169,1
90011192,A0118150101,2020-07-01,0.2087278414,0.1045439731,1
90011192,A0118150101,2020-08-01,0.2115572359,0.0787443235,1
90011192,A0118150101,2020-10-01,0.1837655089,0.0973746702,1
90011192,A0118150101,2020-11-01,0.1970648157,0.0789920107,1
90011192,A0118150101,2020-12-01,0.1617303147,0.0975904991,1
90011192,A0118150101,2021-02-01,0.1641145662,0.0961302627,1
90011192,A0118150101,2021-03-01,0.2054967466,0.0932297321,1
90011192,A0118150101,2021-04-01,0.2082609361,0.0693307597,1
90011192,A0118150101,2021-06-01,0.2169142530,0.0841153281,1
90011192,A0118150101,2021-07-01,0.2080107855,0.0965402272,1
90011192,A0118150101,2021-08-01,0.1981397978,0.0918311459,1
90011192,A0118150103,2021-10-01,0.2283869088,0.1793295228,1
90011192,A0118150103,2021-11-01,0.2913915074,0.1632370279,1
90011192,A0118150103,2021-12-01,0.2776216148,0.1364373037,1
90011192,A0118150103,2022-02-01,0.2414208823,0.1659352622,1
90011192,A0118150103,2022-03-01,0.2099896635,0.1830710406,1
90011192,A0118150103,2022-04-01,0.2273930276,0.1590293735,1
90011192,A0118150103,2022-06-01,0.2625258320,0.1487435767,1
90011192,A0118150103,2022-07-01,0.2457768294,0.1379755515,1
90011192,A0118150103,2022-08-01,0.2246925970,0.1540375206,1
90012033,A0118150101,2018-09-01,0.2962847685,0.0984186685,1
90012033,A0118150101,2018-10-01,0.3038926372,0.1069888341,1
90012033,A0118150101,2018-11-01,0.2529495157,0.0873721970,1
90012033,A0118150101,2019-01-01,0.2328773742,0.1017444337,1
90012033,A0118150101,2019-02-01,0.2431503376,0.0788321006,1
90012033,A0118150101,2019-03-01,0.2717322371,0.0807507089,1
90012033,A0118150101,2019-05-01,0.3143633601,0.0868856139,1
90012033,A0118150101,2019-06-01,0.2259926618,0.0942602968,1
90012033,A0118150101,2019-07-01,0.2973552833,0.0821563247,1
90012033,A0118150101,2019-09-01,0.2227876624,0.1240587538,1
90012033,A0118150101,2019-10-01,0.2089268435,0.0920046516,1
90012033,A0118150101,2019-11-01,0.2069145877,0.1273654742,1
90012033,A0118150101,2020-01-01,0.2764858052,0.0891571610,1
90012033,A0118150101,2020-02-01,0.2186469319,0.1037465523,1
90012033,A0118150101,2020-03-01,0.2011878667,0.1304839283,1
90012033,A0118150101,2020-05-01,0.2660338991,0.0899581413,1
90012033,A0118150101,2020-06-01,0.2716829682,0.1064990108,1
90012033,A0118150101,2020-07-01,0.2733573465,0.1301044815,1
90012033,A0118150101,2020-09-01,0.2350509446,0.1860269784,1
90012033,A0118150101,2020-10-01,0.3050747312,0.1572525668,1
90012033,A0118150101,2020-11-01,0.2322826691,0.1357691824,1
90012033,A0118150101,2021-01-01,0.3093774604,0.1884434997,1
90012033,A0118150101,2021-02-01,0.2444280210,0.1720259192,1
90012033,A0118150101,2021-03-01,0.2891811923,0.1589202002,1
90012033,A0118150101,2021-05-01,0.2687228481,0.1768158640,1
90012033,A0118150101,2021-06-01,0.2451810996,0.1938194595,1
90012033,A0118150101,2021-07-01,0.2946818277,0.1941655414,1
90012033,A0118150103,2021-09-01,0.3196866554,0.1261166488,1
90012033,A0118150103,2021-10-01,0.3376262856,0.1340447784,1
90012033,A0118150103,2021-11-01,0.3459747241,0.1642686299,1
90012033,A0118150103,2022-01-01,0.2713819262,0.1340521463,1
90012033,A0118150103,2022-02-01,0.2518559119,0.1621638623,1
90012033,A0118150103,2022-03-01,0.3332637895,0.1552025599,1
90012033,A0118150103,2022-05-01,0.3193008258,0.1546210238,1
90012033,A0118150103,2022-06-01,0.3015635058,0.1551234888,1
90012033,A0118150103,2022-07-01,0.2840606798,0.1705076961,1
90012034,A0118150102,2017-12-01,0.0000000000,0.0000000000,1
90012034,A0118150101,2018-09-01,0.2499029861,0.0740416938,1
90012034,A0118150101,2018-10-01,0.2620452242,0.0975262727,1
90012034,A0118150101,2018-12-01,0.2668100037,0.0884374984,1
90012034,A0118150101,2019-01-01,0.2596181816,0.1046085893,1
90012034,A0118150101,2019-02-01,0.2822949903,0.0851366082,1
90012034,A0118150101,2019-04-01,0.2319146044,0.0710174970,1
90012034,A0118150101,2019-05-01,0.2790617651,0.0997753257,1
90012034,A0118150101,2019-06-01,0.3090790540,0.0963716635,1
90012034,A0118150101,2019-08-01,0.2783843927,0.0997242805,1
90012034,A0118150101,2019-09-01,0.2114218256,0.1023947137,1
90012034,A0118150101,2019-10-01,0.2469204492,0.1193160175,1
90012034,A0118150101,2019-12-01,0.2541404378,0.0909680971,1
90012034,A0118150101,2020-01-01,0.2701378896,0.1208017349,1
90012034,A0118150101,2020-02-01,0.2115744410,0.1254595422,1
90012034,A0118150101,2020-04-01,0.2125848619,0.1074699596,1
90012034,A0118150101,2020-05-01,0.2518492791,0.1066496447,1
90012034,A0118150101,2020-06-01,0.2261389681,0.1209369990,1
90012034,A0118150101,2020-08-01,0.2801391657,0.1179424668,1
90012034,A0118150101,2020-09-01,0.3145099748,0.1760281312,1
90012034,A0118150101,2020-10-01,0.3021373569,0.1969551890,1
90012034,A0118150101,2020-12-01,0.3312015382,0.1935299992,1
90012034,A0118150101,2021-01-01,0.2760844178,0.1338659434,1
90012034,A0118150101,2021-02-01,0.2429718716,0.1744510679,1
90012034,A0118150101,2021-04-01,0.2747486973,0.1591120870,1
90012034,A0118150101,2021-05-01,0.2760523796,0.1897863485,1
90012034,A0118150101,2021-06-01,0.2680508941,0.1310172464,1
90012034,A0118150101,2021-08-01,0.3037545761,0.1550357816,1
90012034,A0118150103,2021-09-01,0.2936672408,0.1381493064,1
90012034,A0118150103,2021-10-01,0.2447908237,0.1764968798,1
90012034,A0118150103,2021-12-01,0.2338723449,0.1761871605,1
90012034,A0118150103,2022-01-01,0.2953624790,0.1531903150,1
90012034,A0118150103,2022-02-01,0.2689005935,0.1820881066,1
90012034,A0118150103,2022-04-01,0.3368158481,0.1249062639,1
90012034,A0118150103,2022-05-01,0.3383157641,0.1551003249,1
90012034,A0118150103,2022-06-01,0.2799631180,0.1654182052,1
90012034,A0118150103,2022-08-01,0.2352203497,0.1437381978,1
90012035,A0118150102,2017-12-01,0.0000000000,0.0000000000,1
90012035,A0118150101,2018-09-01,0.2469179852,0.0744605198,1
90012035,A0118150101,2018-11-01,0.2177623445,0.1051171581,1
90012035,A0118150101,2018-12-01,0.2931780997,0.0765885195,1
90012035,A0118150101,2019-01-01,0.2517791576,0.1013424392,1
90012035,A0118150101,2019-03-01,0.2495681506,0.0721315556,1
90012035,A0118150101,2019-04-01,0.2126534378,0.0804055576,1
90012035,A0118150101,2019-05-01,0.2636730698,0.0820180058,1
90012035,A0118150101,2019-07-01,0.2686222518,0.0829208879,1
90012035,A0118150101,2019-08-01,0.2499698561,0.1032913447,1
90012035,A0118150101,2019-09-01,0.2464567446,0.1018740769,1
90012035,A0118150101,2019-11-01,0.2062936801,0.1033272882,1
90012035,A0118150101,2019-12-01,0.2031796749,0.0868488327,1
90012035,A0118150101,2020-01-01,0.2781877910,0.1330583340,1
90012035,A0118150101,2020-03-01,0.2232424159,0.1055021567,1
90012035,A0118150101,2020-04-01,0.2413668302,0.0952762628,1
90012035,A0118150101,2020-05-01,0.1954620617,0.1280608257,1
90012035,A0118150101,2020-07-01,0.2043107990,0.0880497887,1
90012035,A0118150101,2020-08-01,0.2729737174,0.0935127964,1
90012035,A0118150101,2020-09-01,0.2355041150,0.1299910130,1
90012035,A0118150101,2020-11-01,0.2366795364,0.1448174644,1
90012035,A0118150101,2020-12-01,0.2543396218,0.1279640903,1
90012035,A0118150101,2021-01-01,0.3315691673,0.1896639243,1
90012035,A0118150101,2021-03-01,0.2753782055,0.1697787088,1
90012035,A0118150101,2021-04-01,0.3322339915,0.1290066319,1
90012035,A0118150101,2021-05-01,0.2799198035,0.1819751672,1
90012035,A0118150101,2021-07-01,0.2742541743,0.1577631437,1
90012035,A0118150101,2021-08-01,0.2691509388,0.1429431957,1
90012035,A0118150103,2021-09-01,0.2367290649,0.1278227972,1
90012035,A0118150103,2021-11-01,0.2742799536,0.1516765219,1
90012035,A0118150103,2021-12-01,0.3410491151,0.1177764084,1
90012035,A0118150103,2022-01-01,0.2391543875,0.1356835658,1
90012035,A0118150103,2022-03-01,0.3257883022,0.1260340883,1
90012035,A0118150103,2022-04-01,0.2338984102,0.1794846493,1
90012035,A0118150103,2022-05-01,0.2809892520,0.1252375352,1
90012035,A0118150103,2022-07-01,0.2877943340,0.1524398091,1
90012035,A0118150103,2022-08-01,0.2390097229,0.1601626412,1
90012036,A0118150102,2017-12-01,0.0000000000,0.0000000000,1
90012036,A0118150101,2018-10-01,0.2366671269,0.0953243194,1
90012036,A0118150101,2018-11-01,0.2248434786,0.0703687066,1
90012036,A0118150101,2018-12-01,0.2624470831,0.0783414005,1
90012036,A0118150101,2019-02-01,0.2843923339,0.0691094702,1
90012036,A0118150101,2019-03-01,0.2633084582,0.1041796142,1
90012036,A0118150101,2019-04-01,0.2734587631,0.0987360924,1
90012036,A0118150101,2019-06-01,0.3043620396,0.0888716460,1
90012036,A0118150101,2019-07-01,0.2674778092,0.0791663488,1
90012036,A0118150101,2019-08-01,0.3116043314,0.0978504316,1
90012036,A0118150101,2019-10-01,0.2295584356,0.1281888384,1
90012036,A0118150101,2019-11-01,0.2233647215,0.1249939417,1
90012036,A0118150101,2019-12-01,0.2151232832,0.1194126488,1
90012036,A0118150101,2020-02-01,0.2025247670,0.1027068397,1
90012036,A0118150101,2020-03-01,0.2897530207,0.0997151304,1
90012036,A0118150101,2020-04-01,0.2404401926,0.1056711978,1
90012036,A0118150101,2020-06-01,0.2767066120,0.0950879586,1
90012036,A0118150101,2020-07-01,0.2617006145,0.0969382705,1
90012036,A0118150101,2020-08-01,0.2032354953,0.1177647642,1
90012036,A0118150101,2020-10-01,0.2848295469,0.2010174373,1
90012036,A0118150101,2020-11-01,0.2903389838,0.1659904825,1
90012036,A0118150101,2020-12-01,0.2710564853,0.1403844045,1
90012036,A0118150101,2021-02-01,0.3325087046,0.1552784280,1
90012036,A0118150101,2021-03-01,0.2629054618,0.1311248868,1
90012036,A0118150101,2021-04-01,0.3216355642,0.1555214004,1
90012036,A0118150101,2021-06-01,0.2905133698,0.1734301723,1
90012036,A0118150101,2021-07-01,0.2372837770,0.1464403172,1
90012036,A0118150101,2021-08-01,0.2776883078,0.1847758794,1
90012036,A0118150103,2021-10-01,0.2966693950,0.1267244847,1
90012036,A0118150103,2021-11-01,0.2840332945,0.1748753876,1
90012036,A0118150103,2021-12-01,0.3384322130,0.1278829070,1
90012036,A0118150103,2022-02-01,0.2333932535,0.1772385541,1
90012036,A0118150103,2022-03-01,0.2558353792,0.1387005272,1
90012036,A0118150103,2022-04-01,0.3202678395,0.1748314866,1
90012036,A0118150103,2022-06-01,0.3250692402,0.1192992573,1
90012036,A0118150103,2022-07-01,0.2645637798,0.1303998331,1
90012036,A0118150103,2022-08-01,0.2667622365,0.1638759521,1
90012037,A0118150101,2018-09-01,0.3018142911,0.1072436869,1
90012037,A0118150101,2018-10-01,0.2955141532,0.0792142070,1
90012037,A0118150101,2018-11-01,0.2679246424,0.0735943292,1
90012037,A0118150101,2019-01-01,0.2994995205,0.0737177038,1
90012037,A0118150101,2019-02-01,0.2275298723,0.0759785226,1
90012037,A0118150101,2019-03-01,0.2242655048,0.0958448720,1
90012037,A0118150101,2019-05-01,0.2526953865,0.0682711932,1
90012037,A0118150101,2019-06-01,0.2821489032,0.1053364968,1
90012037,A0118150101,2019-07-01,0.2103079275,0.0867270547,1
90012037,A0118150101,2019-09-01,0.2903131241,0.0988520614,1
90012037,A0118150101,2019-10-01,0.2461983204,0.1175397269,1
90012037,A0118150101,2019-11-01,0.2119375890,0.0991309700,1
90012037,A0118150101,2020-01-01,0.2252451563,0.1068906765,1
90012037,A0118150101,2020-02-01,0.2880167248,0.0885472478,1
90012037,A0118150101,2020-03-01,0.2698759700,0.0956501080,1
90012037,A0118150101,2020-05-01,0.2670311263,0.1322677279,1
90012037,A0118150101,2020-06-01,0.2715049902,0.1307013132,1
90012037,A0118150101,2020-07-01,0.2335535568,0.0889196538,1
90012037,A0118150101,2020-09-01,0.2799714897,0.1980200496,1
90012037,A0118150101,2020-10-01,0.2653955933,0.1403890327,1
90012037,A0118150101,2020-11-01,0.3046840956,0.1639386483,1
90012037,A0118150101,2021-01-01,0.2730651030,0.1621204475,1
90012037,A0118150101,2021-02-01,0.2976215977,0.1979188810,1
90012037,A0118150101,2021-03-01,0.2632530126,0.1644922803,1
90012037,A0118150101,2021-05-01,0.2690034265,0.1763632274,1
90012037,A0118150101,2021-06-01,0.3248773855,0.1527108336,1
90012037,A0118150101,2021-07-01,0.2718132265,0.1593109938,1
90012037,A0118150103,2021-09-01,0.2989797067,0.1732186835,1
90012037,A0118150103,2021-10-01,0.2509103217,0.1783603857,1
90012037,A0118150103,2021-11-01,0.3401717481,0.1246388436,1
90012037,A0118150103,2022-01-01,0.3003710520,0.1536087951,1
90012037,A0118150103,2022-02-01,0.3149323596,0.1511520936,1
90012037,A0118150103,2022-03-01,0.2519989808,0.1577359931,1
90012037,A0118150103,2022-05-01,0.3233590592,0.1837290477,1
90012037,A0118150103,2022-06-01,0.2487156632,0.1846863205,1
90012037,A0118150103,2022-07-01,0.3367880302,0.1773197167,1
90012038,A0118150102,2017-12-01,0.0000000000,0.0000000000,1
90012038,A0118150101,2018-09-01,0.2801447318,0.0751352864,1
90012038,A0118150101,2018-10-01,0.2223025311,0.1009742369,1
90012038,A0118150101,2018-12-01,0.3024911339,0.0964789668,1
90012038,A0118150101,2019-01-01,0.2558403282,0.0838811961,1
90012038,A0118150101,2019-02-01,0.2920909911,0.0798018169,1
90012038,A0118150101,2019-04-01,0.2436646603,0.0965655979,1
90012038,A0118150101,2019-05-01,0.2880431510,0.0821878184,1
90012038,A0118150101,2019-06-01,0.2722931532,0.0786919579,1
90012038,A0118150101,2019-08-01,0.2770371780,0.0743551821,1
90012038,A0118150101,2019-09-01,0.2887768274,0.1196661172,1
90012038,A0118150101,2019-10-01,0.2063609854,0.1157334115,1
90012038,A0118150101,2019-12-01,0.2559073803,0.1332586996,1
90012038,A0118150101,2020-01-01,0.2365398529,0.0863817675,1
90012038,A0118150101,2020-02-01,0.1946701106,0.0950795477,1
90012038,A0118150101,2020-04-01,0.2509308986,0.1125758885,1
90012038,A0118150101,2020-05-01,0.2208567578,0.1328051071,1
90012038,A0118150101,2020-06-01,0.2531167486,0.1353941279,1
90012038,A0118150101,2020-08-01,0.2251970638,0.1335981152,1
90012038,A0118150101,2020-09-01,0.2930643880,0.1961507519,1
90012038,A0118150101,2020-10-01,0.2893960525,0.1887054039,1
90012038,A0118150101,2020-12-01,0.2497656093,0.1665048541,1
90012038,A0118150101,2021-01-01,0.3399488165,0.1444884206,1
90012038,A0118150101,2021-02-01,0.2666750236,0.1697470075,1
90012038,A0118150101,2021-04-01,0.2770469673,0.1297470126,1
90012038,A0118150101,2021-05-01,0.3278717989,0.1846433734,1
90012038,A0118150101,2021-06-01,0.2495187973,0.1598093844,1
90012038,A0118150101,2021-08-01,0.2324989130,0.1419056602,1
90012038,A0118150103,2021-09-01,0.2964121339,0.1316134911,1
90012038,A0118150103,2021-10-01,0.2883181262,0.1753090171,1
90012038,A0118150103,2021-12-01,0.2867564031,0.1493257129,1
90012038,A0118150103,2022-01-01,0.3374596822,0.1331489622,1
90012038,A0118150103,2022-02-01,0.2851828471,0.1348291229,1
90012038,A0118150103,2022-04-01,0.2530961586,0.1625089980,1
90012038,A0118150103,2022-05-01,0.2457601584,0.1276451716,1
90012038,A0118150103,2022-06-01,0.2411277249,0.1699357447,1
90012038,A0118150103,2022-08-01,0.3080209629,0.1707535861,1
90012039,A0118150102,2017-12-01,0.0000000000,0.0000000000,1
90012039,A0118150101,2018-09-01,0.2423394814,0.0715082860,1
90012039,A0118150101,2018-11-01,0.2252976542,0.0765875527,1
90012039,A0118150101,2018-12-01,0.3143521157,0.0790283321,1
90012039,A0118150101,2019-01-01,0.2837675357,0.0907231258,1
90012039,A0118150101,2019-03-01,0.2858978076,0.0836438399,1
90012039,A0118150101,2019-04-01,0.2495806783,0.0867801268,1
90012039,A0118150101,2019-05-01,0.2826084956,0.1035285576,1
90012039,A0118150101,2019-07-01,0.3046196438,0.0722267322,1
90012039,A0118150101,2019-08-01,0.2683915085,0.0871197635,1
90012039,A0118150101,2019-09-01,0.2625601192,0.0878466221,1
90012039,A0118150101,2019-11-01,0.2830860812,0.1323544142,1
90012039,A0118150101,2019-12-01,0.2588590500,0.1267103096,1
90012039,A0118150101,2020-01-01,0.2651547201,0.0960755250,1
90012039,A0118150101,2020-03-01,0.2204560826,0.0864639266,1
90012039,A0118150101,2020-04-01,0.2132220961,0.1205701034,1
90012039,A0118150101,2020-05-01,0.1962635063,0.1104682758,1
90012039,A0118150101,2020-07-01,0.2094686806,0.0975190144,1
90012039,A0118150101,2020-08-01,0.2860913215,0.0962573717,1
90012039,A0118150101,2020-09-01,0.2639241065,0.1587496875,1
90012039,A0118150101,2020-11-01,0.3086720021,0.1434916955,1
90012039,A0118150101,2020-12-01,0.2658395118,0.1702282446,1
90012039,A0118150101,2021-01-01,0.3045191545,0.1418383275,1
90012039,A0118150101,2021-03-01,0.3454653972,0.1984068411,1
90012039,A0118150101,2021-04-01,0.2467504104,0.1346195266,1
90012039,A0118150101,2021-05-01,0.3264961640,0.1972865188,1
90012039,A0118150101,2021-07-01,0.3226187365,0.1586749165,1
90012039,A0118150101,2021-08-01,0.3403814412,0.1850671077,1
90012039,A0118150103,2021-09-01,0.3165047085,0.1184320620,1
90012039,A0118150103,2021-11-01,0.2327657959,0.1666937933,1
90012039,A0118150103,2021-12-01,0.2666629258,0.1247723916,1
90012039,A0118150103,2022-01-01,0.2517311858,0.1253299278,1
90012039,A0118150103,2022-03-01,0.2611019664,0.1279097867,1
90012039,A0118150103,2022-04-01,0.3354200140,0.1267792726,1
90012039,A0118150103,2022-05-01,0.3200772751,0.1462188917,1
90012039,A0118150103,2022-07-01,0.2611203111,0.1249133362,1
90012039,A0118150103,2022-08-01,0.3221794722,0.1380469477,1
90012040,A0118150102,2017-12-01,0.0000000000,0.0000000000,1
90012040,A0118150101,2018-10-01,0.3070775650,0.1008556313,1
90012040,A0118150101,2018-11-01,0.3045068463,0.0748794945,1
90012040,A0118150101,2018-12-01,0.3106576391,0.0933775743,1
90012040,A0118150101,2019-02-01,0.2131292803,0.0962473866,1
90012040,A0118150101,2019-03-01,0.2490110254,0.0998608417,1
90012040,A0118150101,2019-04-01,0.2680420028,0.0806514103,1
90012040,A0118150101,2019-06-01,0.2704664901,0.0992066216,1
90012040,A0118150101,2019-07-01,0.2809533240,0.0954285053,1
90012040,A0118150101,2019-08-01,0.2303288765,0.0865937694,1
90012040,A0118150101,2019-10-01,0.2349187122,0.1280352480,1
90012040,A0118150101,2019-11-01,0.2271682201,0.1138409865,1
90012040,A0118150101,2019-12-01,0.1992019601,0.0870094239,1
90012040,A0118150101,2020-02-01,0.2680220929,0.0912993257,1
90012040,A0118150101,2020-03-01,0.2404888374,0.1195928281,1
90012040,A0118150101,2020-04-01,0.2806287308,0.1300842071,1
90012040,A0118150101,2020-06-01,0.2129109815,0.1072325913,1
90012040,A0118150101,2020-07-01,0.2403994421,0.1225071717,1
90012040,A0118150101,2020-08-01,0.2120463171,0.1265902793,1
90012040,A0118150101,2020-10-01,0.2472635541,0.1687974938,1
90012040,A0118150101,2020-11-01,0.3047514274,0.1585623810,1
90012040,A0118150101,2020-12-01,0.2780760007,0.1455522645,1
90012040,A0118150101,2021-02-01,0.3098379588,0.1835945549,1
90012040,A0118150101,2021-03-01,0.2582279070,0.1953127613,1
90012040,A0118150101,2021-04-01,0.3406070323,0.1629594357,1
90012040,A0118150101,2021-06-01,0.3442437493,0.1389207470,1
90012040,A0118150101,2021-07-01,0.2792687679,0.1596622013,1
90012040,A0118150101,2021-08-01,0.2714396536,0.1717063888,1
90012040,A0118150103,2021-10-01,0.2575923665,0.1817446756,1
90012040,A0118150103,2021-11-01,0.3341196761,0.1663846870,1
90012040,A0118150103,2021-12-01,0.2566211362,0.1378198074,1
90012040,A0118150103,2022-02-01,0.3443816075,0.1532308769,1
90012040,A0118150103,2022-03-01,0.2828734015,0.1728375076,1
90012040,A0118150103,2022-04-01,0.2868930934,0.1375081384,1
90012040,A0118150103,2022-06-01,0.2675851464,0.1743037672,1
90012040,A0118150103,2022-07-01,0.2984013153,0.1828775604,1
90012040,A0118150103,2022-08-01,0.2372177153,0.1350234379,1
90012041,A0118150101,2018-09-01,0.2414454398,0.0715285145,1
90012041,A0118150101,2018-10-01,0.2978616181,0.1065208929,1
90012041,A0118150101,2018-11-01,0.3001705625,0.0816625336,1
90012041,A0118150101,2019-01-01,0.2833696974,0.0957928799,1
90012041,A0118150101,2019-02-01,0.2928282807,0.0870496723,1
90012041,A0118150101,2019-03-01,0.3089649589,0.0833271585,1
90012041,A0118150101,2019-05-01,0.2716498674,0.0845820526,1
90012041,A0118150101,2019-06-01,0.2554298572,0.1056448267,1
90012041,A0118150101,2019-07-01,0.2940271456,0.0719563850,1
90012041,A0118150101,2019-09-01,0.2722553782,0.1282743295,1
90012041,A0118150101,2019-10-01,0.2334427669,0.1310402272,1
90012041,A0118150101,2019-11-01,0.2339811171,0.1005918412,1
90012041,A0118150101,2020-01-01,0.2163130119,0.1133421129,1
90012041,A0118150101,2020-02-01,0.2469377246,0.1139104240,1
90012041,A0118150101,2020-03-01,0.2631936048,0.1165524539,1
90012041,A0118150101,2020-05-01,0.2282358917,0.0861580325,1
90012041,A0118150101,2020-06-01,0.2344730300,0.1164031886,1
90012041,A0118150101,2020-07-01,0.2803128140,0.0880427381,1
90012041,A0118150101,2020-09-01,0.3108922790,0.1417033958,1
90012041,A0118150101,2020-10-01,0.3276678264,0.1483908221,1
90012041,A0118150101,2020-11-01,0.2359109662,0.1509705358,1
90012041,A0118150101,2021-01-01,0.3421543602,0.1601148218,1
90012041,A0118150101,2021-02-01,0.3011995518,0.1577113578,1
90012041,A0118150101,2021-03-01,0.2572251701,0.1621857730,1
90012041,A0118150101,2021-05-01,0.3047188172,0.1955181902,1
90012041,A0118150101,2021-06-01,0.3188578077,0.1455740771,1
90012041,A0118150101,2021-07-01,0.2554540067,0.1826182633,1
90012041,A0118150103,2021-09-01,0.2385321178,0.1684247016,1
90012041,A0118150103,2021-10-01,0.2868920555,0.1819131843,1
90012041,A0118150103,2021-11-01,0.2656730797,0.1393596986,1
90012041,A0118150103,2022-01-01,0.3155181594,0.1585855507,1
90012041,A0118150103,2022-02-01,0.3026765672,0.1249265056,1
90012041,A0118150103,2022-03-01,0.3023846477,0.1511555841,1
90012041,A0118150103,2022-05-01,0.2737132991,0.1569075475,1
90012041,A0118150103,2022-06-01,0.2908779785,0.1454316337,1
90012041,A0118150103,2022-07-01,0.2988440839,0.1690809352,1
90013116,A0118150101,2017-10-01,0.2229913697,0.1225215736,1
90013116,A0118150101,2017-11-01,0.2381411829,0.1445959152,1
90013116,A0118150101,2017-12-01,0.1822986023,0.1333651859,1
90013116,A0118150101,2018-02-01,0.2202228751,0.1303045030,1
90013116,A0118150101,2018-03-01,0.1840217158,0.1602099957,1
90013116,A0118150101,2018-04-01,0.2592478780,0.1103125146,1
90013116,A0118150101,2018-06-01,0.2021125256,0.1508229956,1
90013116,A0118150101,2018-07-01,0.1951440008,0.1076915960,1
90013116,A0118150101,2018-08-01,0.2475263171,0.1095092626,1
90013116,A0118150101,2018-10-01,0.1314820214,0.1050334757,1
90013116,A0118150101,2018-11-01,0.1418192815,0.1514370376,1
90013116,A0118150101,2018-12-01,0.1115610014,0.1435325945,1
90013116,A0118150101,2019-02-01,0.1385920555,0.1259473312,1
90013116,A0118150101,2019-03-01,0.1310899678,0.1328717552,1
90013116,A0118150101,2019-04-01,0.1090473702,0.1543067084,1
90013116,A0118150101,2019-06-01,0.1240734932,0.1508052298,1
90013116,A0118150101,2019-07-01,0.1110771014,0.1387363712,1
90013116,A0118150101,2019-08-01,0.1478433937,0.1089241350,1
90013116,A0118150101,2019-10-01,0.3362624033,0.1264171232,1
90013116,A0118150101,2019-11-01,0.3044060885,0.1210533034,1
90013116,A0118150101,2019-12-01,0.3213593119,0.1642829016,1
90013116,A0118150101,2020-02-01,0.2938483216,0.1203281079,1
90013116,A0118150101,2020-03-01,0.2549106764,0.1270812340,1
90013116,A0118150101,2020-04-01,0.2587595513,0.1391897807,1
90013116,A0118150101,2020-06-01,0.2865529727,0.1224531050,1
90013116,A0118150101,2020-07-01,0.2520706097,0.1643218304,1
90013116,A0118150101,2020-08-01,0.3148170266,0.1663444751,1
90013116,A0118150101,2020-10-01,0.3414361902,0.1103635320,1
90013116,A0118150101,2020-11-01,0.3128101113,0.1214503965,1
90013116,A0118150101,2020-12-01,0.2662985673,0.1303033659,1
90013116,A0118150101,2021-02-01,0.3395359329,0.1582805764,1
90013116,A0118150101,2021-03-01,0.3231205736,0.1134161690,1
90013116,A0118150101,2021-04-01,0.2378032422,0.1338780046,1
90013116,A0118150101,2021-06-01,0.2552612030,0.1041595442,1
90013116,A0118150101,2021-07-01,0.3178014815,0.1228731112,1
90013116,A0118150101,2021-08-01,0.2535317584,0.1241841414,1
90013116,A0118150103,2021-10-01,0.2704606843,0.1276857114,1
90013116,A0118150103,2021-11-01,0.2350899363,0.1150184344,1
90013116,A0118150103,2021-12-01,0.2084384981,0.1178584848,1
90013116,A0118150103,2022-02-01,0.2458855115,0.1388534581,1
90013116,A0118150103,2022-03-01,0.2436410514,0.1104334580,1
90013116,A0118150103,2022-04-01,0.2828312563,0.1043649562,1
90013116,A0118150103,2022-06-01,0.2636596562,0.1322600905,1
90013116,A0118150103,2022-07-01,0.2574247605,0.1169456299,1
90013116,A0118150103,2022-08-01,0.2342948866,0.1094940378,1
90013117,A0118150101,2017-09-01,0.2080137067,0.1394349241,1
90013117,A0118150101,2017-10-01,0.1863716639,0.1244385196,1
90013117,A0118150101,2017-11-01,0.2564231402,0.1235822426,1
90013117,A0118150101,2018-01-01,0.2481631385,0.1350654292,1
90013117,A0118150101,2018-02-01,0.2372994321,0.1258887322,1
90013117,A0118150101,2018-03-01,0.2304307391,0.1502578543,1
90013117,A0118150101,2018-05-01,0.2203962845,0.1404189103,1
90013117,A0118150101,2018-06-01,0.2013228371,0.1451308778,1
90013117,A0118150101,2018-07-01,0.2494041263,0.1400740573,1
90013117,A0118150101,2018-09-01,0.1392305827,0.1300364602,1
90013117,A0118150101,2018-10-01,0.1514612281,0.1263971287,1
90013117,A0118150101,2018-11-01,0.1502842693,0.1046188991,1
90013117,A0118150101,2019-01-01,0.1568980179,0.1372452456,1
90013117,A0118150101,2019-02-01,0.1194000213,0.1425374393,1
90013117,A0118150101,2019-03-01,0.1427113156,0.1146378202,1
90013117,A0118150101,2019-05-01,0.1282872118,0.1078509964,1
90013117,A0118150101,2019-06-01,0.1273506764,0.1469467651,1
90013117,A0118150101,2019-07-01,0.1535627671,0.1104184313,1
90013117,A0118150101,2019-09-01,0.2604097092,0.1432445119,1
90013117,A0118150101,2019-10-01,0.3022617959,0.1286409429,1
90013117,A0118150101,2019-11-01,0.2426866093,0.1620713915,1
90013117,A0118150101,2020-01-01,0.3273229900,0.1556967003,1
90013117,A0118150101,2020-02-01,0.3110241803,0.1177781764,1
90013117,A0118150101,2020-03-01,0.3039162735,0.1103126849,1
90013117,A0118150101,2020-05-01,0.2321541978,0.1345053156,1
90013117,A0118150101,2020-06-01,0.2968336970,0.1380201855,1
90013117,A0118150101,2020-07-01,0.2456541455,0.1480586609,1
90013117,A0118150101,2020-09-01,0.2378349919,0.1123111944,1
90013117,A0118150101,2020-10-01,0.2784361857,0.1042282745,1
90013117,A0118150101,2020-11-01,0.3047194902,0.1133204355,1
90013117,A0118150101,2021-01-01,0.3490119450,0.1472308374,1
90013117,A0118150101,2021-02-01,0.2838838567,0.1397393705,1
90013117,A0118150101,2021-03-01,0.2991373582,0.1565366666,1
90013117,A0118150101,2021-05-01,0.2801380621,0.1059605838,1
90013117,A0118150101,2021-06-01,0.2943272118,0.1585513184,1
90013117,A0118150101,2021-07-01,0.3084480821,0.1367246413,1
90013117,A0118150103,2021-09-01,0.2330031035,0.1105444853,1
90013117,A0118150103,2021-10-01,0.2494721616,0.1332782689,1
90013117,A0118150103,2021-11-01,0.2434620428,0.0982632976,1
90013117,A0118150103,2022-01-01,0.2769484293,0.1197848873,1
90013117,A0118150103,2022-02-01,0.1929687038,0.1164370755,1
90013117,A0118150103,2022-03-01,0.2611925774,0.1322469794,1
90013117,A0118150103,2022-05-01,0.2346790404,0.1325583360,1
90013117,A0118150103,2022-06-01,0.2236282510,0.1138036790,1
90013117,A0118150103,2022-07-01,0.2043736830,0.1289900166,1
90013118,A0118150101,2017-09-01,0.2339456446,0.1156429549,1
90013118,A0118150101,2017-10-01,0.1997936310,0.1458452995,1
90013118,A0118150101,2017-12-01,0.2464413696,0.1233190832,1
90013118,A0118150101,2018-01-01,0.2250649097,0.1102904310,1
90013118,A0118150101,2018-02-01,0.2645759409,0.1543372245,1
90013118,A0118150101,2018-04-01,0.2149632907,0.1572685832,1
90013118,A0118150101,2018-05-01,0.2295373967,0.1209208373,1
90013118,A0118150101,2018-06-01,0.1874004310,0.1091493084,1
90013118,A0118150101,2018-08-01,0.2126014732,0.1535741025,1
90013118,A0118150101,2018-09-01,0.1110117255,0.1435255281,1
90013118,A0118150101,2018-10-01,0.1412945146,0.1147750537,1
90013118,A0118150101,2018-12-01,0.1246672916,0.1292397296,1
90013118,A0118150101,2019-01-01,0.1148304653,0.1557080560,1
90013118,A0118150101,2019-02-01,0.1465973121,0.1462564481,1
90013118,A0118150101,2019-04-01,0.1447358172,0.1572918192,1
90013118,A0118150101,2019-05-01,0.1110655448,0.1016706273,1
90013118,A0118150101,2019-06-01,0.1229525347,0.1543772436,1
90013118,A0118150101,2019-08-01,0.1384814686,0.1589309088,1
90013118,A0118150101,2019-09-01,0.3124909780,0.1486010559,1
90013118,A0118150101,2019-10-01,0.2842338815,0.1106847064,1
90013118,A0118150101,2019-12-01,0.2794607254,0.1442841002,1
90013118,A0118150101,2020-01-01,0.2830932193,0.1132682109,1
90013118,A0118150101,2020-02-01,0.2803329086,0.1503652170,1
90013118,A0118150101,2020-04-01,0.2723938262,0.1227268904,1
90013118,A0118150101,2020-05-01,0.3049562630,0.1268081116,1
90013118,A0118150101,2020-06-01,0.3116960364,0.1469241768,1
90013118,A0118150101,2020-08-01,0.3409521107,0.1411294029,1
90013118,A0118150101,2020-09-01,0.2393778701,0.1458646754,1
90013118,A0118150101,2020-10-01,0.2803596518,0.1157398126,1
90013118,A0118150101,2020-12-01,0.2811827557,0.1416548683,1
90013118,A0118150101,2021-01-01,0.2746185423,0.1454845518,1
90013118,A0118150101,2021-02-01,0.3089162008,0.1515055057,1
90013118,A0118150101,2021-04-01,0.3342723838,0.1075998662,1
90013118,A0118150101,2021-05-01,0.3083657400,0.1296650165,1
90013118,A0118150101,2021-06-01,0.3237784897,0.1546175850,1
90013118,A0118150101,2021-08-01,0.3338397837,0.1519670832,1
90013118,A0118150103,2021-09-01,0.2339877728,0.1148850294,1
90013118,A0118150103,2021-10-01,0.2376381141,0.1197584530,1
90013118,A0118150103,2021-12-01,0.2362768065,0.0921243502,1
90013118,A0118150103,2022-01-01,0.1926607810,0.1068337288,1
90013118,A0118150103,2022-02-01,0.1937196966,0.1052889591,1
90013118,A0118150103,2022-04-01,0.2135721827,0.1302676778,1
90013118,A0118150103,2022-05-01,0.2598287160,0.1371788999,1
90013118,A0118150103,2022-06-01,0.2803697839,0.1197114680,1
90013118,A0118150103,2022-08-01,0.2467046091,0.1312563454,1
90013119,A0118150101,2017-09-01,0.2223427935,0.1607999112,1
90013119,A0118150101,2017-11-01,0.2473236269,0.1195176445,1
90013119,A0118150101,2017-12-01,0.1972527971,0.1234477886,1
90013119,A0118150101,2018-01-01,0.2339987211,0.1182999026,1
90013119,A0118150101,2018-03-01,0.1792476313,0.1283975770,1
90013119,A0118150101,2018-04-01,0.2387459480,0.1556513936,1
90013119,A0118150101,2018-05-01,0.1939344555,0.1363993793,1
90013119,A0118150101,2018-07-01,0.1859937965,0.1307742363,1
90013119,A0118150101,2018-08-01,0.2301147157,0.1291310929,1
90013119,A0118150101,2018-09-01,0.1360600362,0.1570320360,1
90013119,A0118150101,2018-11-01,0.1281640988,0.1234825393,1
90013119,A0118150101,2018-12-01,0.1572574801,0.1143459901,1
90013119,A0118150101,2019-01-01,0.1267120323,0.1352345093,1
90013119,A0118150101,2019-03-01,0.1503344395,0.1047010282,1
90013119,A0118150101,2019-04-01,0.1253767799,0.1171006180,1
90013119,A0118150101,2019-05-01,0.1461002258,0.1048641917,1
90013119,A0118150101,2019-07-01,0.1438933625,0.1064028526,1
90013119,A0118150101,2019-08-01,0.1460047127,0.1230055677,1
90013119,A0118150101,2019-09-01,0.2787213933,0.1598936531,1
90013119,A0118150101,2019-11-01,0.2787046594,0.1403771577,1
90013119,A0118150101,2019-12-01,0.2802510970,0.1188890054,1
90013119,A0118150101,2020-01-01,0.2383288167,0.1393696090,1
90013119,A0118150101,2020-03-01,0.3014169865,0.1110550231,1
90013119,A0118150101,2020-04-01,0.2608811744,0.1202222706,1
90013119,A0118150101,2020-05-01,0.2652201525,0.1600144267,1
90013119,A0118150101,2020-07-01,0.2547908715,0.1337172494,1
90013119,A0118150101,2020-08-01,0.2808827301,0.1384150256,1
90013119,A0118150101,2020-09-01,0.2879166105,0.1559044060,1
90013119,A0118150101,2020-11-01,0.3275956780,0.1455298920,1
90013119,A0118150101,2020-12-01,0.2435834943,0.1052304165,1
90013119,A0118150101,2021-01-01,0.2910135843,0.1542741247,1
90013119,A0118150101,2021-03-01,0.2606060014,0.1445089537,1
90013119,A0118150101,2021-04-01,0.3357138096,0.1566538071,1
90013119,A0118150101,2021-05-01,0.3017157566,0.1102727971,1
90013119,A0118150101,2021-07-01,0.3073637869,0.1462407803,1
90013119,A0118150101,2021-08-01,0.3159733009,0.1148396835,1
90013119,A0118150103,2021-09-01,0.2783552975,0.1358456149,1
90013119,A0118150103,2021-11-01,0.2212762354,0.1076595188,1
90013119,A0118150103,2021-12-01,0.2803730017,0.1267597699,1
90013119,A0118150103,2022-01-01,0.2607244623,0.0894125046,1
90013119,A0118150103,2022-03-01,0.2751745188,0.1320091619,1
90013119,A0118150103,2022-04-01,0.2710273615,0.1128756266,1
90013119,A0118150103,2022-05-01,0.2291002935,0.1171512531,1
90013119,A0118150103,2022-07-01,0.1999737045,0.0935606447,1
90013119,A0118150103,2022-08-01,0.2654520956,0.1302779562,1
90013120,A0118150101,2017-10-01,0.2354539003,0.1545095116,1
90013120,A0118150101,2017-11-01,0.2546721951,0.1456118693,1
90013120,A0118150101,2017-12-01,0.2246534167,0.1303476205,1
90013120,A0118150101,2018-02-01,0.1785613480,0.1047612140,1
90013120,A0118150101,2018-03-01,0.1929109009,0.1531122363,1
90013120,A0118150101,2018-04-01,0.1849978467,0.1253907648,1
90013120,A0118150101,2018-06-01,0.2563916521,0.1263291837,1
90013120,A0118150101,2018-07-01,0.2561455590,0.1553852803,1
90013120,A0118150101,2018-08-01,0.1924802491,0.1383267794,1
90013120,A0118150101,2018-10-01,0.1319108682,0.1091877808,1
90013120,A0118150101,2018-11-01,0.1123616929,0.1510687802,1
90013120,A0118150101,2018-12-01,0.1406160233,0.1155315259,1
90013120,A0118150101,2019-02-01,0.1409154110,0.1267745435,1
90013120,A0118150101,2019-03-01,0.1350652784,0.1485181565,1
90013120,A0118150101,2019-04-01,0.1305651813,0.1569776672,1
90013120,A0118150101,2019-06-01,0.1199917329,0.1036452448,1
90013120,A0118150101,2019-07-01,0.1469568335,0.1201150886,1
90013120,A0118150101,2019-08-01,0.1212984706,0.1018524655,1
90013120,A0118150101,2019-10-01,0.2865490875,0.1072896460,1
90013120,A0118150101,2019-11-01,0.2463380650,0.1355558393,1
90013120,A0118150101,2019-12-01,0.2506887060,0.1260378318,1
90013120,A0118150101,2020-02-01,0.3059794655,0.1535227073,1
90013120,A0118150101,2020-03-01,0.3193901055,0.1191604577,1
90013120,A0118150101,2020-04-01,0.2959286452,0.1128226877,1
90013120,A0118150101,2020-06-01,0.2627623685,0.1113415205,1
90013120,A0118150101,2020-07-01,0.3000177958,0.1363544181,1
90013120,A0118150101,2020-08-01,0.3281491031,0.1606063541,1
90013120,A0118150101,2020-10-01,0.3373545500,0.1251224094,1
90013120,A0118150101,2020-11-01,0.3401275126,0.1412621245,1
90013120,A0118150101,2020-12-01,0.3041062588,0.1445315072,1
90013120,A0118150101,2021-02-01,0.2919848552,0.1390746563,1
90013120,A0118150101,2021-03-01,0.3411646403,0.1385356573,1
90013120,A0118150101,2021-04-01,0.2869701535,0.1142398446,1
90013120,A0118150101,2021-06-01,0.3409858401,0.1114693958,1
90013120,A0118150101,2021-07-01,0.3096914367,0.1130175681,1
90013120,A0118150101,2021-08-01,0.3140517340,0.1007736181,1
90013120,A0118150103,2021-10-01,0.2738192278,0.0890197913,1
90013120,A0118150103,2021-11-01,0.2667491254,0.0964122946,1
90013120,A0118150103,2021-12-01,0.2423959875,0.1282556686,1
90013120,A0118150103,2022-02-01,0.1927377292,0.1208550022,1
90013120,A0118150103,2022-03-01,0.2495196476,0.0984096561,1
90013120,A0118150103,2022-04-01,0.2188696074,0.1154125450,1
90013120,A0118150103,2022-06-01,0.2392407761,0.1242749862,1
90013120,A0118150103,2022-07-01,0.2874110905,0.0927160761,1
90013120,A0118150103,2022-08-01,0.1980907205,0.1261176362,1
90013121,A0118150101,2017-09-01,0.2534046840,0.1503240448,1
90013121,A0118150101,2017-10-01,0.2279724145,0.1422179046,1
90013121,A0118150101,2017-11-01,0.2013054269,0.1404024096,1
90013121,A0118150101,2018-01-01,0.2186872017,0.1077508031,1
90013121,A0118150101,2018-02-01,0.1870940603,0.1379819965,1
90013121,A0118150101,2018-03-01,0.2655409055,0.1253682410,1
90013121,A0118150101,2018-05-01,0.1928986844,0.1059485549,1
90013121,A0118150101,2018-06-01,0.2497210464,0.1419659210,1
90013121,A0118150101,2018-07-01,0.1854336461,0.1596806971,1
90013121,A0118150101,2018-09-01,0.1582740534,0.1229202944,1
90013121,A0118150101,2018-10-01,0.1426915183,0.1496513109,1
90013121,A0118150101,2018-11-01,0.1263697758,0.1397038891,1
90013121,A0118150101,2019-01-01,0.1416693359,0.1440736975,1
90013121,A0118150101,2019-02-01,0.1201763011,0.1418064108,1
90013121,A0118150101,2019-03-01,0.1087162685,0.1075723393,1
90013121,A0118150101,2019-05-01,0.1204734893,0.1403395922,1
90013121,A0118150101,2019-06-01,0.1467480227,0.1473776225,1
90013121,A0118150101,2019-07-01,0.1230163395,0.1108655449,1
90013121,A0118150101,2019-09-01,0.2506178813,0.1600782069,1
90013121,A0118150101,2019-10-01,0.2534903857,0.1233793032,1
90013121,A0118150101,2019-11-01,0.3010789153,0.1485288058,1
90013121,A0118150101,2020-01-01,0.2634222750,0.1285188748,1
90013121,A0118150101,2020-02-01,0.3271399937,0.1521109817,1
90013121,A0118150101,2020-03-01,0.2356541103,0.1199222560,1
90013121,A0118150101,2020-05-01,0.3133428976,0.1175337683,1
90013121,A0118150101,2020-06-01,0.3038131514,0.1637274328,1
90013121,A0118150101,2020-07-01,0.2810255072,0.1120514928,1
90013121,A0118150101,2020-09-01,0.3157016194,0.1325838013,1
90013121,A0118150101,2020-10-01,0.2590088583,0.1432910525,1
90013121,A0118150101,2020-11-01,0.2924179682,0.1504821527,1
90013121,A0118150101,2021-01-01,0.2977820864,0.1360955314,1
90013121,A0118150101,2021-02-01,0.2998269085,0.1324978558,1
90013121,A0118150101,2021-03-01,0.3424106477,0.1537828303,1
90013121,A0118150101,2021-05-01,0.2866778769,0.1015575634,1
90013121,A0118150101,2021-06-01,0.3200251038,0.1257672404,1
90013121,A0118150101,2021-07-01,0.2806900980,0.1192129318,1
90013121,A0118150103,2021-09-01,0.2518022428,0.1327622942,1
90013121,A0118150103,2021-10-01,0.2797184477,0.1052814450,1
90013121,A0118150103,2021-11-01,0.2539342513,0.1267935923,1
90013121,A0118150103,2022-01-01,0.1999421788,0.1097275159,1
90013121,A0118150103,2022-02-01,0.2192824722,0.0894404522,1
90013121,A0118150103,2022-03-01,0.2058658171,0.0965982421,1
90013121,A0118150103,2022-05-01,0.2726165051,0.1169585545,1
90013121,A0118150103,2022-06-01,0.2668211669,0.1017523262,1
90013121,A0118150103,2022-07-01,0.2491184661,0.0967134444,1
90013122,A0118150101,2017-09-01,0.1962661693,0.1221465177,1
90013122,A0118150101,2017-10-01,0.2254896236,0.1211751003,1
90013122,A0118150101,2017-12-01,0.2171935579,0.1038237660,1
90013122,A0118150101,2018-01-01,0.2068962353,0.1214872340,1
90013122,A0118150101,2018-02-01,0.1982661666,0.1577644985,1
90013122,A0118150101,2018-04-01,0.2124018436,0.1570370526,1
90013122,A0118150101,2018-05-01,0.2468249445,0.1176062944,1
90013122,A0118150101,2018-06-01,0.2307808277,0.1330377838,1
90013122,A0118150101,2018-08-01,0.2599612242,0.1028041763,1
90013122,A0118150101,2018-09-01,0.1314836452,0.1216508339,1
90013122,A0118150101,2018-10-01,0.1376263344,0.1333092926,1
90013122,A0118150101,2018-12-01,0.1563765725,0.1169719616,1
90013122,A0118150101,2019-01-01,0.1472861166,0.1090159759,1
90013122,A0118150101,2019-02-01,0.1380061402,0.1172235288,1
90013122,A0118150101,2019-04-01,0.1372868955,0.1584581676,1
90013122,A0118150101,2019-05-01,0.1137605098,0.1111985966,1
90013122,A0118150101,2019-06-01,0.1274683858,0.1338533844,1
90013122,A0118150101,2019-08-01,0.1264789013,0.1377491266,1
90013122,A0118150101,2019-09-01,0.2612778139,0.1541579156,1
90013122,A0118150101,2019-10-01,0.2828448244,0.1654468018,1
90013122,A0118150101,2019-12-01,0.2669812140,0.1355618563,1
90013122,A0118150101,2020-01-01,0.3082249779,0.1593032390,1
90013122,A0118150101,2020-02-01,0.3411902344,0.1506299972,1
90013122,A0118150101,2020-04-01,0.2493589643,0.1301965834,1
90013122,A0118150101,2020-05-01,0.2337426634,0.1072836972,1
90013122,A0118150101,2020-06-01,0.3149752645,0.1558699690,1
90013122,A0118150101,2020-08-01,0.3332935790,0.1491567332,1
90013122,A0118150101,2020-09-01,0.2734011455,0.1054796328,1
90013122,A0118150101,2020-10-01,0.3322779697,0.1345522862,1
90013122,A0118150101,2020-12-01,0.2379030332,0.1138033902,1
90013122,A0118150101,2021-01-01,0.2830412661,0.1411908652,1
90013122,A0118150101,2021-02-01,0.3081817544,0.1085375763,1
90013122,A0118150101,2021-04-01,0.2982077512,0.1418781501,1
90013122,A0118150101,2021-05-01,0.2702613080,0.1284297406,1
90013122,A0118150101,2021-06-01,0.2881658897,0.1183382228,1
90013122,A0118150101,2021-08-01,0.3172406622,0.1487324120,1
90013122,A0118150103,2021-09-01,0.2611486830,0.1112648373,1
90013122,A0118150103,2021-10-01,0.2575520473,0.1382645772,1
90013122,A0118150103,2021-12-01,0.2091092990,0.1314842838,1
90013122,A0118150103,2022-01-01,0.2153645286,0.1162601712,1
90013122,A0118150103,2022-02-01,0.2113791342,0.1019082003,1
90013122,A0118150103,2022-04-01,0.2466707110,0.0985220622,1
90013122,A0118150103,2022-05-01,0.2527666922,0.1178780068,1
90013122,A0118150103,2022-06-01,0.2421433164,0.1231572406,1
90013122,A0118150103,2022-08-01,0.2788787230,0.1230329827,1
90013123,A0118150101,2017-09-01,0.1818400976,0.1314787128,1
90013123,A0118150101,2017-11-01,0.1822487267,0.1179933534,1
90013123,A0118150101,2017-12-01,0.2100472321,0.1046354335,1
90013123,A0118150101,2018-01-01,0.2162749612,0.1219198001,1
90013123,A0118150101,2018-03-01,0.2626171093,0.1457281207,1
90013123,A0118150101,2018-04-01,0.2398396644,0.1290577267,1
90013123,A0118150101,2018-05-01,0.2224069198,0.1119286769,1
90013123,A0118150101,2018-07-01,0.2027793766,0.1401095622,1
90013123,A0118150101,2018-08-01,0.1937746622,0.1102103796,1
90013123,A0118150101,2018-09-01,0.1254972907,0.1102929557,1
90013123,A0118150101,2018-11-01,0.1265141121,0.1240531978,1
90013123,A0118150101,2018-12-01,0.1255142203,0.1022058897,1
90013123,A0118150101,2019-01-01,0.1519123276,0.1181769663,1
90013123,A0118150101,2019-03-01,0.1122096766,0.1073394286,1
90013123,A0118150101,2019-04-01,0.1467887122,0.1206015565,1
90013123,A0118150101,2019-05-01,0.1157738922,0.1142561518,1
90013123,A0118150101,2019-07-01,0.1311793833,0.1249261630,1
90013123,A0118150101,2019-08-01,0.1250129460,0.1362806812,1
90013123,A0118150101,2019-09-01,0.3017145709,0.1224298703,1
90013123,A0118150101,2019-11-01,0.3254494509,0.1537606854,1
90013123,A0118150101,2019-12-01,0.2698286401,0.1349205154,1
90013123,A0118150101,2020-01-01,0.2518142988,0.1542937709,1
90013123,A0118150101,2020-03-01,0.3257501518,0.1574260125,1
90013123,A0118150101,2020-04-01,0.2793367070,0.1511695651,1
90013123,A0118150101,2020-05-01,0.3401057343,0.1085951326,1
90013123,A0118150101,2020-07-01,0.2977391136,0.1496768251,1
90013123,A0118150101,2020-08-01,0.2458308719,0.1209055620,1
90013123,A0118150101,2020-09-01,0.3306240763,0.1427237857,1
90013123,A0118150101,2020-11-01,0.2792615656,0.1250328126,1
90013123,A0118150101,2020-12-01,0.2722161019,0.1111774133,1
90013123,A0118150101,2021-01-01,0.3343401562,0.1094368646,1
90013123,A0118150101,2021-03-01,0.2899379908,0.1053708184,1
90013123,A0118150101,2021-04-01,0.3255136188,0.1137738096,1
90013123,A0118150101,2021-05-01,0.2507848725,0.1106675895,1
90013123,A0118150101,2021-07-01,0.3306510611,0.1493926020,1
90013123,A0118150101,2021-08-01,0.2436787507,0.1384693573,1
90013123,A0118150103,2021-09-01,0.2465235078,0.1300655128,1
90013123,A0118150103,2021-11-01,0.2778551138,0.1013334718,1
90013123,A0118150103,2021-12-01,0.2710901935,0.1124968485,1
90013123,A0118150103,2022-01-01,0.2681984082,0.1073174907,1
90013123,A0118150103,2022-03-01,0.2518283721,0.0933176835,1
90013123,A0118150103,2022-04-01,0.2394729722,0.1052599736,1
90013123,A0118150103,2022-05-01,0.2100579970,0.1112554051,1
90013123,A0118150103,2022-07-01,0.2409812230,0.1219407103,1
90013123,A0118150103,2022-08-01,0.2141249941,0.0994656662,1
90013124,A0118150101,2017-10-01,0.2161288810,0.1146980484,1
90013124,A0118150101,2017-11-01,0.2313515583,0.1049337031,1
90013124,A0118150101,2017-12-01,0.2229166656,0.1184805397,1
90013124,A0118150101,2018-02-01,0.2185340717,0.1022333388,1
90013124,A0118150101,2018-03-01,0.2345786197,0.1399487591,1
90013124,A0118150101,2018-04-01,0.1988969965,0.1408887651,1
90013124,A0118150101,2018-06-01,0.1938730469,0.1035588353,1
90013124,A0118150101,2018-07-01,0.2615131989,0.1562940114,1
90013124,A0118150101,2018-08-01,0.1893448265,0.1450500391,1
90013124,A0118150101,2018-10-01,0.1345861376,0.1200633481,1
90013124,A0118150101,2018-11-01,0.1259724516,0.1547368798,1
90013124,A0118150101,2018-12-01,0.1599109915,0.1067487530,1
90013124,A0118150101,2019-02-01,0.1580268394,0.1071695934,1
90013124,A0118150101,2019-03-01,0.1263078143,0.1165001372,1
90013124,A0118150101,2019-04-01,0.1490805461,0.1044240982,1
90013124,A0118150101,2019-06-01,0.1236554078,0.1289695347,1
90013124,A0118150101,2019-07-01,0.1260523758,0.1188144734,1
90013124,A0118150101,2019-08-01,0.1474645673,0.1085348148,1
90013124,A0118150101,2019-10-01,0.2442848784,0.1580906323,1
90013124,A0118150101,2019-11-01,0.3180257589,0.1111030396,1
90013124,A0118150101,2019-12-01,0.3141595235,0.1639076426,1
90013124,A0118150101,2020-02-01,0.3083146430,0.1430179460,1
90013124,A0118150101,2020-03-01,0.2531017564,0.1498371412,1
90013124,A0118150101,2020-04-01,0.2631540388,0.1582286389,1
90013124,A0118150101,2020-06-01,0.2688211279,0.1341772804,1
90013124,A0118150101,2020-07-01,0.3163465491,0.1131573693,1
90013124,A0118150101,2020-08-01,0.2988581690,0.1626856232,1
90013124,A0118150101,2020-10-01,0.2932768761,0.1040923895,1
90013124,A0118150101,2020-11-01,0.2964647724,0.1281901701,1
90013124,A0118150101,2020-12-01,0.2673496839,0.1131857607,1
90013124,A0118150101,2021-02-01,0.3311262416,0.1480899699,1
90013124,A0118150101,2021-03-01,0.2498528343,0.1273782570,1
90013124,A0118150101,2021-04-01,0.3393973664,0.1371266766,1
90013124,A0118150101,2021-06-01,0.3450430856,0.1447312581,1
90013124,A0118150101,2021-07-01,0.2840554395,0.1500704293,1
90013124,A0118150101,2021-08-01,0.2810109872,0.1208456379,1
90013124,A0118150103,2021-10-01,0.2760912645,0.1278203717,1
90013124,A0118150103,2021-11-01,0.2292102064,0.1355321720,1
90013124,A0118150103,2021-12-01,0.2106718563,0.1270040901,1
90013124,A0118150103,2022-02-01,0.2388658433,0.0966104887,1
90013124,A0118150103,2022-03-01,0.1983695935,0.1350100026,1
90013124,A0118150103,2022-04-01,0.2172628482,0.0946729361,1
90013124,A0118150103,2022-06-01,0.2524188087,0.1250249758,1
90013124,A0118150103,2022-07-01,0.2837316784,0.1378954993,1
90013124,A0118150103,2022-08-01,0.2687805784,0.1348302506,1
90014135,A0118150102,2017-12-01,0.0000000000,0.0000000000,1
90014135,A0118150101,2018-09-01,0.2138567240,0.1145224610,1
90014135,A0118150101,2018-11-01,0.2583497717,0.0810593029,1
90014135,A0118150101,2018-12-01,0.2134528744,0.1130880469,1
90014135,A0118150101,2019-01-01,0.2474251840,0.1261179932,1
90014135,A0118150101,2019-03-01,0.2674843330,0.1179651481,1
90014135,A0118150101,2019-04-01,0.2236856770,0.1107677433,1
90014135,A0118150101,2019-05-01,0.2619483863,0.0976093699,1
90014135,A0118150101,2019-07-01,0.2394086552,0.1230571429,1
90014135,A0118150101,2019-08-01,0.2383926128,0.1067029021,1
90014135,A0118150101,2019-09-01,0.1242976173,0.1131274969,1
90014135,A0118150101,2019-11-01,0.0992664258,0.1026941595,1
90014135,A0118150101,2019-12-01,0.1046688167,0.0945449209,1
90014135,A0118150101,2020-01-01,0.1190383122,0.1192460267,1
90014135,A0118150101,2020-03-01,0.1120164889,0.1193816870,1
90014135,A0118150101,2020-04-01,0.1391026364,0.0950566517,1
90014135,A0118150101,2020-05-01,0.0987550845,0.0849795143,1
90014135,A0118150101,2020-07-01,0.1283129709,0.0884149524,1
90014135,A0118150101,2020-08-01,0.1298082775,0.1016881781,1
90014135,A0118150101,2020-09-01,0.1138292711,0.1353578590,1
90014135,A0118150101,2020-11-01,0.0928009722,0.1774071802,1
90014135,A0118150101,2020-12-01,0.0959722895,0.1404065705,1
90014135,A0118150101,2021-01-01,0.1019256445,0.1799760528,1
90014135,A0118150101,2021-03-01,0.1095797807,0.1697264398,1
90014135,A0118150101,2021-04-01,0.0952212490,0.1636008746,1
90014135,A0118150101,2021-05-01,0.1370562194,0.1819721005,1
90014135,A0118150101,2021-07-01,0.0962468395,0.1339987637,1
90014135,A0118150101,2021-08-01,0.1216089339,0.1611807707,1
90014135,A0118150103,2021-09-01,0.2452127135,0.1411579193,1
90014135,A0118150103,2021-11-01,0.2769915829,0.1500731376,1
90014135,A0118150103,2021-12-01,0.2193691970,0.1771144234,1
90014135,A0118150103,2022-01-01,0.2647448941,0.1736633278,1
90014135,A0118150103,2022-03-01,0.2612771912,0.1482898676,1
90014135,A0118150103,2022-04-01,0.2666609587,0.1871821285,1
90014135,A0118150103,2022-05-01,0.2156777869,0.1479818355,1
90014135,A0118150103,2022-07-01,0.2354194148,0.1829991278,1
90014135,A0118150103,2022-08-01,0.2568373522,0.1915124971,1
90014136,A0118150102,2017-12-01,0.0000000000,0.0000000000,1
90014136,A0118150101,2018-10-01,0.2410175024,0.1257240416,1
90014136,A0118150101,2018-11-01,0.2813368271,0.0847439003,1
90014136,A0118150101,2018-12-01,0.2897378099,0.1048014513,1
90014136,A0118150101,2019-02-01,0.2168127038,0.0905543051,1
90014136,A0118150101,2019-03-01,0.2371356502,0.1225947257,1
90014136,A0118150101,2019-04-01,0.2095411095,0.1006385566,1
90014136,A0118150101,2019-06-01,0.2643331848,0.1153002690,1
90014136,A0118150101,2019-07-01,0.3018681153,0.1054427657,1
90014136,A0118150101,2019-08-01,0.2283291202,0.1194429222,1
90014136,A0118150101,2019-10-01,0.1032956348,0.1213748076,1
90014136,A0118150101,2019-11-01,0.1113989694,0.0853080580,1
90014136,A0118150101,2019-12-01,0.1201477304,0.0787904880,1
90014136,A0118150101,2020-02-01,0.1234160904,0.0782374301,1
90014136,A0118150101,2020-03-01,0.1357030477,0.1146057564,1
90014136,A0118150101,2020-04-01,0.1290667257,0.1135164269,1
90014136,A0118150101,2020-06-01,0.1187143337,0.1096499020,1
90014136,A0118150101,2020-07-01,0.1055681862,0.1224974371,1
90014136,A0118150101,2020-08-01,0.1236127530,0.1040749583,1
90014136,A0118150101,2020-10-01,0.1342816123,0.1591368232,1
90014136,A0118150101,2020-11-01,0.1300783475,0.1583059956,1
90014136,A0118150101,2020-12-01,0.1242083540,0.1735374308,1
90014136,A0118150101,2021-02-01,0.1304742216,0.1510802583,1
90014136,A0118150101,2021-03-01,0.1232832732,0.1347284027,1
90014136,A0118150101,2021-04-01,0.1205460233,0.1247011863,1
90014136,A0118150101,2021-06-01,0.1112669267,0.1541163869,1
90014136,A0118150101,2021-07-01,0.0948876756,0.1318913155,1
90014136,A0118150101,2021-08-01,0.1026834309,0.1506920963,1
90014136,A0118150103,2021-10-01,0.2140951576,0.1624193497,1
90014136,A0118150103,2021-11-01,0.2138750108,0.1397058491,1
90014136,A0118150103,2021-12-01,0.2789466456,0.1827160745,1
90014136,A0118150103,2022-02-01,0.2351513073,0.1539353746,1
90014136,A0118150103,2022-03-01,0.2142661219,0.1308345192,1
90014136,A0118150103,2022-04-01,0.2238764183,0.1934658699,1
90014136,A0118150103,2022-06-01,0.2313689362,0.1604507480,1
90014136,A0118150103,2022-07-01,0.2681173728,0.1353638529,1
90014136,A0118150103,2022-08-01,0.2154782900,0.1917839369,1
90014137,A0118150101,2018-09-01,0.2842355264,0.0882593962,1
90014137,A0118150101,2018-10-01,0.2426013116,0.1012983642,1
90014137,A0118150101,2018-11-01,0.2803864633,0.0868577815,1
90014137,A0118150101,2019-01-01,0.2582338681,0.0853971155,1
90014137,A0118150101,2019-02-01,0.2789868725,0.0852070573,1
90014137,A0118150101,2019-03-01,0.2872116904,0.0811718247,1
90014137,A0118150101,2019-05-01,0.2507863056,0.1057511384,1
90014137,A0118150101,2019-06-01,0.3048851036,0.1226359738,1
90014137,A0118150101,2019-07-01,0.2901596835,0.1232812265,1
90014137,A0118150101,2019-09-01,0.1073681687,0.1012396330,1
90014137,A0118150101,2019-10-01,0.1030794710,0.0823685274,1
90014137,A0118150101,2019-11-01,0.1162593678,0.1048007891,1
90014137,A0118150101,2020-01-01,0.1089320470,0.0880267061,1
90014137,A0118150101,2020-02-01,0.1222615582,0.0811031008,1
90014137,A0118150101,2020-03-01,0.1181903259,0.1121072416,1
90014137,A0118150101,2020-05-01,0.1084021928,0.0922799779,1
90014137,A0118150101,2020-06-01,0.1271382020,0.1074028921,1
90014137,A0118150101,2020-07-01,0.1270309903,0.0942182817,1
90014137,A0118150101,2020-09-01,0.1248302140,0.1435074503,1
90014137,A0118150101,2020-10-01,0.0978692713,0.1574424326,1
90014137,A0118150101,2020-11-01,0.1092204921,0.1267684863,1
90014137,A0118150101,2021-01-01,0.1298709565,0.1266807112,1
90014137,A0118150101,2021-02-01,0.0973565909,0.1420941830,1
90014137,A0118150101,2021-03-01,0.1182137029,0.1279978399,1
90014137,A0118150101,2021-05-01,0.1140636573,0.1870596571,1
90014137,A0118150101,2021-06-01,0.1276053581,0.1242420217,1
90014137,A0118150101,2021-07-01,0.1218175799,0.1650650693,1
90014137,A0118150103,2021-09-01,0.2060030001,0.1382635980,1
90014137,A0118150103,2021-10-01,0.2959203767,0.1886237750,1
90014137,A0118150103,2021-11-01,0.2238918828,0.1950838060,1
90014137,A0118150103,2022-01-01,0.2198523022,0.1726605078,1
90014137,A0118150103,2022-02-01,0.2663332033,0.1799691762,1
90014137,A0118150103,2022-03-01,0.2705963243,0.1857342842,1
90014137,A0118150103,2022-05-01,0.2510594148,0.1737846104,1
90014137,A0118150103,2022-06-01,0.2075511786,0.1543816921,1
90014137,A0118150103,2022-07-01,0.2492458908,0.1740808363,1
90014138,A0118150102,2017-12-01,0.0000000000,0.0000000000,1
90014138,A0118150101,2018-09-01,0.2783286903,0.0941054832,1
90014138,A0118150101,2018-10-01,0.2932617396,0.0937080157,1
90014138,A0118150101,2018-12-01,0.2395158824,0.1266579219,1
90014138,A0118150101,2019-01-01,0.2733639584,0.0876359691,1
90014138,A0118150101,2019-02-01,0.2538666745,0.1123490156,1
90014138,A0118150101,2019-04-01,0.2595457288,0.1136908316,1
90014138,A0118150101,2019-05-01,0.2914133687,0.1137945673,1
90014138,A0118150101,2019-06-01,0.2856573369,0.1145045237,1
90014138,A0118150101,2019-08-01,0.2989081660,0.1174052593,1
90014138,A0118150101,2019-09-01,0.1250175826,0.0906375473,1
90014138,A0118150101,2019-10-01,0.1444435839,0.1054852810,1
90014138,A0118150101,2019-12-01,0.1275894717,0.0877522257,1
90014138,A0118150101,2020-01-01,0.1447419591,0.0911921588,1
90014138,A0118150101,2020-02-01,0.1188026329,0.1028091447,1
90014138,A0118150101,2020-04-01,0.1200138092,0.1170038711,1
90014138,A0118150101,2020-05-01,0.1455987390,0.0803927208,1
90014138,A0118150101,2020-06-01,0.1130273241,0.1140280887,1
90014138,A0118150101,2020-08-01,0.1101026627,0.1181947065,1
90014138,A0118150101,2020-09-01,0.1192152674,0.1818892875,1
90014138,A0118150101,2020-10-01,0.1265697656,0.1585856851,1
90014138,A0118150101,2020-12-01,0.0997220148,0.1451335292,1
90014138,A0118150101,2021-01-01,0.1007654372,0.1390445199,1
90014138,A0118150101,2021-02-01,0.1164343600,0.1444543958,1
90014138,A0118150101,2021-04-01,0.0938292523,0.1731051925,1
90014138,A0118150101,2021-05-01,0.0997317443,0.1864153935,1
90014138,A0118150101,2021-06-01,0.1293557493,0.1827801055,1
90014138,A0118150101,2021-08-01,0.1197695891,0.1577497287,1
90014138,A0118150103,2021-09-01,0.2388836055,0.1443824941,1
90014138,A0118150103,2021-10-01,0.2648697942,0.1602171989,1
90014138,A0118150103,2021-12-01,0.2520031786,0.1765414791,1
90014138,A0118150103,2022-01-01,0.2150698711,0.1400677969,1
90014138,A0118150103,2022-02-01,0.2294687359,0.1780860446,1
90014138,A0118150103,2022-04-01,0.2135147565,0.1392750822,1
90014138,A0118150103,2022-05-01,0.2807766835,0.1919331296,1
90014138,A0118150103,2022-06-01,0.2011129582,0.1281503628,1
90014138,A0118150103,2022-08-01,0.2714775337,0.1793802489,1
90014139,A0118150102,2017-12-01,0.0000000000,0.0000000000,1
90014139,A0118150101,2018-09-01,0.2889667664,0.0821678198,1
90014139,A0118150101,2018-11-01,0.3118651993,0.0841352355,1
90014139,A0118150101,2018-12-01,0.2838644019,0.1246409645,1
90014139,A0118150101,2019-01-01,0.2659091291,0.1069594243,1
90014139,A0118150101,2019-03-01,0.3110470063,0.1068842956,1
90014139,A0118150101,2019-04-01,0.2234589355,0.1233756806,1
90014139,A0118150101,2019-05-01,0.2660430595,0.1271191726,1
90014139,A0118150101,2019-07-01,0.2248460610,0.0840304255,1
90014139,A0118150101,2019-08-01,0.2207732190,0.1131952970,1
90014139,A0118150101,2019-09-01,0.1204111117,0.1098427879,1
90014139,A0118150101,2019-11-01,0.1123455097,0.0833296337,1
90014139,A0118150101,2019-12-01,0.1250791026,0.1216420893,1
90014139,A0118150101,2020-01-01,0.1327405355,0.1128429548,1
90014139,A0118150101,2020-03-01,0.1159653434,0.0850889520,1
90014139,A0118150101,2020-04-01,0.0997649631,0.0835242005,1
90014139,A0118150101,2020-05-01,0.1352640207,0.1043402140,1
90014139,A0118150101,2020-07-01,0.1108411875,0.1127126649,1
90014139,A0118150101,2020-08-01,0.1121545005,0.1202290156,1
90014139,A0118150101,2020-09-01,0.1254933548,0.1207335735,1
90014139,A0118150101,2020-11-01,0.0926052483,0.1460056992,1
90014139,A0118150101,2020-12-01,0.1332066555,0.1762123064,1
90014139,A0118150101,2021-01-01,0.1093444128,0.1773787603,1
90014139,A0118150101,2021-03-01,0.1154745978,0.1705963793,1
90014139,A0118150101,2021-04-01,0.1354448999,0.1824407129,1
90014139,A0118150101,2021-05-01,0.0991288127,0.1492859098,1
90014139,A0118150101,2021-07-01,0.1033783166,0.1451512596,1
90014139,A0118150101,2021-08-01,0.1122498925,0.1539946168,1
90014139,A0118150103,2021-09-01,0.2029837609,0.1872400356,1
90014139,A0118150103,2021-11-01,0.2906627327,0.1446032983,1
90014139,A0118150103,2021-12-01,0.2237983224,0.1268428937,1
90014139,A0118150103,2022-01-01,0.2880910105,0.1802723447,1
90014139,A0118150103,2022-03-01,0.2025000941,0.1435788807,1
90014139,A0118150103,2022-04-01,0.2212846949,0.1872980794,1
90014139,A0118150103,2022-05-01,0.2451177662,0.1382587152,1
90014139,A0118150103,2022-07-01,0.2288015027,0.1860761376,1
90014139,A0118150103,2022-08-01,0.2914800061,0.1413823409,1
90014140,A0118150102,2017-12-01,0.0000000000,0.0000000000,1
90014140,A0118150101,2018-10-01,0.2529521518,0.0812602775,1
90014140,A0118150101,2018-11-01,0.2757085056,0.0912307882,1
90014140,A0118150101,2018-12-01,0.2955472796,0.1132619822,1
90014140,A0118150101,2019-02-01,0.2677240073,0.0950126771,1
90014140,A0118150101,2019-03-01,0.2178519739,0.1180378673,1
90014140,A0118150101,2019-04-01,0.2348157753,0.1184252736,1
90014140,A0118150101,2019-06-01,0.2290878330,0.1234373918,1
90014140,A0118150101,2019-07-01,0.2471532998,0.1108201454,1
90014140,A0118150101,2019-08-01,0.3111755515,0.1095729380,1
90014140,A0118150101,2019-10-01,0.1332271092,0.1124370700,1
90014140,A0118150101,2019-11-01,0.1110898494,0.0800610792,1
90014140,A0118150101,2019-12-01,0.1300020163,0.0947629961,1
90014140,A0118150101,2020-02-01,0.1283595662,0.1008131371,1
90014140,A0118150101,2020-03-01,0.1099222959,0.1197978069,1
90014140,A0118150101,2020-04-01,0.1294256410,0.0866984366,1
90014140,A0118150101,2020-06-01,0.1225613527,0.0987635956,1
90014140,A0118150101,2020-07-01,0.1040211325,0.1081294894,1
90014140,A0118150101,2020-08-01,0.1352673249,0.0824318526,1
90014140,A0118150101,2020-10-01,0.1300556319,0.1808649921,1
90014140,A0118150101,2020-11-01,0.1221891428,0.1486821603,1
90014140,A0118150101,2020-12-01,0.0993346266,0.1778095132,1
90014140,A0118150101,2021-02-01,0.1117210141,0.1555135938,1
90014140,A0118150101,2021-03-01,0.1226117148,0.1621580516,1
90014140,A0118150101,2021-04-01,0.1283298274,0.1845441209,1
90014140,A0118150101,2021-06-01,0.1308751229,0.1829094884,1
90014140,A0118150101,2021-07-01,0.1081432116,0.1253158335,1
90014140,A0118150101,2021-08-01,0.1024295556,0.1518965613,1
90014140,A0118150103,2021-10-01,0.2471877762,0.1367851026,1
90014140,A0118150103,2021-11-01,0.2735429027,0.1359174066,1
90014140,A0118150103,2021-12-01,0.2022835936,0.1688508436,1
90014140,A0118150103,2022-02-01,0.1992288377,0.1710271321,1
90014140,A0118150103,2022-03-01,0.2130889860,0.1583082696,1
90014140,A0118150103,2022-04-01,0.2580294362,0.1655092923,1
90014140,A0118150103,2022-06-01,0.2690208048,0.1679631978,1
90014140,A0118150103,2022-07-01,0.2693230999,0.1286688047,1
90014140,A0118150103,2022-08-01,0.2467445302,0.1301855099,1
90014141,A0118150101,2018-09-01,0.2956045280,0.0963694895,1
90014141,A0118150101,2018-10-01,0.2173165023,0.0879751447,1
90014141,A0118150101,2018-11-01,0.2392929052,0.1095443697,1
90014141,A0118150101,2019-01-01,0.3080693188,0.1129682187,1
90014141,A0118150101,2019-02-01,0.2360084458,0.1033438542,1
90014141,A0118150101,2019-03-01,0.2660974703,0.0880969439,1
90014141,A0118150101,2019-05-01,0.2341177126,0.0875430833,1
90014141,A0118150101,2019-06-01,0.2594875451,0.0913755630,1
90014141,A0118150101,2019-07-01,0.2098653923,0.1174840841,1
90014141,A0118150101,2019-09-01,0.1031828341,0.1039993936,1
90014141,A0118150101,2019-10-01,0.1373611513,0.0894125727,1
90014141,A0118150101,2019-11-01,0.1413545521,0.0936535566,1
90014141,A0118150101,2020-01-01,0.1277706053,0.1166772948,1
90014141,A0118150101,2020-02-01,0.1353672355,0.0862640234,1
90014141,A0118150101,2020-03-01,0.1001300308,0.1003558174,1
90014141,A0118150101,2020-05-01,0.1463045150,0.1076404796,1
90014141,A0118150101,2020-06-01,0.1449061651,0.0836486413,1
90014141,A0118150101,2020-07-01,0.1072397451,0.0927494999,1
90014141,A0118150101,2020-09-01,0.1167710561,0.1568501740,1
90014141,A0118150101,2020-10-01,0.0980691938,0.1537030774,1
90014141,A0118150101,2020-11-01,0.0935294582,0.1450806520,1
90014141,A0118150101,2021-01-01,0.1366702658,0.1889643010,1
90014141,A0118150101,2021-02-01,0.1124450069,0.1532277832,1
90014141,A0118150101,2021-03-01,0.1261406108,0.1875335124,1
90014141,A0118150101,2021-05-01,0.1207350583,0.1855005310,1
90014141,A0118150101,2021-06-01,0.1300042066,0.1799234121,1
90014141,A0118150101,2021-07-01,0.1014221933,0.1878963443,1
90014141,A0118150103,2021-09-01,0.2916744708,0.1809835072,1
90014141,A0118150103,2021-10-01,0.2398783041,0.1516909650,1
90014141,A0118150103,2021-11-01,0.2458735692,0.1913183919,1
90014141,A0118150103,2022-01-01,0.2377113441,0.1370802162,1
90014141,A0118150103,2022-02-01,0.2834676526,0.1927778581,1
90014141,A0118150103,2022-03-01,0.2780590374,0.1942701488,1
90014141,A0118150103,2022-05-01,0.2537000366,0.1282149030,1
90014141,A0118150103,2022-06-01,0.2858828042,0.1807717962,1
90014141,A0118150103,2022-07-01,0.2701083938,0.1419274065,1
90015144,A0118150102,2017-12-01,0.0000000000,0.0000000000,1
90015144,A0118150101,2019-10-01,0.3133818295,0.0888551468,1
90015144,A0118150101,2019-11-01,0.3217905672,0.0953621318,1
90015144,A0118150101,2019-12-01,0.2890420298,0.0691523462,1
90015144,A0118150101,2020-02-01,0.2276933254,0.0845092596,1
90015144,A0118150101,2020-03-01,0.2931121481,0.0703334464,1
90015144,A0118150101,2020-04-01,0.3173863954,0.0890695203,1
90015144,A0118150101,2020-06-01,0.2465488527,0.0690129532,1
90015144,A0118150101,2020-07-01,0.2510334362,0.0981116681,1
90015144,A0118150101,2020-08-01,0.2869449657,0.0732538432,1
90015144,A0118150101,2020-10-01,0.3109435649,0.1154856077,1
90015144,A0118150101,2020-11-01,0.2573174153,0.1259321118,1
90015144,A0118150101,2020-12-01,0.2656201720,0.1155942618,1
90015144,A0118150101,2021-02-01,0.3010182706,0.1312029868,1
90015144,A0118150101,2021-03-01,0.2421846428,0.1462896825,1
90015144,A0118150101,2021-04-01,0.2446342552,0.1467690328,1
90015144,A0118150101,2021-06-01,0.3157869220,0.1333050301,1
90015144,A0118150101,2021-07-01,0.3270099594,0.1449141938,1
90015144,A0118150101,2021-08-01,0.3203255529,0.1274623163,1
90015144,A0118150103,2021-10-01,0.2897503674,0.1100961154,1
90015144,A0118150103,2021-11-01,0.2149639158,0.1536388235,1
90015144,A0118150103,2021-12-01,0.2209256795,0.1310612759,1
90015144,A0118150103,2022-02-01,0.1975458418,0.1524702679,1
90015144,A0118150103,2022-03-01,0.2851194464,0.1358683299,1
90015144,A0118150103,2022-04-01,0.2429205617,0.1567609476,1
90015144,A0118150103,2022-06-01,0.2134654333,0.1570073876,1
90015144,A0118150103,2022-07-01,0.2640528886,0.1406522273,1
90015144,A0118150103,2022-08-01,0.2317716723,0.1345894436,1
90015145,A0118150101,2019-09-01,0.2957940277,0.0767463068,1
90015145,A0118150101,2019-10-01,0.3097794715,0.0910452619,1
90015145,A0118150101,2019-11-01,0.2502835273,0.0642560970,1
90015145,A0118150101,2020-01-01,0.3068401149,0.0998606209,1
90015145,A0118150101,2020-02-01,0.3075461186,0.0874229168,1
90015145,A0118150101,2020-03-01,0.2594071871,0.0819640220,1
90015145,A0118150101,2020-05-01,0.2851864279,0.0916307636,1
90015145,A0118150101,2020-06-01,0.3126602120,0.0966424108,1
90015145,A0118150101,2020-07-01,0.3172751281,0.0644045802,1
90015145,A0118150101,2020-09-01,0.2750668869,0.1241306408,1
90015145,A0118150101,2020-10-01,0.3453921476,0.1445984378,1
90015145,A0118150101,2020-11-01,0.2426837956,0.1015969742,1
90015145,A0118150101,2021-01-01,0.2921305806,0.1215276469,1
90015145,A0118150101,2021-02-01,0.3507205061,0.1139002384,1
90015145,A0118150101,2021-03-01,0.3413682792,0.1196663985,1
90015145,A0118150101,2021-05-01,0.3310030759,0.1227496386,1
90015145,A0118150101,2021-06-01,0.2860863937,0.1213076467,1
90015145,A0118150101,2021-07-01,0.3116435359,0.1369384378,1
90015145,A0118150103,2021-09-01,0.2182187474,0.1344449788,1
90015145,A0118150103,2021-10-01,0.2625524146,0.1499711410,1
90015145,A0118150103,2021-11-01,0.2703298069,0.1159408022,1
90015145,A0118150103,2022-01-01,0.2723769063,0.1252128621,1
90015145,A0118150103,2022-02-01,0.2695650056,0.1220802169,1
90015145,A0118150103,2022-03-01,0.2907564500,0.1507730576,1
90015145,A0118150103,2022-05-01,0.2914217977,0.1049607295,1
90015145,A0118150103,2022-06-01,0.2946438607,0.1339496682,1
90015145,A0118150103,2022-07-01,0.2799116229,0.1409778162,1
90015146,A0118150102,2017-12-01,0.0000000000,0.0000000000,1
90015146,A0118150101,2019-09-01,0.3096519582,0.0732085855,1
90015146,A0118150101,2019-10-01,0.2681716659,0.0928589569,1
90015146,A0118150101,2019-12-01,0.2893554410,0.0826159385,1
90015146,A0118150101,2020-01-01,0.2183200753,0.0968605048,1
90015146,A0118150101,2020-02-01,0.2997765745,0.0786379968,1
90015146,A0118150101,2020-04-01,0.2416248835,0.0646527841,1
90015146,A0118150101,2020-05-01,0.2308042314,0.0924265139,1
90015146,A0118150101,2020-06-01,0.2457671505,0.0686716241,1
90015146,A0118150101,2020-08-01,0.3268529443,0.0653081960,1
90015146,A0118150101,2020-09-01,0.2538599196,0.1030308696,1
90015146,A0118150101,2020-10-01,0.2985939525,0.0958999615,1
90015146,A0118150101,2020-12-01,0.2474185069,0.0945315450,1
90015146,A0118150101,2021-01-01,0.3135409655,0.1078494923,1
90015146,A0118150101,2021-02-01,0.2495445634,0.1364052472,1
90015146,A0118150101,2021-04-01,0.3286201868,0.1125804380,1
90015146,A0118150101,2021-05-01,0.2759609119,0.0972331381,1
90015146,A0118150101,2021-06-01,0.3165208744,0.1252996601,1
90015146,A0118150101,2021-08-01,0.3395516566,0.1053681897,1
90015146,A0118150103,2021-09-01,0.2367752181,0.1216755721,1
90015146,A0118150103,2021-10-01,0.2245477106,0.1590884129,1
90015146,A0118150103,2021-12-01,0.2886929205,0.1204837420,1
90015146,A0118150103,2022-01-01,0.2630075691,0.1319941967,1
90015146,A0118150103,2022-02-01,0.2241127324,0.1322536955,1
90015146,A0118150103,2022-04-01,0.2365495638,0.1575050908,1
90015146,A0118150103,2022-05-01,0.2406427390,0.1460538451,1
90015146,A0118150103,2022-06-01,0.2460027019,0.1098302373,1
90015146,A0118150103,2022-08-01,0.2141724059,0.1216102604,1
90015147,A0118150102,2017-12-01,0.0000000000,0.0000000000,1
90015147,A0118150101,2019-09-01,0.2969825242,0.0817390850,1
90015147,A0118150101,2019-11-01,0.2437600817,0.0851894891,1
90015147,A0118150101,2019-12-01,0.2513539569,0.0915902355,1
90015147,A0118150101,2020-01-01,0.2363353762,0.0660606324,1
90015147,A0118150101,2020-03-01,0.2688679489,0.0846552317,1
90015147,A0118150101,2020-04-01,0.2699467604,0.0849333184,1
90015147,A0118150101,2020-05-01,0.2182762655,0.0940022573,1
90015147,A0118150101,2020-07-01,0.3168547671,0.0922845408,1
90015147,A0118150101,2020-08-01,0.3033815462,0.0869837979,1
90015147,A0118150101,2020-09-01,0.3518917334,0.0964046048,1
90015147,A0118150101,2020-11-01,0.2791161091,0.1212073706,1
90015147,A0118150101,2020-12-01,0.3157327406,0.0989209924,1
90015147,A0118150101,2021-01-01,0.3578765216,0.1469622161,1
90015147,A0118150101,2021-03-01,0.3457643572,0.1438992063,1
90015147,A0118150101,2021-04-01,0.3477130568,0.1072170017,1
90015147,A0118150101,2021-05-01,0.2480305310,0.1446362836,1
90015147,A0118150101,2021-07-01,0.2503101334,0.1064974781,1
90015147,A0118150101,2021-08-01,0.3223364084,0.1425984514,1
90015147,A0118150103,2021-09-01,0.2113516256,0.1555783049,1
90015147,A0118150103,2021-11-01,0.2095934236,0.1242261208,1
90015147,A0118150103,2021-12-01,0.2339175063,0.1449872760,1
90015147,A0118150103,2022-01-01,0.2727418697,0.1422051021,1
90015147,A0118150103,2022-03-01,0.2755864222,0.1025177213,1
90015147,A0118150103,2022-04-01,0.1996609851,0.1296800457,1
90015147,A0118150103,2022-05-01,0.2277908008,0.1210593662,1
90015147,A0118150103,2022-07-01,0.2704343386,0.1410547339,1
90015147,A0118150103,2022-08-01,0.2046151906,0.1192774700,1
90015148,A0118150102,2017-12-01,0.0000000000,0.0000000000,1
90015148,A0118150101,2019-10-01,0.2925154487,0.0877978962,1
90015148,A0118150101,2019-11-01,0.2239518766,0.0715100757,1
90015148,A0118150101,2019-12-01,0.2787952135,0.0794137381,1
90015148,A0118150101,2020-02-01,0.3208006166,0.0946578613,1
90015148,A0118150101,2020-03-01,0.2539611554,0.0997924817,1
90015148,A0118150101,2020-04-01,0.2316013865,0.0829362438,1
90015148,A0118150101,2020-06-01,0.3266759881,0.0787055353,1
90015148,A0118150101,2020-07-01,0.2503319159,0.0749077026,1
90015148,A0118150101,2020-08-01,0.2443502038,0.0930558812,1
90015148,A0118150101,2020-10-01,0.3132499509,0.1415665479,1
90015148,A0118150101,2020-11-01,0.3301461519,0.1169479168,1
90015148,A0118150101,2020-12-01,0.3147786485,0.1363879655,1
90015148,A0118150101,2021-02-01,0.2958003780,0.1219921212,1
90015148,A0118150101,2021-03-01,0.3234821417,0.1426484083,1
90015148,A0118150101,2021-04-01,0.2588034656,0.0975583010,1
90015148,A0118150101,2021-06-01,0.2927703256,0.1181334285,1
90015148,A0118150101,2021-07-01,0.2839753355,0.1268307522,1
90015148,A0118150101,2021-08-01,0.3503384344,0.1064149513,1
90015148,A0118150103,2021-10-01,0.2687341463,0.1214252635,1
90015148,A0118150103,2021-11-01,0.2806207832,0.1244502912,1
90015148,A0118150103,2021-12-01,0.2358102926,0.1545453126,1
90015148,A0118150103,2022-02-01,0.2924702404,0.1433701087,1
90015148,A0118150103,2022-03-01,0.2071544351,0.1173441036,1
90015148,A0118150103,2022-04-01,0.2927728882,0.1364892658,1
90015148,A0118150103,2022-06-01,0.2387137101,0.1349968386,1
90015148,A0118150103,2022-07-01,0.2786772666,0.1451768714,1
90015148,A0118150103,2022-08-01,0.2734821075,0.1314050630,1
90015149,A0118150101,2019-09-01,0.2932184612,0.0990057570,1
90015149,A0118150101,2019-10-01,0.3069334145,0.0645881439,1
90015149,A0118150101,2019-11-01,0.2197128492,0.0797077594,1
90015149,A0118150101,2020-01-01,0.2998862839,0.0911745994,1
90015149,A0118150101,2020-02-01,0.2419717704,0.0857829471,1
90015149,A0118150101,2020-03-01,0.3088918244,0.0789143771,1
90015149,A0118150101,2020-05-01,0.2426074497,0.0755927198,1
90015149,A0118150101,2020-06-01,0.3078218679,0.0808633944,1
90015149,A0118150101,2020-07-01,0.2257495293,0.0982486088,1
90015149,A0118150101,2020-09-01,0.2873941746,0.0947637370,1
90015149,A0118150101,2020-10-01,0.3529044890,0.1310329825,1
90015149,A0118150101,2020-11-01,0.3192965950,0.1129298906,1
90015149,A0118150101,2021-01-01,0.3543576287,0.1355916728,1
90015149,A0118150101,2021-02-01,0.3514714024,0.0962509723,1
90015149,A0118150101,2021-03-01,0.2992722236,0.1359665499,1
90015149,A0118150101,2021-05-01,0.2966285671,0.1015679728,1
90015149,A0118150101,2021-06-01,0.3574293337,0.1433425681,1
90015149,A0118150101,2021-07-01,0.3328848420,0.1443407375,1
90015149,A0118150103,2021-09-01,0.2487815304,0.1227048198,1
90015149,A0118150103,2021-10-01,0.2752751528,0.1593974610,1
90015149,A0118150103,2021-11-01,0.2746928615,0.1312338051,1
90015149,A0118150103,2022-01-01,0.2048052036,0.1379437078,1
90015149,A0118150103,2022-02-01,0.2784363939,0.1249943542,1
90015149,A0118150103,2022-03-01,0.2579236684,0.1312384409,1
90015149,A0118150103,2022-05-01,0.2425389095,0.1085895399,1
90015149,A0118150103,2022-06-01,0.2232353953,0.1264918991,1
90015149,A0118150103,2022-07-01,0.2334272541,0.1448882292,1
90015150,A0118150102,2017-12-01,0.0000000000,0.0000000000,1
90015150,A0118150101,2019-09-01,0.2303749016,0.0784881713,1
90015150,A0118150101,2019-10-01,0.2484700054,0.0862490862,1
90015150,A0118150101,2019-12-01,0.2674128772,0.0987485958,1
90015150,A0118150101,2020-01-01,0.2474827152,0.0930305194,1
90015150,A0118150101,2020-02-01,0.2735221939,0.0822003191,1
90015150,A0118150101,2020-04-01,0.2497619964,0.0957130060,1
90015150,A0118150101,2020-05-01,0.2568650042,0.0738476785,1
90015150,A0118150101,2020-06-01,0.3041388636,0.0962134730,1
90015150,A0118150101,2020-08-01,0.2319229262,0.0687359884,1
90015150,A0118150101,2020-09-01,0.2930110446,0.0992825591,1
90015150,A0118150101,2020-10-01,0.2449476735,0.1089871166,1
90015150,A0118150101,2020-12-01,0.3439232193,0.1162443157,1
90015150,A0118150101,2021-01-01,0.2617549790,0.0966695531,1
90015150,A0118150101,2021-02-01,0.3264376913,0.1204374197,1
90015150,A0118150101,2021-04-01,0.2781091039,0.1073970793,1
90015150,A0118150101,2021-05-01,0.2433073680,0.1346390659,1
90015150,A0118150101,2021-06-01,0.2514491490,0.1391761842,1
90015150,A0118150101,2021-08-01,0.2912482914,0.0976302269,1
90015150,A0118150103,2021-09-01,0.2178903341,0.1253210407,1
90015150,A0118150103,2021-10-01,0.2156334343,0.1130898744,1
90015150,A0118150103,2021-12-01,0.2396860355,0.1536677371,1
90015150,A0118150103,2022-01-01,0.2803078852,0.1227393052,1
90015150,A0118150103,2022-02-01,0.2948034655,0.1043500100,1
90015150,A0118150103,2022-04-01,0.2551374775,0.1430960937,1
90015150,A0118150103,2022-05-01,0.2466298356,0.1504738514,1
90015150,A0118150103,2022-06-01,0.2337455334,0.1450519249,1
90015150,A0118150103,2022-08-01,0.2878485433,0.1169725950,1
90016171,A0118150101,2017-09-01,0.1188266746,0.1827585249,1
90016171,A0118150101,2017-11-01,0.1013552658,0.1591593934,1
90016171,A0118150101,2017-12-01,0.0944862524,0.1356113295,1
90016171,A0118150101,2018-01-01,0.0886407984,0.1801381915,1
90016171,A0118150101,2018-03-01,0.1137070456,0.1917049425,1
90016171,A0118150101,2018-04-01,0.1057295490,0.1931476186,1
90016171,A0118150101,2018-05-01,0.1201757664,0.1437211560,1
90016171,A0118150101,2018-07-01,0.1244613201,0.1387012220,1
90016171,A0118150101,2018-08-01,0.0976741777,0.1323863659,1
90016171,A0118150101,2018-09-01,0.2356715195,0.1609939663,1
90016171,A0118150101,2018-11-01,0.2121833467,0.1599011412,1
90016171,A0118150101,2018-12-01,0.2604792676,0.1521273033,1
90016171,A0118150101,2019-01-01,0.2292592647,0.1262743133,1
90016171,A0118150101,2019-03-01,0.2396246262,0.1462959100,1
90016171,A0118150101,2019-04-01,0.2617768034,0.1316393602,1
90016171,A0118150101,2019-05-01,0.2075686099,0.1234421499,1
90016171,A0118150101,2019-07-01,0.2659812130,0.1583953504,1
90016171,A0118150101,2019-08-01,0.2251397264,0.1119044977,1
90016171,A0118150101,2019-09-01,0.1298867354,0.1583223805,1
90016171,A0118150101,2019-11-01,0.1819902409,0.1659576248,1
90016171,A0118150101,2019-12-01,0.1321126793,0.1600134681,1
90016171,A0118150101,2020-01-01,0.1626657902,0.1663155514,1
90016171,A0118150101,2020-03-01,0.1477039114,0.1189375334,1
90016171,A0118150101,2020-04-01,0.1615852394,0.1566074201,1
90016171,A0118150101,2020-05-01,0.1375638976,0.1396639489,1
90016171,A0118150101,2020-07-01,0.1459406038,0.1213536119,1
90016171,A0118150101,2020-08-01,0.1650123454,0.1371581362,1
90016171,A0118150101,2020-09-01,0.1979464365,0.1124657127,1
90016171,A0118150101,2020-11-01,0.1802134769,0.1290861213,1
90016171,A0118150101,2020-12-01,0.1823554772,0.1271152506,1
90016171,A0118150101,2021-01-01,0.1860573552,0.0980387604,1
90016171,A0118150101,2021-03-01,0.2076100180,0.1311768000,1
90016171,A0118150101,2021-04-01,0.1806559088,0.1139702370,1
90016171,A0118150101,2021-05-01,0.1609463569,0.1063540416,1
90016171,A0118150101,2021-07-01,0.1614518959,0.1329986200,1
90016171,A0118150101,2021-08-01,0.1537579919,0.1356477490,1
90016171,A0118150103,2021-09-01,0.1915699872,0.1152794022,1
90016171,A0118150103,2021-11-01,0.2061148493,0.1211553225,1
90016171,A0118150103,2021-12-01,0.1739303258,0.1181698763,1
90016171,A0118150103,2022-01-01,0.1903777765,0.1070007407,1
90016171,A0118150103,2022-03-01,0.2004208719,0.1026122980,1
90016171,A0118150103,2022-04-01,0.1820033656,0.1112980742,1
90016171,A0118150103,2022-05-01,0.2027245888,0.1128523596,1
90016171,A0118150103,2022-07-01,0.1694481247,0.1269470177,1
90016171,A0118150103,2022-08-01,0.1458026527,0.1025380091,1
90016172,A0118150101,2017-10-01,0.1009641329,0.1876088682,1
90016172,A0118150101,2017-11-01,0.1088339952,0.1689873139,1
90016172,A0118150101,2017-12-01,0.1217891498,0.1421283158,1
90016172,A0118150101,2018-02-01,0.1117397141,0.1672169710,1
90016172,A0118150101,2018-03-01,0.1179834175,0.1937863801,1
90016172,A0118150101,2018-04-01,0.0965289775,0.1519765875,1
90016172,A0118150101,2018-06-01,0.0976935039,0.1556026622,1
90016172,A0118150101,2018-07-01,0.1183760561,0.1554348230,1
90016172,A0118150101,2018-08-01,0.1207360479,0.1780135931,1
90016172,A0118150101,2018-10-01,0.2360056139,0.1464828579,1
90016172,A0118150101,2018-11-01,0.2642421799,0.1133072849,1
90016172,A0118150101,2018-12-01,0.2020181692,0.1505302156,1
90016172,A0118150101,2019-02-01,0.2349067083,0.1223681648,1
90016172,A0118150101,2019-03-01,0.2773031622,0.1270848902,1
90016172,A0118150101,2019-04-01,0.2448006153,0.1104255414,1
90016172,A0118150101,2019-06-01,0.2514997504,0.1121628463,1
90016172,A0118150101,2019-07-01,0.2756734099,0.1096044128,1
90016172,A0118150101,2019-08-01,0.2590303080,0.1534724457,1
90016172,A0118150101,2019-10-01,0.1555423944,0.1840326739,1
90016172,A0118150101,2019-11-01,0.1606028359,0.1530925869,1
90016172,A0118150101,2019-12-01,0.1459764477,0.1372637108,1
90016172,A0118150101,2020-02-01,0.1652681027,0.1430605797,1
90016172,A0118150101,2020-03-01,0.1557879128,0.1658551206,1
90016172,A0118150101,2020-04-01,0.1648767034,0.1675167254,1
90016172,A0118150101,2020-06-01,0.1650574573,0.1210894761,1
90016172,A0118150101,2020-07-01,0.1339332583,0.1770206021,1
90016172,A0118150101,2020-08-01,0.1630378788,0.1670246078,1
90016172,A0118150101,2020-10-01,0.1496028551,0.0925573446,1
90016172,A0118150101,2020-11-01,0.1454704451,0.1245325560,1
90016172,A0118150101,2020-12-01,0.1479078331,0.0902422521,1
90016172,A0118150101,2021-02-01,0.1756623028,0.1264547018,1
90016172,A0118150101,2021-03-01,0.2023731302,0.1053165297,1
90016172,A0118150101,2021-04-01,0.1625557096,0.0911670786,1
90016172,A0118150101,2021-06-01,0.1678781739,0.1020799690,1
90016172,A0118150101,2021-07-01,0.2046418852,0.1345897349,1
90016172,A0118150101,2021-08-01,0.2078518137,0.0932978360,1
90016172,A0118150103,2021-10-01,0.1738829103,0.0999374842,1
90016172,A0118150103,2021-11-01,0.1727672022,0.0998401138,1
90016172,A0118150103,2021-12-01,0.2133308059,0.0940759510,1
90016172,A0118150103,2022-02-01,0.1743816420,0.1006253156,1
90016172,A0118150103,2022-03-01,0.1951289025,0.1168241070,1
90016172,A0118150103,2022-04-01,0.1592971519,0.0954892524,1
90016172,A0118150103,2022-06-01,0.1658508279,0.0983073670,1
90016172,A0118150103,2022-07-01,0.1541600305,0.1282953688,1
90016172,A0118150103,2022-08-01,0.1610850571,0.1149943024,1
90016173,A0118150101,2017-09-01,0.1124808528,0.1303899031,1
90016173,A0118150101,2017-10-01,0.1032510605,0.1319340407,1
90016173,A0118150101,2017-11-01,0.1069564856,0.1375308532,1
90016173,A0118150101,2018-01-01,0.1112277160,0.1480079414,1
90016173,A0118150101,2018-02-01,0.0975357580,0.1792897014,1
90016173,A0118150101,2018-03-01,0.1020619763,0.1444338403,1
90016173,A0118150101,2018-05-01,0.0886785055,0.1507839037,1
90016173,A0118150101,2018-06-01,0.0889995210,0.1428683322,1
90016173,A0118150101,2018-07-01,0.0956279690,0.1323978903,1
90016173,A0118150101,2018-09-01,0.2154979102,0.1468062514,1
90016173,A0118150101,2018-10-01,0.2432482531,0.1047353921,1
90016173,A0118150101,2018-11-01,0.2064986215,0.1553960428,1
90016173,A0118150101,2019-01-01,0.2377664875,0.1529253427,1
90016173,A0118150101,2019-02-01,0.2304344603,0.1212833238,1
90016173,A0118150101,2019-03-01,0.1991726677,0.1230334292,1
90016173,A0118150101,2019-05-01,0.2005032121,0.1326786876,1
90016173,A0118150101,2019-06-01,0.2124394156,0.1114568787,1
90016173,A0118150101,2019-07-01,0.2301787915,0.1307814952,1
90016173,A0118150101,2019-09-01,0.1842917614,0.1683123755,1
90016173,A0118150101,2019-10-01,0.1535316890,0.1325943525,1
90016173,A0118150101,2019-11-01,0.1283192502,0.1846000349,1
90016173,A0118150101,2020-01-01,0.1402161059,0.1549366455,1
90016173,A0118150101,2020-02-01,0.1568503773,0.1518418162,1
90016173,A0118150101,2020-03-01,0.1469705452,0.1233302497,1
90016173,A0118150101,2020-05-01,0.1569204491,0.1720909823,1
90016173,A0118150101,2020-06-01,0.1607042002,0.1809596706,1
90016173,A0118150101,2020-07-01,0.1810088850,0.1640189462,1
90016173,A0118150101,2020-09-01,0.1940188363,0.1207105111,1
90016173,A0118150101,2020-10-01,0.1602405482,0.1359843285,1
90016173,A0118150101,2020-11-01,0.1622558688,0.1012158745,1
90016173,A0118150101,2021-01-01,0.1628907273,0.1023003956,1
90016173,A0118150101,2021-02-01,0.1874143407,0.0937488815,1
90016173,A0118150101,2021-03-01,0.1873271852,0.0890784768,1
90016173,A0118150101,2021-05-01,0.1808996426,0.1343353402,1
90016173,A0118150101,2021-06-01,0.1467812262,0.1323727415,1
90016173,A0118150101,2021-07-01,0.1524284001,0.0979494290,1
90016173,A0118150103,2021-09-01,0.1796679117,0.1314678335,1
90016173,A0118150103,2021-10-01,0.1785841802,0.1300073312,1
90016173,A0118150103,2021-11-01,0.1606713706,0.0853629660,1
90016173,A0118150103,2022-01-01,0.1466246673,0.0972148711,1
90016173,A0118150103,2022-02-01,0.2155029894,0.1077572283,1
90016173,A0118150103,2022-03-01,0.1663856178,0.1299908070,1
90016173,A0118150103,2022-05-01,0.2176727378,0.0945903016,1
90016173,A0118150103,2022-06-01,0.1465110333,0.1125970609,1
90016173,A0118150103,2022-07-01,0.1694508748,0.1151745448,1
90016174,A0118150101,2017-09-01,0.1110194920,0.1318048804,1
90016174,A0118150101,2017-10-01,0.1214117867,0.1417349621,1
90016174,A0118150101,2017-12-01,0.1301372557,0.1667444242,1
90016174,A0118150101,2018-01-01,0.1103284070,0.1750205762,1
90016174,A0118150101,2018-02-01,0.1111157044,0.1829323881,1
90016174,A0118150101,2018-04-01,0.0884605866,0.1865339381,1
90016174,A0118150101,2018-05-01,0.1296514662,0.1899329636,1
90016174,A0118150101,2018-06-01,0.0995551539,0.1850628659,1
90016174,A0118150101,2018-08-01,0.1303583185,0.1349418478,1
90016174,A0118150101,2018-09-01,0.2104666798,0.1174828991,1
90016174,A0118150101,2018-10-01,0.2380746514,0.1465608684,1
90016174,A0118150101,2018-12-01,0.2662261118,0.1124095039,1
90016174,A0118150101,2019-01-01,0.2671863917,0.1106073779,1
90016174,A0118150101,2019-02-01,0.2378094927,0.1345477194,1
90016174,A0118150101,2019-04-01,0.2041689567,0.1208842411,1
90016174,A0118150101,2019-05-01,0.2087553299,0.1255771884,1
90016174,A0118150101,2019-06-01,0.2720176080,0.1622671874,1
90016174,A0118150101,2019-08-01,0.2548848277,0.1069509609,1
90016174,A0118150101,2019-09-01,0.1456035143,0.1807491784,1
90016174,A0118150101,2019-10-01,0.1795066213,0.1405378078,1
90016174,A0118150101,2019-12-01,0.1396944222,0.1706739999,1
90016174,A0118150101,2020-01-01,0.1391425127,0.1644020498,1
90016174,A0118150101,2020-02-01,0.1593413903,0.1617635838,1
90016174,A0118150101,2020-04-01,0.1488914928,0.1370284536,1
90016174,A0118150101,2020-05-01,0.1557823922,0.1761284776,1
90016174,A0118150101,2020-06-01,0.1773817519,0.1574012528,1
90016174,A0118150101,2020-08-01,0.1532778412,0.1713917136,1
90016174,A0118150101,2020-09-01,0.1554556276,0.0981501642,1
90016174,A0118150101,2020-10-01,0.2005487878,0.1087795223,1
90016174,A0118150101,2020-12-01,0.2111850439,0.0917743129,1
90016174,A0118150101,2021-01-01,0.1546013525,0.0973276366,1
90016174,A0118150101,2021-02-01,0.1793965736,0.0984601561,1
90016174,A0118150101,2021-04-01,0.1663317354,0.0989813045,1
90016174,A0118150101,2021-05-01,0.1559093531,0.1271167151,1
90016174,A0118150101,2021-06-01,0.1940950414,0.1337096909,1
90016174,A0118150101,2021-08-01,0.1590960303,0.1319799941,1
90016174,A0118150103,2021-09-01,0.1743482786,0.1272834927,1
90016174,A0118150103,2021-10-01,0.1687767723,0.1167300053,1
90016174,A0118150103,2021-12-01,0.1902777986,0.1333999894,1
90016174,A0118150103,2022-01-01,0.1499651623,0.1117145658,1
90016174,A0118150103,2022-02-01,0.1633030208,0.1216516027,1
90016174,A0118150103,2022-04-01,0.1601219995,0.1029539090,1
90016174,A0118150103,2022-05-01,0.2107020322,0.1014392043,1
90016174,A0118150103,2022-06-01,0.1709510428,0.1276619490,1
90016174,A0118150103,2022-08-01,0.2034493648,0.1274752121,1
90016175,A0118150101,2017-09-01,0.1142715456,0.1758762306,1
90016175,A0118150101,2017-11-01,0.1262493778,0.1284312469,1
90016175,A0118150101,2017-12-01,0.1061390112,0.1308731274,1
90016175,A0118150101,2018-01-01,0.1231916855,0.1275696366,1
90016175,A0118150101,2018-03-01,0.0904323641,0.1472912787,1
90016175,A0118150101,2018-04-01,0.1271073366,0.1299782419,1
90016175,A0118150101,2018-05-01,0.1307262126,0.1911756943,1
90016175,A0118150101,2018-07-01,0.1250150157,0.1771283916,1
90016175,A0118150101,2018-08-01,0.0907024412,0.1435947963,1
90016175,A0118150101,2018-09-01,0.2239775626,0.1348179341,1
90016175,A0118150101,2018-11-01,0.2790488786,0.1096367530,1
90016175,A0118150101,2018-12-01,0.2415536190,0.1130841816,1
90016175,A0118150101,2019-01-01,0.2655728656,0.1072874921,1
90016175,A0118150101,2019-03-01,0.2125427329,0.1471631157,1
90016175,A0118150101,2019-04-01,0.2444398446,0.1082165772,1
90016175,A0118150101,2019-05-01,0.1889221608,0.1580560851,1
90016175,A0118150101,2019-07-01,0.2695385666,0.1422800730,1
90016175,A0118150101,2019-08-01,0.1999212922,0.1212716845,1
90016175,A0118150101,2019-09-01,0.1480392809,0.1626557241,1
90016175,A0118150101,2019-11-01,0.1642881869,0.1833778122,1
90016175,A0118150101,2019-12-01,0.1566831854,0.1407898953,1
90016175,A0118150101,2020-01-01,0.1656213331,0.1502350341,1
90016175,A0118150101,2020-03-01,0.1685369615,0.1609402063,1
90016175,A0118150101,2020-04-01,0.1534168535,0.1689672815,1
90016175,A0118150101,2020-05-01,0.1741435185,0.1398432174,1
90016175,A0118150101,2020-07-01,0.1837059811,0.1674914013,1
90016175,A0118150101,2020-08-01,0.1817646720,0.1495302746,1
90016175,A0118150101,2020-09-01,0.2024270818,0.0986609607,1
90016175,A0118150101,2020-11-01,0.1657280601,0.1056023665,1
90016175,A0118150101,2020-12-01,0.1855197110,0.1011583190,1
90016175,A0118150101,2021-01-01,0.1983402070,0.1328646129,1
90016175,A0118150101,2021-03-01,0.2109467939,0.0957702705,1
90016175,A0118150101,2021-04-01,0.1762282770,0.1378904899,1
90016175,A0118150101,2021-05-01,0.1627866848,0.1389150215,1
90016175,A0118150101,2021-07-01,0.1878649956,0.1071289533,1
90016175,A0118150101,2021-08-01,0.1415787452,0.1195240008,1
90016175,A0118150103,2021-09-01,0.2062419938,0.1152781849,1
90016175,A0118150103,2021-11-01,0.1623522196,0.1288280337,1
90016175,A0118150103,2021-12-01,0.1494939329,0.0933172818,1
90016175,A0118150103,2022-01-01,0.2027325247,0.0993107658,1
90016175,A0118150103,2022-03-01,0.1813497384,0.1322303915,1
90016175,A0118150103,2022-04-01,0.1533994635,0.0948970359,1
90016175,A0118150103,2022-05-01,0.1891924937,0.1251341508,1
90016175,A0118150103,2022-07-01,0.1885630728,0.1254085057,1
90016175,A0118150103,2022-08-01,0.2127228442,0.0920147297,1
90016176,A0118150101,2017-10-01,0.1235280347,0.1355473703,1
90016176,A0118150101,2017-11-01,0.1254175173,0.1952281716,1
90016176,A0118150101,2017-12-01,0.1294988644,0.1300526040,1
90016176,A0118150101,2018-02-01,0.0889584429,0.1869244435,1
90016176,A0118150101,2018-03-01,0.1167827019,0.1267956111,1
90016176,A0118150101,2018-04-01,0.0963353009,0.1325348807,1
90016176,A0118150101,2018-06-01,0.1113250619,0.1383264864,1
90016176,A0118150101,2018-07-01,0.0945489704,0.1409258827,1
90016176,A0118150101,2018-08-01,0.1075582549,0.1546692739,1
90016176,A0118150101,2018-10-01,0.2565965313,0.1264685532,1
90016176,A0118150101,2018-11-01,0.2113680519,0.1566606507,1
90016176,A0118150101,2018-12-01,0.2782331630,0.1309887280,1
90016176,A0118150101,2019-02-01,0.2015197973,0.1139281587,1
90016176,A0118150101,2019-03-01,0.2164424662,0.1060339303,1
90016176,A0118150101,2019-04-01,0.2231783079,0.1135979033,1
90016176,A0118150101,2019-06-01,0.2388157492,0.1231330760,1
90016176,A0118150101,2019-07-01,0.2241397564,0.1401895129,1
90016176,A0118150101,2019-08-01,0.2555823980,0.1089218594,1
90016176,A0118150101,2019-10-01,0.1585546157,0.1307118381,1
90016176,A0118150101,2019-11-01,0.1762131514,0.1407647380,1
90016176,A0118150101,2019-12-01,0.1369371380,0.1408975335,1
90016176,A0118150101,2020-02-01,0.1537135132,0.1264131258,1
90016176,A0118150101,2020-03-01,0.1383499002,0.1488829810,1
90016176,A0118150101,2020-04-01,0.1458960697,0.1492616938,1
90016176,A0118150101,2020-06-01,0.1276811082,0.1768934063,1
90016176,A0118150101,2020-07-01,0.1606844324,0.1304730343,1
90016176,A0118150101,2020-08-01,0.1689049788,0.1227608239,1
90016176,A0118150101,2020-10-01,0.1950688308,0.1243175127,1
90016176,A0118150101,2020-11-01,0.1494269352,0.1295557280,1
90016176,A0118150101,2020-12-01,0.2110050578,0.1295176703,1
90016176,A0118150101,2021-02-01,0.1870082008,0.0976977342,1
90016176,A0118150101,2021-03-01,0.1700995639,0.0994794631,1
90016176,A0118150101,2021-04-01,0.1939863134,0.1184706796,1
90016176,A0118150101,2021-06-01,0.2054747080,0.0971804310,1
90016176,A0118150101,2021-07-01,0.1770421174,0.1197066635,1
90016176,A0118150101,2021-08-01,0.2050011594,0.1009230517,1
90016176,A0118150103,2021-10-01,0.1597000214,0.1328029453,1
90016176,A0118150103,2021-11-01,0.1881609371,0.1117015022,1
90016176,A0118150103,2021-12-01,0.1732550133,0.0897321973,1
90016176,A0118150103,2022-02-01,0.1608090805,0.1132073434,1
90016176,A0118150103,2022-03-01,0.1872232170,0.1114470199,1
90016176,A0118150103,2022-04-01,0.1457376724,0.0980329686,1
90016176,A0118150103,2022-06-01,0.1716700948,0.1170826847,1
90016176,A0118150103,2022-07-01,0.2148626974,0.1042444313,1
90016176,A0118150103,2022-08-01,0.1596447480,0.0996953505,1
90017049,A0118150101,2018-09-01,0.1616809322,0.1502726009,1
90017049,A0118150101,2018-10-01,0.1250923910,0.1786883985,1
90017049,A0118150101,2018-11-01,0.1225995432,0.1288271186,1
90017049,A0118150101,2019-01-01,0.1467424092,0.1378079559,1
90017049,A0118150101,2019-02-01,0.1297459674,0.1790744655,1
90017049,A0118150101,2019-03-01,0.1296026769,0.1905724999,1
90017049,A0118150101,2019-05-01,0.1662757930,0.1374456224,1
90017049,A0118150101,2019-06-01,0.1542065442,0.1425548915,1
90017049,A0118150101,2019-07-01,0.1271719363,0.1860839118,1
90017049,A0118150101,2019-09-01,0.2257071316,0.1092954796,1
90017049,A0118150101,2019-10-01,0.2557690379,0.0890069241,1
90017049,A0118150101,2019-11-01,0.2591079636,0.1090085400,1
90017049,A0118150101,2020-01-01,0.2569222599,0.0817901708,1
90017049,A0118150101,2020-02-01,0.2477208088,0.0875667683,1
90017049,A0118150101,2020-03-01,0.2367256705,0.1136720204,1
90017049,A0118150101,2020-05-01,0.2738138209,0.1104722352,1
90017049,A0118150101,2020-06-01,0.2347491656,0.0998887450,1
90017049,A0118150101,2020-07-01,0.3074287069,0.0976425779,1
90017049,A0118150101,2020-09-01,0.1742106143,0.0803198488,1
90017049,A0118150101,2020-10-01,0.2187710415,0.1024608160,1
90017049,A0118150101,2020-11-01,0.1719170391,0.0907905520,1
90017049,A0118150101,2021-01-01,0.2047795442,0.1065239487,1
90017049,A0118150101,2021-02-01,0.2247781302,0.0844512675,1
90017049,A0118150101,2021-03-01,0.2314978977,0.1008976305,1
90017049,A0118150101,2021-05-01,0.1811585673,0.0815198929,1
90017049,A0118150101,2021-06-01,0.1803450215,0.0899783618,1
90017049,A0118150101,2021-07-01,0.1906713172,0.0835859434,1
90017049,A0118150103,2021-09-01,0.2578839728,0.1569768823,1
90017049,A0118150103,2021-10-01,0.2419580676,0.1307299523,1
90017049,A0118150103,2021-11-01,0.2944350670,0.1928858711,1
90017049,A0118150103,2022-01-01,0.2622566498,0.1521074769,1
90017049,A0118150103,2022-02-01,0.2825070252,0.1701847638,1
90017049,A0118150103,2022-03-01,0.2404997395,0.1363416339,1
90017049,A0118150103,2022-05-01,0.2135920236,0.1642477056,1
90017049,A0118150103,2022-06-01,0.2350950974,0.1503119857,1
90017049,A0118150103,2022-07-01,0.2163200353,0.1285879587,1
90017050,A0118150102,2017-12-01,0.0000000000,0.0000000000,1
90017050,A0118150101,2018-09-01,0.1582836921,0.1699640484,1
90017050,A0118150101,2018-10-01,0.1713269969,0.1911088303,1
90017050,A0118150101,2018-12-01,0.1629600445,0.1828551636,1
90017050,A0118150101,2019-01-01,0.1387256520,0.1534338073,1
90017050,A0118150101,2019-02-01,0.1585988580,0.1409697207,1
90017050,A0118150101,2019-04-01,0.1309899011,0.1461732139,1
90017050,A0118150101,2019-05-01,0.1606094904,0.1359573023,1
90017050,A0118150101,2019-06-01,0.1323636979,0.1599942776,1
90017050,A0118150101,2019-08-01,0.1343869311,0.1409430734,1
90017050,A0118150101,2019-09-01,0.2784732263,0.1156316311,1
90017050,A0118150101,2019-10-01,0.2557281536,0.0883010342,1
90017050,A0118150101,2019-12-01,0.2346536211,0.0792064821,1
90017050,A0118150101,2020-01-01,0.2502361166,0.0784791627,1
90017050,A0118150101,2020-02-01,0.2847917768,0.1122460283,1
90017050,A0118150101,2020-04-01,0.2448859043,0.0855679781,1
90017050,A0118150101,2020-05-01,0.2167480362,0.0950890232,1
90017050,A0118150101,2020-06-01,0.3060591255,0.1057705044,1
90017050,A0118150101,2020-08-01,0.2852108963,0.0967105752,1
90017050,A0118150101,2020-09-01,0.2343402572,0.0681333600,1
90017050,A0118150101,2020-10-01,0.2154967381,0.0722220006,1
90017050,A0118150101,2020-12-01,0.2070339817,0.0935630523,1
90017050,A0118150101,2021-01-01,0.2284369337,0.0735905864,1
90017050,A0118150101,2021-02-01,0.1716051379,0.0719954503,1
90017050,A0118150101,2021-04-01,0.2116503048,0.0743928742,1
90017050,A0118150101,2021-05-01,0.1779912543,0.0847425747,1
90017050,A0118150101,2021-06-01,0.2109024151,0.1071222418,1
90017050,A0118150101,2021-08-01,0.1999415357,0.0787265708,1
90017050,A0118150103,2021-09-01,0.2565483256,0.1718706316,1
90017050,A0118150103,2021-10-01,0.2162698958,0.1637916152,1
90017050,A0118150103,2021-12-01,0.2194571040,0.1302308179,1
90017050,A0118150103,2022-01-01,0.2875424705,0.1821725649,1
90017050,A0118150103,2022-02-01,0.2123402397,0.1791247839,1
90017050,A0118150103,2022-04-01,0.2772374733,0.1505301652,1
90017050,A0118150103,2022-05-01,0.2412230619,0.1995192530,1
90017050,A0118150103,2022-06-01,0.2380732040,0.1657203349,1
90017050,A0118150103,2022-08-01,0.2994951123,0.1907476136,1
90017051,A0118150102,2017-12-01,0.0000000000,0.0000000000,1
90017051,A0118150101,2018-09-01,0.1575801933,0.1630308606,1
90017051,A0118150101,2018-11-01,0.1493900334,0.1618035646,1
90017051,A0118150101,2018-12-01,0.1548644652,0.1269025068,1
90017051,A0118150101,2019-01-01,0.1632805935,0.1655188630,1
90017051,A0118150101,2019-03-01,0.1523520886,0.1832101285,1
90017051,A0118150101,2019-04-01,0.1441753074,0.1258550167,1
90017051,A0118150101,2019-05-01,0.1328333174,0.1727853983,1
90017051,A0118150101,2019-07-01,0.1399376681,0.1475586127,1
90017051,A0118150101,2019-08-01,0.1489784461,0.1889922190,1
90017051,A0118150101,2019-09-01,0.2402651336,0.1079902144,1
90017051,A0118150101,2019-11-01,0.2566744773,0.0964176271,1
90017051,A0118150101,2019-12-01,0.2963414318,0.1083981107,1
90017051,A0118150101,2020-01-01,0.2746452276,0.1084456945,1
90017051,A0118150101,2020-03-01,0.2409460342,0.1156595127,1
90017051,A0118150101,2020-04-01,0.2764576715,0.1076228719,1
90017051,A0118150101,2020-05-01,0.2513136210,0.0954962568,1
90017051,A0118150101,2020-07-01,0.2733689913,0.0928111053,1
90017051,A0118150101,2020-08-01,0.2228135390,0.0867244397,1
90017051,A0118150101,2020-09-01,0.2355876046,0.1069729033,1
90017051,A0118150101,2020-11-01,0.2367628977,0.0913969664,1
90017051,A0118150101,2020-12-01,0.1968903597,0.1023868044,1
90017051,A0118150101,2021-01-01,0.1849858652,0.0721808308,1
90017051,A0118150101,2021-03-01,0.2080433803,0.1027678759,1
90017051,A0118150101,2021-04-01,0.2312760986,0.0984607465,1
90017051,A0118150101,2021-05-01,0.2366361032,0.0956562594,1
90017051,A0118150101,2021-07-01,0.2315502726,0.0867851230,1
90017051,A0118150101,2021-08-01,0.2117808661,0.1023003025,1
90017051,A0118150103,2021-09-01,0.2407287043,0.1982984599,1
90017051,A0118150103,2021-11-01,0.2558503970,0.1696069840,1
90017051,A0118150103,2021-12-01,0.2194773089,0.1848092574,1
90017051,A0118150103,2022-01-01,0.2972264692,0.1557896058,1
90017051,A0118150103,2022-03-01,0.2570680392,0.1394600529,1
90017051,A0118150103,2022-04-01,0.2282571916,0.1959569186,1
90017051,A0118150103,2022-05-01,0.2137859203,0.1302423224,1
90017051,A0118150103,2022-07-01,0.2332290003,0.1295579525,1
90017051,A0118150103,2022-08-01,0.2737866986,0.1889913362,1
90017052,A0118150102,2017-12-01,0.0000000000,0.0000000000,1
90017052,A0118150101,2018-10-01,0.1540323844,0.1767063164,1
90017052,A0118150101,2018-11-01,0.1151358595,0.1622764857,1
90017052,A0118150101,2018-12-01,0.1547913254,0.1899551318,1
90017052,A0118150101,2019-02-01,0.1407580298,0.1337711570,1
90017052,A0118150101,2019-03-01,0.1443226965,0.1313005182,1
90017052,A0118150101,2019-04-01,0.1359193299,0.1396086340,1
90017052,A0118150101,2019-06-01,0.1242822742,0.1391269824,1
90017052,A0118150101,2019-07-01,0.1257872759,0.1766567432,1
90017052,A0118150101,2019-08-01,0.1199039867,0.1574263065,1
90017052,A0118150101,2019-10-01,0.2131887412,0.1159714947,1
90017052,A0118150101,2019-11-01,0.2461167462,0.1101881011,1
90017052,A0118150101,2019-12-01,0.2496332411,0.1043148354,1
90017052,A0118150101,2020-02-01,0.2993295114,0.0945867559,1
90017052,A0118150101,2020-03-01,0.2149258539,0.0807627444,1
90017052,A0118150101,2020-04-01,0.2304360709,0.0991538293,1
90017052,A0118150101,2020-06-01,0.2886951131,0.0825728465,1
90017052,A0118150101,2020-07-01,0.2327658181,0.0954832522,1
90017052,A0118150101,2020-08-01,0.2872980477,0.0877996927,1
90017052,A0118150101,2020-10-01,0.2080310892,0.0967932610,1
90017052,A0118150101,2020-11-01,0.1739799162,0.0972928836,1
90017052,A0118150101,2020-12-01,0.2396247460,0.0850973608,1
90017052,A0118150101,2021-02-01,0.2212508746,0.0867486622,1
90017052,A0118150101,2021-03-01,0.2367137923,0.0936689195,1
90017052,A0118150101,2021-04-01,0.2070015938,0.0886584460,1
90017052,A0118150101,2021-06-01,0.2173282252,0.0999953096,1
90017052,A0118150101,2021-07-01,0.1930519523,0.0919175232,1
90017052,A0118150101,2021-08-01,0.1998652470,0.0983291891,1
90017052,A0118150103,2021-10-01,0.2354004070,0.1682318966,1
90017052,A0118150103,2021-11-01,0.2426184790,0.1463030277,1
90017052,A0118150103,2021-12-01,0.2489012785,0.1731287559,1
90017052,A0118150103,2022-02-01,0.2517391092,0.1556682950,1
90017052,A0118150103,2022-03-01,0.2631829129,0.1830230246,1
90017052,A0118150103,2022-04-01,0.2936994003,0.1718769765,1
90017052,A0118150103,2022-06-01,0.2938073651,0.1301068921,1
90017052,A0118150103,2022-07-01,0.3112090261,0.1465512907,1
90017052,A0118150103,2022-08-01,0.2536448916,0.1985564268,1
90017053,A0118150101,2018-09-01,0.1242333835,0.1757898339,1
90017053,A0118150101,2018-10-01,0.1459323781,0.1604396573,1
90017053,A0118150101,2018-11-01,0.1587589423,0.1579637438,1
90017053,A0118150101,2019-01-01,0.1409789701,0.1756646154,1
90017053,A0118150101,2019-02-01,0.1299034973,0.1397854495,1
90017053,A0118150101,2019-03-01,0.1230254478,0.1486470086,1
90017053,A0118150101,2019-05-01,0.1655531299,0.1593194716,1
90017053,A0118150101,2019-06-01,0.1218083545,0.1249921022,1
90017053,A0118150101,2019-07-01,0.1423252289,0.1514818006,1
90017053,A0118150101,2019-09-01,0.2782486169,0.0990140269,1
90017053,A0118150101,2019-10-01,0.2315976883,0.1084379338,1
90017053,A0118150101,2019-11-01,0.2205030354,0.0927970077,1
90017053,A0118150101,2020-01-01,0.3143933047,0.1083827294,1
90017053,A0118150101,2020-02-01,0.2316326429,0.1013527802,1
90017053,A0118150101,2020-03-01,0.2680579943,0.0888707885,1
90017053,A0118150101,2020-05-01,0.2832497954,0.0776725684,1
90017053,A0118150101,2020-06-01,0.3024772640,0.1024277654,1
90017053,A0118150101,2020-07-01,0.2617714813,0.1013562994,1
90017053,A0118150101,2020-09-01,0.1699593050,0.0779325924,1
90017053,A0118150101,2020-10-01,0.1781609056,0.0681066290,1
90017053,A0118150101,2020-11-01,0.2432030227,0.0681460165,1
90017053,A0118150101,2021-01-01,0.1872511099,0.0723776725,1
90017053,A0118150101,2021-02-01,0.1755170083,0.0921843680,1
90017053,A0118150101,2021-03-01,0.2342596542,0.1041006889,1
90017053,A0118150101,2021-05-01,0.1982663301,0.0947952165,1
90017053,A0118150101,2021-06-01,0.2120935568,0.0825372898,1
90017053,A0118150101,2021-07-01,0.1712216506,0.1056882542,1
90017053,A0118150103,2021-09-01,0.3002419993,0.1634964054,1
90017053,A0118150103,2021-10-01,0.2621171182,0.1454374999,1
90017053,A0118150103,2021-11-01,0.3105753393,0.1933199336,1
90017053,A0118150103,2022-01-01,0.2417205735,0.1296772127,1
90017053,A0118150103,2022-02-01,0.2080580468,0.2004118725,1
90017053,A0118150103,2022-03-01,0.2082881747,0.1372353047,1
90017053,A0118150103,2022-05-01,0.2540246282,0.1881337011,1
90017053,A0118150103,2022-06-01,0.2365567874,0.1326274155,1
90017053,A0118150103,2022-07-01,0.2198225049,0.1902011106,1
90017054,A0118150102,2017-12-01,0.0000000000,0.0000000000,1
90017054,A0118150101,2018-09-01,0.1346096006,0.1651671390,1
90017054,A0118150101,2018-10-01,0.1510824644,0.1318446422,1
90017054,A0118150101,2018-12-01,0.1585980673,0.1628417590,1
90017054,A0118150101,2019-01-01,0.1165977691,0.1311817130,1
90017054,A0118150101,2019-02-01,0.1529394650,0.1563908994,1
90017054,A0118150101,2019-04-01,0.1597429158,0.1758034724,1
90017054,A0118150101,2019-05-01,0.1303074496,0.1868255611,1
90017054,A0118150101,2019-06-01,0.1593273253,0.1521397917,1
90017054,A0118150101,2019-08-01,0.1440275258,0.1947536286,1
90017054,A0118150101,2019-09-01,0.3018173589,0.0923982034,1
90017054,A0118150101,2019-10-01,0.2518955461,0.0835210408,1
90017054,A0118150101,2019-12-01,0.2331294460,0.0880878158,1
90017054,A0118150101,2020-01-01,0.2706353719,0.1148808661,1
90017054,A0118150101,2020-02-01,0.2178352094,0.0831219357,1
90017054,A0118150101,2020-04-01,0.2722926361,0.0919561762,1
90017054,A0118150101,2020-05-01,0.2631712616,0.0819825804,1
90017054,A0118150101,2020-06-01,0.2293949545,0.0750877999,1
90017054,A0118150101,2020-08-01,0.2974481050,0.0781183728,1
90017054,A0118150101,2020-09-01,0.1754347827,0.1054740074,1
90017054,A0118150101,2020-10-01,0.1796168269,0.0926296626,1
90017054,A0118150101,2020-12-01,0.2186281727,0.0781120665,1
90017054,A0118150101,2021-01-01,0.1917808406,0.0796486927,1
90017054,A0118150101,2021-02-01,0.1779416518,0.0743221992,1
90017054,A0118150101,2021-04-01,0.2295743654,0.0827472313,1
90017054,A0118150101,2021-05-01,0.1933603840,0.0950789526,1
90017054,A0118150101,2021-06-01,0.1931857845,0.1004396720,1
90017054,A0118150101,2021-08-01,0.2226076366,0.0818388923,1
90017054,A0118150103,2021-09-01,0.2365348569,0.1389064282,1
90017054,A0118150103,2021-10-01,0.2867250215,0.1995155472,1
90017054,A0118150103,2021-12-01,0.2521758606,0.1372086007,1
90017054,A0118150103,2022-01-01,0.2293785481,0.1332179070,1
90017054,A0118150103,2022-02-01,0.2353538586,0.1778973957,1
90017054,A0118150103,2022-04-01,0.2668705186,0.1751360575,1
90017054,A0118150103,2022-05-01,0.2678580146,0.1932554043,1
90017054,A0118150103,2022-06-01,0.2589837239,0.1810538762,1
90017054,A0118150103,2022-08-01,0.3093834398,0.1335014720,1
90017055,A0118150102,2017-12-01,0.0000000000,0.0000000000,1
90017055,A0118150101,2018-09-01,0.1186925283,0.1245520261,1
90017055,A0118150101,2018-11-01,0.1358014538,0.1914549111,1
90017055,A0118150101,2018-12-01,0.1395257936,0.1429480030,1
90017055,A0118150101,2019-01-01,0.1448183105,0.1524830212,1
90017055,A0118150101,2019-03-01,0.1613355553,0.1357320304,1
90017055,A0118150101,2019-04-01,0.1331391785,0.1693740256,1
90017055,A0118150101,2019-05-01,0.1382463925,0.1466673547,1
90017055,A0118150101,2019-07-01,0.1178461131,0.1702349482,1
90017055,A0118150101,2019-08-01,0.1390399662,0.1375867142,1
90017055,A0118150101,2019-09-01,0.2854743516,0.0942896751,1
90017055,A0118150101,2019-11-01,0.2348297631,0.1003792892,1
90017055,A0118150101,2019-12-01,0.2124993263,0.1106493147,1
90017055,A0118150101,2020-01-01,0.2370547498,0.1145933204,1
90017055,A0118150101,2020-03-01,0.2292094960,0.0947393358,1
90017055,A0118150101,2020-04-01,0.2955692763,0.0774247275,1
90017055,A0118150101,2020-05-01,0.2366104534,0.1177427655,1
90017055,A0118150101,2020-07-01,0.2789354491,0.1142977105,1
90017055,A0118150101,2020-08-01,0.3059331082,0.0790987682,1
90017055,A0118150101,2020-09-01,0.2109417332,0.0701552817,1
90017055,A0118150101,2020-11-01,0.1872995017,0.1050535405,1
90017055,A0118150101,2020-12-01,0.1694683012,0.0906731972,1
90017055,A0118150101,2021-01-01,0.2249502339,0.0933750223,1
90017055,A0118150101,2021-03-01,0.2369594681,0.0732706450,1
90017055,A0118150101,2021-04-01,0.1870546378,0.1052256797,1
90017055,A0118150101,2021-05-01,0.2202430318,0.1005317844,1
90017055,A0118150101,2021-07-01,0.1674958111,0.0744322138,1
90017055,A0118150101,2021-08-01,0.1988082760,0.0908323191,1
90017055,A0118150103,2021-09-01,0.2455918535,0.1820706998,1
90017055,A0118150103,2021-11-01,0.2418981051,0.1347176741,1
90017055,A0118150103,2021-12-01,0.2209652166,0.1604414797,1
90017055,A0118150103,2022-01-01,0.2623751423,0.1905266429,1
90017055,A0118150103,2022-03-01,0.2533866502,0.2021037899,1
90017055,A0118150103,2022-04-01,0.2870949109,0.1749008886,1
90017055,A0118150103,2022-05-01,0.3043628552,0.1553592298,1
90017055,A0118150103,2022-07-01,0.2262872519,0.1599907794,1
90017055,A0118150103,2022-08-01,0.2723996690,0.1674442864,1
90017056,A0118150102,2017-12-01,0.0000000000,0.0000000000,1
90017056,A0118150101,2018-10-01,0.1547266675,0.1341773196,1
90017056,A0118150101,2018-11-01,0.1613654280,0.1941513337,1
90017056,A0118150101,2018-12-01,0.1304641903,0.1874223127,1
90017056,A0118150101,2019-02-01,0.1498990513,0.1575118187,1
90017056,A0118150101,2019-03-01,0.1413308870,0.1467935727,1
90017056,A0118150101,2019-04-01,0.1278155095,0.1657080905,1
90017056,A0118150101,2019-06-01,0.1500004022,0.1603175197,1
90017056,A0118150101,2019-07-01,0.1689419014,0.1758892867,1
90017056,A0118150101,2019-08-01,0.1684996891,0.1684341995,1
90017056,A0118150101,2019-10-01,0.2344731765,0.0957366852,1
90017056,A0118150101,2019-11-01,0.2205107073,0.1115509148,1
90017056,A0118150101,2019-12-01,0.2553663048,0.1165324399,1
90017056,A0118150101,2020-02-01,0.3025832223,0.1074479704,1
90017056,A0118150101,2020-03-01,0.2882043651,0.0780861996,1
90017056,A0118150101,2020-04-01,0.2629715656,0.1180085294,1
90017056,A0118150101,2020-06-01,0.3020996284,0.0988371322,1
90017056,A0118150101,2020-07-01,0.2114666372,0.1067960149,1
90017056,A0118150101,2020-08-01,0.2970947517,0.0952056678,1
90017056,A0118150101,2020-10-01,0.2123771399,0.0895614664,1
90017056,A0118150101,2020-11-01,0.2111830823,0.0869735070,1
90017056,A0118150101,2020-12-01,0.2255872879,0.0697376737,1
90017056,A0118150101,2021-02-01,0.1967958947,0.0937571479,1
90017056,A0118150101,2021-03-01,0.1808883015,0.0707725881,1
90017056,A0118150101,2021-04-01,0.1785381324,0.1056207590,1
90017056,A0118150101,2021-06-01,0.1800286579,0.0927484403,1
90017056,A0118150101,2021-07-01,0.2045279233,0.0935133440,1
90017056,A0118150101,2021-08-01,0.2107620954,0.0949694012,1
90017056,A0118150103,2021-10-01,0.2226926610,0.1545750462,1
90017056,A0118150103,2021-11-01,0.2854781586,0.1634426489,1
90017056,A0118150103,2021-12-01,0.2141527264,0.1637038429,1
90017056,A0118150103,2022-02-01,0.2413768682,0.1421673342,1
90017056,A0118150103,2022-03-01,0.2477546456,0.1943610356,1
90017056,A0118150103,2022-04-01,0.2699444547,0.1669238033,1
90017056,A0118150103,2022-06-01,0.2626011429,0.1566446865,1
90017056,A0118150103,2022-07-01,0.2931103405,0.1495957318,1
90017056,A0118150103,2022-08-01,0.2524761059,0.1974470269,1
90017057,A0118150101,2018-09-01,0.1640232776,0.1855582138,1
90017057,A0118150101,2018-10-01,0.1418332556,0.1308105816,1
90017057,A0118150101,2018-11-01,0.1332782382,0.1839382940,1
90017057,A0118150101,2019-01-01,0.1621299201,0.1393621971,1
90017057,A0118150101,2019-02-01,0.1587382907,0.1317198152,1
90017057,A0118150101,2019-03-01,0.1372658710,0.1445589227,1
90017057,A0118150101,2019-05-01,0.1391758714,0.1413701957,1
90017057,A0118150101,2019-06-01,0.1636078016,0.1351718418,1
90017057,A0118150101,2019-07-01,0.1264131531,0.1481024334,1
90017057,A0118150101,2019-09-01,0.2867365942,0.0916269290,1
90017057,A0118150101,2019-10-01,0.2516967305,0.1173815327,1
90017057,A0118150101,2019-11-01,0.3052091043,0.1122469803,1
90017057,A0118150101,2020-01-01,0.2907534307,0.0945109647,1
90017057,A0118150101,2020-02-01,0.2859865216,0.1150422811,1
90017057,A0118150101,2020-03-01,0.2712243236,0.1117933008,1
90017057,A0118150101,2020-05-01,0.3031997690,0.0893528573,1
90017057,A0118150101,2020-06-01,0.2910453552,0.0787899152,1
90017057,A0118150101,2020-07-01,0.2670793243,0.0859845463,1
90017057,A0118150101,2020-09-01,0.1962012446,0.0787979899,1
90017057,A0118150101,2020-10-01,0.2150502453,0.0829158653,1
90017057,A0118150101,2020-11-01,0.2173411786,0.0760182764,1
90017057,A0118150101,2021-01-01,0.2204086112,0.0768793939,1
90017057,A0118150101,2021-02-01,0.1848482230,0.0866563263,1
90017057,A0118150101,2021-03-01,0.2256786447,0.0704922569,1
90017057,A0118150101,2021-05-01,0.2089347716,0.0940506672,1
90017057,A0118150101,2021-06-01,0.2270870142,0.0910295182,1
90017057,A0118150101,2021-07-01,0.2010898239,0.0714608209,1
90017057,A0118150103,2021-09-01,0.2163813704,0.1771375758,1
90017057,A0118150103,2021-10-01,0.2719595251,0.1554827860,1
90017057,A0118150103,2021-11-01,0.2331386652,0.1503483629,1
90017057,A0118150103,2022-01-01,0.3030284973,0.1436962833,1
90017057,A0118150103,2022-02-01,0.2419361891,0.1668254969,1
90017057,A0118150103,2022-03-01,0.2361962898,0.2000850468,1
90017057,A0118150103,2022-05-01,0.2726028818,0.1353675495,1
90017057,A0118150103,2022-06-01,0.2289673414,0.1524480438,1
90017057,A0118150103,2022-07-01,0.3001443453,0.1841026575,1
90017058,A0118150102,2017-12-01,0.0000000000,0.0000000000,1
90017058,A0118150101,2018-09-01,0.1320038323,0.1260506723,1
90017058,A0118150101,2018-10-01,0.1651375249,0.1681653673,1
90017058,A0118150101,2018-12-01,0.1226412774,0.1787172979,1
90017058,A0118150101,2019-01-01,0.1647078771,0.1605695966,1
90017058,A0118150101,2019-02-01,0.1559548789,0.1690334602,1
90017058,A0118150101,2019-04-01,0.1646740462,0.1347949990,1
90017058,A0118150101,2019-05-01,0.1440371776,0.1713220995,1
90017058,A0118150101,2019-06-01,0.1401360799,0.1240188813,1
90017058,A0118150101,2019-08-01,0.1291762813,0.1354018093,1
90017058,A0118150101,2019-09-01,0.2731125316,0.1066038215,1
90017058,A0118150101,2019-10-01,0.2127072297,0.0830459656,1
90017058,A0118150101,2019-12-01,0.3021571620,0.1048862061,1
90017058,A0118150101,2020-01-01,0.2836613108,0.0987734425,1
90017058,A0118150101,2020-02-01,0.2137485366,0.0974695266,1
90017058,A0118150101,2020-04-01,0.2449288105,0.0874939470,1
90017058,A0118150101,2020-05-01,0.2275192304,0.0812189393,1
90017058,A0118150101,2020-06-01,0.2228050729,0.0789656083,1
90017058,A0118150101,2020-08-01,0.2174047537,0.0799739352,1
90017058,A0118150101,2020-09-01,0.2354636869,0.0851072008,1
90017058,A0118150101,2020-10-01,0.2182028127,0.0956817190,1
90017058,A0118150101,2020-12-01,0.1659572949,0.0821382166,1
90017058,A0118150101,2021-01-01,0.1677257300,0.0709092217,1
90017058,A0118150101,2021-02-01,0.1790825140,0.0691330290,1
90017058,A0118150101,2021-04-01,0.2329574120,0.1060671320,1
90017058,A0118150101,2021-05-01,0.1772837981,0.0885299281,1
90017058,A0118150101,2021-06-01,0.2305314248,0.0864621515,1
90017058,A0118150101,2021-08-01,0.1839919217,0.1037661451,1
90017058,A0118150103,2021-09-01,0.2169625524,0.1634226877,1
90017058,A0118150103,2021-10-01,0.3108935329,0.1648342709,1
90017058,A0118150103,2021-12-01,0.2949354765,0.1970673868,1
90017058,A0118150103,2022-01-01,0.2530194131,0.1529608482,1
90017058,A0118150103,2022-02-01,0.2859382369,0.1971507985,1
90017058,A0118150103,2022-04-01,0.2720402965,0.1530681625,1
90017058,A0118150103,2022-05-01,0.2837582848,0.1794843483,1
90017058,A0118150103,2022-06-01,0.2645357962,0.1584921438,1
90017058,A0118150103,2022-08-01,0.2995537083,0.1598605944,1
90017059,A0118150102,2017-12-01,0.0000000000,0.0000000000,1
90017059,A0118150101,2018-09-01,0.1675075949,0.1609577681,1
90017059,A0118150101,2018-11-01,0.1695438707,0.1283300782,1
90017059,A0118150101,2018-12-01,0.1644344357,0.1663835862,1
90017059,A0118150101,2019-01-01,0.1435298754,0.1856575948,1
90017059,A0118150101,2019-03-01,0.1288624390,0.1473083638,1
90017059,A0118150101,2019-04-01,0.1182399140,0.1644667389,1
90017059,A0118150101,2019-05-01,0.1262092818,0.1261299884,1
90017059,A0118150101,2019-07-01,0.1208334675,0.1388541928,1
90017059,A0118150101,2019-08-01,0.1277105686,0.1262471261,1
90017059,A0118150101,2019-09-01,0.2497612745,0.1057977840,1
90017059,A0118150101,2019-11-01,0.2870044707,0.1169338225,1
90017059,A0118150101,2019-12-01,0.3103344668,0.0908276480,1
90017059,A0118150101,2020-01-01,0.2435599922,0.0977087909,1
90017059,A0118150101,2020-03-01,0.2860720202,0.0926562053,1
90017059,A0118150101,2020-04-01,0.2584694779,0.1031842351,1
90017059,A0118150101,2020-05-01,0.3003793039,0.0815656627,1
90017059,A0118150101,2020-07-01,0.2898752552,0.1017219166,1
90017059,A0118150101,2020-08-01,0.2519595357,0.1047962353,1
90017059,A0118150101,2020-09-01,0.2378687935,0.1069718553,1
90017059,A0118150101,2020-11-01,0.2065561039,0.1066704871,1
90017059,A0118150101,2020-12-01,0.2355691476,0.0692534435,1
90017059,A0118150101,2021-01-01,0.1813939127,0.0768048668,1
90017059,A0118150101,2021-03-01,0.1832360267,0.0745515740,1
90017059,A0118150101,2021-04-01,0.2283285969,0.0888937089,1
90017059,A0118150101,2021-05-01,0.1627157787,0.0762459085,1
90017059,A0118150101,2021-07-01,0.2194530607,0.1032147201,1
90017059,A0118150101,2021-08-01,0.1916970361,0.0694306404,1
90017059,A0118150103,2021-09-01,0.2451754222,0.1990775497,1
90017059,A0118150103,2021-11-01,0.2201411838,0.1920721444,1
90017059,A0118150103,2021-12-01,0.3021807201,0.1423043366,1
90017059,A0118150103,2022-01-01,0.2136114494,0.1890813190,1
90017059,A0118150103,2022-03-01,0.2783957836,0.1890912837,1
90017059,A0118150103,2022-04-01,0.3034519850,0.1952370816,1
90017059,A0118150103,2022-05-01,0.2591002242,0.2024292761,1
90017059,A0118150103,2022-07-01,0.2359554222,0.1820979046,1
90017059,A0118150103,2022-08-01,0.2168322638,0.1944264611,1
90018105,A0118150101,2019-09-01,0.1727643636,0.1325193259,1
90018105,A0118150101,2019-10-01,0.1855970437,0.1856725958,1
90018105,A0118150101,2019-11-01,0.2031945512,0.1565845838,1
90018105,A0118150101,2020-01-01,0.1888558145,0.1884285022,1
90018105,A0118150101,2020-02-01,0.1757987576,0.1595991547,1
90018105,A0118150101,2020-03-01,0.1424429629,0.1830855415,1
90018105,A0118150101,2020-05-01,0.1857123596,0.1809677295,1
90018105,A0118150101,2020-06-01,0.1876844536,0.1583526511,1
90018105,A0118150101,2020-07-01,0.1862532371,0.1888514131,1
90018105,A0118150101,2020-09-01,0.2999760228,0.1404103770,1
90018105,A0118150101,2020-10-01,0.2616979962,0.1410503061,1
90018105,A0118150101,2020-11-01,0.2384586207,0.1321489725,1
90018105,A0118150101,2021-01-01,0.2488636521,0.1216211015,1
90018105,A0118150101,2021-02-01,0.2582670280,0.1169664445,1
90018105,A0118150101,2021-03-01,0.3096629254,0.1123298451,1
90018105,A0118150101,2021-05-01,0.3096752352,0.1055219654,1
90018105,A0118150101,2021-06-01,0.2699358626,0.1168105700,1
90018105,A0118150101,2021-07-01,0.2823832258,0.1338478676,1
90018105,A0118150103,2021-09-01,0.1194498174,0.0939188887,1
90018105,A0118150103,2021-10-01,0.1108541730,0.1001061278,1
90018105,A0118150103,2021-11-01,0.0972148259,0.1037482606,1
90018105,A0118150103,2022-01-01,0.1163620334,0.1122085094,1
90018105,A0118150103,2022-02-01,0.1033014153,0.1097186664,1
90018105,A0118150103,2022-03-01,0.1215959408,0.1082647036,1
90018105,A0118150103,2022-05-01,0.1102847389,0.0848667255,1
90018105,A0118150103,2022-06-01,0.0985266450,0.0858577059,1
90018105,A0118150103,2022-07-01,0.1273533511,0.0759802775,1
90018106,A0118150102,2017-12-01,0.0000000000,0.0000000000,1
90018106,A0118150101,2019-09-01,0.1489493466,0.1754952925,1
90018106,A0118150101,2019-10-01,0.1731195413,0.1310589946,1
90018106,A0118150101,2019-12-01,0.2015060063,0.1936030956,1
90018106,A0118150101,2020-01-01,0.1783495623,0.1941794882,1
90018106,A0118150101,2020-02-01,0.1406931506,0.1552503401,1
90018106,A0118150101,2020-04-01,0.1445873573,0.1930695093,1
90018106,A0118150101,2020-05-01,0.1867439948,0.1785447263,1
90018106,A0118150101,2020-06-01,0.1537360244,0.1539757920,1
90018106,A0118150101,2020-08-01,0.1705356983,0.1586321931,1
90018106,A0118150101,2020-09-01,0.2548367044,0.1104474336,1
90018106,A0118150101,2020-10-01,0.2673476164,0.1098589294,1
90018106,A0118150101,2020-12-01,0.2543409718,0.1164768253,1
90018106,A0118150101,2021-01-01,0.2830810582,0.1362646701,1
90018106,A0118150101,2021-02-01,0.2673861108,0.1456539966,1
90018106,A0118150101,2021-04-01,0.2938976354,0.1187094606,1
90018106,A0118150101,2021-05-01,0.2475121809,0.1136542948,1
90018106,A0118150101,2021-06-01,0.2751256179,0.1400167904,1
90018106,A0118150101,2021-08-01,0.2599507774,0.1116192522,1
90018106,A0118150103,2021-09-01,0.1060157668,0.0736203379,1
90018106,A0118150103,2021-10-01,0.0999086323,0.1106562732,1
90018106,A0118150103,2021-12-01,0.1282002803,0.1024177511,1
90018106,A0118150103,2022-01-01,0.0931554612,0.0777455679,1
90018106,A0118150103,2022-02-01,0.1203189799,0.0749402976,1
90018106,A0118150103,2022-04-01,0.1168958425,0.1004203607,1
90018106,A0118150103,2022-05-01,0.0925214007,0.1020315431,1
90018106,A0118150103,2022-06-01,0.0950571502,0.0744423157,1
90018106,A0118150103,2022-08-01,0.1209471519,0.0867248341,1
90018107,A0118150102,2017-12-01,0.0000000000,0.0000000000,1
90018107,A0118150101,2019-09-01,0.1410231762,0.1660994769,1
90018107,A0118150101,2019-11-01,0.1931474594,0.1913063185,1
90018107,A0118150101,2019-12-01,0.1797220451,0.1923353899,1
90018107,A0118150101,2020-01-01,0.1544270977,0.1517649072,1
90018107,A0118150101,2020-03-01,0.1837279059,0.1609401042,1
90018107,A0118150101,2020-04-01,0.1778867223,0.1714039692,1
90018107,A0118150101,2020-05-01,0.2034693102,0.1407625394,1
90018107,A0118150101,2020-07-01,0.1890028456,0.1532521143,1
90018107,A0118150101,2020-08-01,0.1432690870,0.2002384315,1
90018107,A0118150101,2020-09-01,0.2690868388,0.1139021876,1
90018107,A0118150101,2020-11-01,0.2741961554,0.0996941080,1
90018107,A0118150101,2020-12-01,0.2906415872,0.1186218237,1
90018107,A0118150101,2021-01-01,0.2220480583,0.0953649337,1
90018107,A0118150101,2021-03-01,0.2134855669,0.1129178508,1
90018107,A0118150101,2021-04-01,0.2950734039,0.1108456184,1
90018107,A0118150101,2021-05-01,0.2747878812,0.1440327914,1
90018107,A0118150101,2021-07-01,0.2173218137,0.1264126322,1
90018107,A0118150101,2021-08-01,0.2668360056,0.1189967507,1
90018107,A0118150103,2021-09-01,0.1015519075,0.1062693594,1
90018107,A0118150103,2021-11-01,0.1004965037,0.1135575451,1
90018107,A0118150103,2021-12-01,0.1207775898,0.0921503528,1
90018107,A0118150103,2022-01-01,0.1015869415,0.0952697953,1
90018107,A0118150103,2022-03-01,0.1312832315,0.1071084825,1
90018107,A0118150103,2022-04-01,0.1262419476,0.1099049671,1
90018107,A0118150103,2022-05-01,0.1131701021,0.0904428538,1
90018107,A0118150103,2022-07-01,0.1024049283,0.0806501503,1
90018107,A0118150103,2022-08-01,0.0927588396,0.0740027808,1
90018108,A0118150102,2017-12-01,0.0000000000,0.0000000000,1
90018108,A0118150101,2019-10-01,0.1802278836,0.1757166548,1
90018108,A0118150101,2019-11-01,0.1854628446,0.1726349505,1
90018108,A0118150101,2019-12-01,0.1995543769,0.1680285996,1
90018108,A0118150101,2020-02-01,0.2047684896,0.1747249509,1
90018108,A0118150101,2020-03-01,0.1470191147,0.1373790122,1
90018108,A0118150101,2020-04-01,0.1391478288,0.1854729179,1
90018108,A0118150101,2020-06-01,0.1448345252,0.1442811030,1
90018108,A0118150101,2020-07-01,0.1847804540,0.1893996906,1
90018108,A0118150101,2020-08-01,0.1604464379,0.1590025432,1
90018108,A0118150101,2020-10-01,0.3019114039,0.0964594357,1
90018108,A0118150101,2020-11-01,0.2627961230,0.1440360951,1
90018108,A0118150101,2020-12-01,0.2492577047,0.1351006880,1
90018108,A0118150101,2021-02-01,0.2228068418,0.1429160910,1
90018108,A0118150101,2021-03-01,0.2132804696,0.1365257259,1
90018108,A0118150101,2021-04-01,0.2401113688,0.0980609480,1
90018108,A0118150101,2021-06-01,0.2612348004,0.1448785209,1
90018108,A0118150101,2021-07-01,0.2645737758,0.1340698785,1
90018108,A0118150101,2021-08-01,0.2319994568,0.0983025919,1
90018108,A0118150103,2021-10-01,0.1121090565,0.0844026267,1
90018108,A0118150103,2021-11-01,0.1264602489,0.1151510164,1
90018108,A0118150103,2021-12-01,0.1286681129,0.1083357674,1
90018108,A0118150103,2022-02-01,0.1270446256,0.1067439639,1
90018108,A0118150103,2022-03-01,0.1259860232,0.0927616997,1
90018108,A0118150103,2022-04-01,0.1080128360,0.0757265006,1
90018108,A0118150103,2022-06-01,0.1223456626,0.0863548191,1
90018108,A0118150103,2022-07-01,0.1230922030,0.0996060195,1
90018108,A0118150103,2022-08-01,0.1238709442,0.0796896256,1
90018109,A0118150101,2019-09-01,0.2051564089,0.1862449597,1
90018109,A0118150101,2019-10-01,0.1731563065,0.1460580668,1
90018109,A0118150101,2019-11-01,0.1894273374,0.1546503235,1
90018109,A0118150101,2020-01-01,0.1662518198,0.1659616105,1
90018109,A0118150101,2020-02-01,0.2047920328,0.1905341293,1
90018109,A0118150101,2020-03-01,0.1610413020,0.1370162696,1
90018109,A0118150101,2020-05-01,0.1571724914,0.1954007307,1
90018109,A0118150101,2020-06-01,0.1959142960,0.1449112023,1
90018109,A0118150101,2020-07-01,0.2017001439,0.1691191514,1
90018109,A0118150101,2020-09-01,0.2421281127,0.1356178417,1
90018109,A0118150101,2020-10-01,0.2336669483,0.1392751609,1
90018109,A0118150101,2020-11-01,0.3116673509,0.1041708033,1
90018109,A0118150101,2021-01-01,0.2626939994,0.1426003773,1
90018109,A0118150101,2021-02-01,0.2192720608,0.1142455046,1
90018109,A0118150101,2021-03-01,0.3044587779,0.1074679593,1
90018109,A0118150101,2021-05-01,0.2516489104,0.1179895735,1
90018109,A0118150101,2021-06-01,0.2215161177,0.1441003132,1
90018109,A0118150101,2021-07-01,0.2541965456,0.1442275804,1
90018109,A0118150103,2021-09-01,0.1144483527,0.0949221905,1
90018109,A0118150103,2021-10-01,0.1019958202,0.0882643250,1
90018109,A0118150103,2021-11-01,0.1077099451,0.0939501194,1
90018109,A0118150103,2022-01-01,0.1257506258,0.0785957096,1
90018109,A0118150103,2022-02-01,0.1085757927,0.0869054202,1
90018109,A0118150103,2022-03-01,0.1156652686,0.1030870837,1
90018109,A0118150103,2022-05-01,0.0953158713,0.1041944122,1
90018109,A0118150103,2022-06-01,0.1049191465,0.0847015928,1
90018109,A0118150103,2022-07-01,0.0916366090,0.0945809584,1
90018110,A0118150102,2017-12-01,0.0000000000,0.0000000000,1
90018110,A0118150101,2019-09-01,0.1411263655,0.1805297681,1
90018110,A0118150101,2019-10-01,0.1475925308,0.1890816241,1
90018110,A0118150101,2019-12-01,0.1803483918,0.1705092937,1
90018110,A0118150101,2020-01-01,0.1589418615,0.1375290580,1
90018110,A0118150101,2020-02-01,0.1961291638,0.1978866099,1
90018110,A0118150101,2020-04-01,0.1841978913,0.1672168061,1
90018110,A0118150101,2020-05-01,0.1725420200,0.1730239796,1
90018110,A0118150101,2020-06-01,0.1840508926,0.1756635743,1
90018110,A0118150101,2020-08-01,0.2048994485,0.1387334889,1
90018110,A0118150101,2020-09-01,0.2428176102,0.1053620939,1
90018110,A0118150101,2020-10-01,0.2584477646,0.1465639699,1
90018110,A0118150101,2020-12-01,0.3106739554,0.0957230095,1
90018110,A0118150101,2021-01-01,0.3145729518,0.1070589435,1
90018110,A0118150101,2021-02-01,0.2561284085,0.1323479279,1
90018110,A0118150101,2021-04-01,0.2677425709,0.0974590109,1
90018110,A0118150101,2021-05-01,0.3084390466,0.1231779718,1
90018110,A0118150101,2021-06-01,0.2470389313,0.1278233539,1
90018110,A0118150101,2021-08-01,0.2893185734,0.1198323470,1
90018110,A0118150103,2021-09-01,0.1206368793,0.0766781810,1
90018110,A0118150103,2021-10-01,0.1167445466,0.1123665673,1
90018110,A0118150103,2021-12-01,0.1114950440,0.0890637144,1
90018110,A0118150103,2022-01-01,0.1054040438,0.0802209600,1
90018110,A0118150103,2022-02-01,0.1185703850,0.1043463132,1
90018110,A0118150103,2022-04-01,0.1062771666,0.0823997381,1
90018110,A0118150103,2022-05-01,0.0985074451,0.0942761716,1
90018110,A0118150103,2022-06-01,0.1300111305,0.0819930637,1
90018110,A0118150103,2022-08-01,0.1171366086,0.1095220859,1
90018111,A0118150102,2017-12-01,0.0000000000,0.0000000000,1
90018111,A0118150101,2019-09-01,0.1812300623,0.1616676016,1
90018111,A0118150101,2019-11-01,0.1529645834,0.1328237522,1
90018111,A0118150101,2019-12-01,0.1855988383,0.2005549063,1
90018111,A0118150101,2020-01-01,0.1545838187,0.1804816211,1
90018111,A0118150101,2020-03-01,0.1720061327,0.1991092516,1
90018111,A0118150101,2020-04-01,0.1657440506,0.1545546411,1
90018111,A0118150101,2020-05-01,0.1456551962,0.1735187554,1
90018111,A0118150101,2020-07-01,0.1435074029,0.1805239644,1
90018111,A0118150101,2020-08-01,0.1457352508,0.1739773609,1
90018111,A0118150101,2020-09-01,0.2990574948,0.1439404368,1
90018111,A0118150101,2020-11-01,0.2815347946,0.0953210224,1
90018111,A0118150101,2020-12-01,0.2834744648,0.0962004075,1
90018111,A0118150101,2021-01-01,0.2630312265,0.1460010544,1
90018111,A0118150101,2021-03-01,0.2370343229,0.1390034325,1
90018111,A0118150101,2021-04-01,0.2380613424,0.1255687286,1
90018111,A0118150101,2021-05-01,0.2352892031,0.1410488496,1
90018111,A0118150101,2021-07-01,0.3091877840,0.1209793252,1
90018111,A0118150101,2021-08-01,0.3033506421,0.1115859396,1
90018111,A0118150103,2021-09-01,0.1040706951,0.1022614426,1
90018111,A0118150103,2021-11-01,0.1048645018,0.0894650373,1
90018111,A0118150103,2021-12-01,0.1274851469,0.0784964913,1
90018111,A0118150103,2022-01-01,0.1043698005,0.0951144332,1
90018111,A0118150103,2022-03-01,0.0974716546,0.0980255413,1
90018111,A0118150103,2022-04-01,0.0959794594,0.0898795137,1
90018111,A0118150103,2022-05-01,0.1001631086,0.0824848488,1
90018111,A0118150103,2022-07-01,0.1169902690,0.0877166615,1
90018111,A0118150103,2022-08-01,0.1002009805,0.0911939207,1
90018112,A0118150102,2017-12-01,0.0000000000,0.0000000000,1
90018112,A0118150101,2019-10-01,0.1520697510,0.1942088145,1
90018112,A0118150101,2019-11-01,0.1501415195,0.1392705866,1
90018112,A0118150101,2019-12-01,0.1668791111,0.1519400204,1
90018112,A0118150101,2020-02-01,0.1657555302,0.1802276278,1
90018112,A0118150101,2020-03-01,0.1693860703,0.1329689229,1
90018112,A0118150101,2020-04-01,0.1767903362,0.1956412930,1
90018112,A0118150101,2020-06-01,0.1996004970,0.1826050147,1
90018112,A0118150101,2020-07-01,0.1521228515,0.1860022972,1
90018112,A0118150101,2020-08-01,0.1450314982,0.1507464657,1
90018112,A0118150101,2020-10-01,0.2232401290,0.1466127075,1
90018112,A0118150101,2020-11-01,0.3179734149,0.1309773568,1
90018112,A0118150101,2020-12-01,0.3129819932,0.1265445097,1
90018112,A0118150101,2021-02-01,0.2423686810,0.1431186380,1
90018112,A0118150101,2021-03-01,0.2853911104,0.0957203546,1
90018112,A0118150101,2021-04-01,0.2815622062,0.1219292873,1
90018112,A0118150101,2021-06-01,0.2739427803,0.1033676444,1
90018112,A0118150101,2021-07-01,0.3081466760,0.1036981589,1
90018112,A0118150101,2021-08-01,0.3070243912,0.1377928206,1
90018112,A0118150103,2021-10-01,0.0890746661,0.0802136810,1
90018112,A0118150103,2021-11-01,0.1255966268,0.0910591910,1
90018112,A0118150103,2021-12-01,0.1286124833,0.1149760541,1
90018112,A0118150103,2022-02-01,0.1318158216,0.1001050562,1
90018112,A0118150103,2022-03-01,0.1163143133,0.0752557682,1
90018112,A0118150103,2022-04-01,0.1298674295,0.0880081025,1
90018112,A0118150103,2022-06-01,0.1137415385,0.0862283534,1
90018112,A0118150103,2022-07-01,0.0891960249,0.1007854772,1
90018112,A0118150103,2022-08-01,0.1228791216,0.1081669819,1
90018113,A0118150101,2019-09-01,0.1875501910,0.1372086448,1
90018113,A0118150101,2019-10-01,0.1885418301,0.1405190483,1
90018113,A0118150101,2019-11-01,0.1758228157,0.1964267785,1
90018113,A0118150101,2020-01-01,0.1834586217,0.1970340916,1
90018113,A0118150101,2020-02-01,0.1975739886,0.1993348847,1
90018113,A0118150101,2020-03-01,0.1669098990,0.1489267000,1
90018113,A0118150101,2020-05-01,0.1837778020,0.1752458413,1
90018113,A0118150101,2020-06-01,0.1706416890,0.1614548395,1
90018113,A0118150101,2020-07-01,0.1949703798,0.1565188659,1
90018113,A0118150101,2020-09-01,0.2579449943,0.1456590321,1
90018113,A0118150101,2020-10-01,0.2820435752,0.1458651552,1
90018113,A0118150101,2020-11-01,0.2726710189,0.1294621319,1
90018113,A0118150101,2021-01-01,0.2872270246,0.1161091062,1
90018113,A0118150101,2021-02-01,0.3038902577,0.1206954758,1
90018113,A0118150101,2021-03-01,0.2658942471,0.1211681500,1
90018113,A0118150101,2021-05-01,0.2976632841,0.0969294252,1
90018113,A0118150101,2021-06-01,0.2200368603,0.1163215412,1
90018113,A0118150101,2021-07-01,0.2940006992,0.1255434716,1
90018113,A0118150103,2021-09-01,0.1298120729,0.0943388107,1
90018113,A0118150103,2021-10-01,0.1106987689,0.0927638308,1
90018113,A0118150103,2021-11-01,0.1121040060,0.1100892610,1
90018113,A0118150103,2022-01-01,0.1258780647,0.1058048760,1
90018113,A0118150103,2022-02-01,0.0883608515,0.0852810550,1
90018113,A0118150103,2022-03-01,0.1109192862,0.1147069850,1
90018113,A0118150103,2022-05-01,0.1263131691,0.1002461220,1
90018113,A0118150103,2022-06-01,0.1113138288,0.0992339214,1
90018113,A0118150103,2022-07-01,0.0887310886,0.1142956725,1
90018114,A0118150102,2017-12-01,0.0000000000,0.0000000000,1
90018114,A0118150101,2019-09-01,0.1992742192,0.1482817080,1
90018114,A0118150101,2019-10-01,0.1936489567,0.1719214287,1
90018114,A0118150101,2019-12-01,0.1626777775,0.1830221562,1
90018114,A0118150101,2020-01-01,0.1935453207,0.1889133939,1
90018114,A0118150101,2020-02-01,0.1882324616,0.1378437713,1
90018114,A0118150101,2020-04-01,0.1575702244,0.1707479858,1
90018114,A0118150101,2020-05-01,0.2017312280,0.1826095853,1
90018114,A0118150101,2020-06-01,0.2031702914,0.1799248749,1
90018114,A0118150101,2020-08-01,0.2040155904,0.1714082214,1
90018114,A0118150101,2020-09-01,0.2304013985,0.0955689937,1
90018114,A0118150101,2020-10-01,0.3051575843,0.1212869127,1
90018114,A0118150101,2020-12-01,0.2986948065,0.1175330299,1
90018114,A0118150101,2021-01-01,0.2463681426,0.1257763643,1
90018114,A0118150101,2021-02-01,0.2641106820,0.1376314602,1
90018114,A0118150101,2021-04-01,0.2978674045,0.1051749701,1
90018114,A0118150101,2021-05-01,0.2976104755,0.1071770945,1
90018114,A0118150101,2021-06-01,0.2710804206,0.1374050475,1
90018114,A0118150101,2021-08-01,0.2273913657,0.1425259186,1
90018114,A0118150103,2021-09-01,0.1256275259,0.1003789733,1
90018114,A0118150103,2021-10-01,0.0911139421,0.0797641965,1
90018114,A0118150103,2021-12-01,0.0941272879,0.1047312824,1
90018114,A0118150103,2022-01-01,0.0898610656,0.1093299077,1
90018114,A0118150103,2022-02-01,0.0890523458,0.0903940182,1
90018114,A0118150103,2022-04-01,0.0913425853,0.1005980295,1
90018114,A0118150103,2022-05-01,0.1277253052,0.0868942363,1
90018114,A0118150103,2022-06-01,0.1151578545,0.1010591837,1
90018114,A0118150103,2022-08-01,0.1058757777,0.0809174362,1
90019200,A0118150102,2017-12-01,0.0000000000,0.0000000000,1
90019200,A0118150101,2018-10-01,0.1792445303,0.1279709238,1
90019200,A0118150101,2018-11-01,0.2614489066,0.0907713451,1
90019200,A0118150101,2018-12-01,0.2192021150,0.1237458117,1
90019200,A0118150101,2019-02-01,0.2359299392,0.0856306258,1
90019200,A0118150101,2019-03-01,0.2179502486,0.0866395488,1
90019200,A0118150101,2019-04-01,0.1746686341,0.0885051961,1
90019200,A0118150101,2019-06-01,0.2308402355,0.1117057381,1
90019200,A0118150101,2019-07-01,0.2594556056,0.0844142874,1
90019200,A0118150101,2019-08-01,0.2305198802,0.0988453068,1
90019200,A0118150101,2019-10-01,0.1842006101,0.1075970094,1
90019200,A0118150101,2019-11-01,0.1762968845,0.1295984384,1
90019200,A0118150101,2019-12-01,0.1368887256,0.0987411562,1
90019200,A0118150101,2020-02-01,0.1434958202,0.0871571646,1
90019200,A0118150101,2020-03-01,0.1349388245,0.1339167614,1
90019200,A0118150101,2020-04-01,0.1525042934,0.1191916877,1
90019200,A0118150101,2020-06-01,0.1699620995,0.0909661640,1
90019200,A0118150101,2020-07-01,0.1384547406,0.1268615208,1
90019200,A0118150101,2020-08-01,0.1957584869,0.1150920010,1
90019200,A0118150101,2020-10-01,0.1934053841,0.0697378880,1
90019200,A0118150101,2020-11-01,0.2317865718,0.1051149388,1
90019200,A0118150101,2020-12-01,0.1915301505,0.0700920840,1
90019200,A0118150101,2021-02-01,0.1878936630,0.0979169374,1
90019200,A0118150101,2021-03-01,0.2309397334,0.0744648066,1
90019200,A0118150101,2021-04-01,0.1866367044,0.0955748221,1
90019200,A0118150101,2021-06-01,0.1837901885,0.0895212757,1
90019200,A0118150101,2021-07-01,0.2368846904,0.0861009805,1
90019200,A0118150101,2021-08-01,0.2414184957,0.0885236543,1
90019200,A0118150103,2021-10-01,0.1676256699,0.1545808330,1
90019200,A0118150103,2021-11-01,0.1977243638,0.1958044265,1
90019200,A0118150103,2021-12-01,0.2137310715,0.1583724632,1
90019200,A0118150103,2022-02-01,0.1934870017,0.1996251762,1
90019200,A0118150103,2022-03-01,0.1746354448,0.2053982345,1
90019200,A0118150103,2022-04-01,0.1843297893,0.1360753626,1
90019200,A0118150103,2022-06-01,0.2175578907,0.1611766338,1
90019200,A0118150103,2022-07-01,0.2232916318,0.1762669373,1
90019200,A0118150103,2022-08-01,0.2297642585,0.1817017041,1
90019201,A0118150101,2018-09-01,0.2027477875,0.0927346113,1
90019201,A0118150101,2018-10-01,0.2125544023,0.1012888117,1
90019201,A0118150101,2018-11-01,0.1810009101,0.1034788742,1
90019201,A0118150101,2019-01-01,0.1805140140,0.1157482235,1
90019201,A0118150101,2019-02-01,0.2368596857,0.0905448755,1
90019201,A0118150101,2019-03-01,0.1791005758,0.1165153152,1
90019201,A0118150101,2019-05-01,0.2506109594,0.0889375067,1
90019201,A0118150101,2019-06-01,0.2136389102,0.1051211495,1
90019201,A0118150101,2019-07-01,0.2159781304,0.1163359960,1
90019201,A0118150101,2019-09-01,0.1902780855,0.1246132439,1
90019201,A0118150101,2019-10-01,0.1671281932,0.1044728933,1
90019201,A0118150101,2019-11-01,0.1742218774,0.0876602530,1
90019201,A0118150101,2020-01-01,0.1524592872,0.1213723332,1
90019201,A0118150101,2020-02-01,0.1504457488,0.0928693565,1
90019201,A0118150101,2020-03-01,0.1665352225,0.0977683179,1
90019201,A0118150101,2020-05-01,0.1594874156,0.1188169309,1
90019201,A0118150101,2020-06-01,0.1894275237,0.1163459328,1
90019201,A0118150101,2020-07-01,0.1505831844,0.1209547667,1
90019201,A0118150101,2020-09-01,0.2284302698,0.0698928295,1
90019201,A0118150101,2020-10-01,0.2247164918,0.0915084954,1
90019201,A0118150101,2020-11-01,0.2380179261,0.1013157265,1
90019201,A0118150101,2021-01-01,0.1879798447,0.0730729151,1
90019201,A0118150101,2021-02-01,0.2574510222,0.0871429260,1
90019201,A0118150101,2021-03-01,0.2271033367,0.0986604338,1
90019201,A0118150101,2021-05-01,0.2240910234,0.0748045871,1
90019201,A0118150101,2021-06-01,0.1748312956,0.0913617279,1
90019201,A0118150101,2021-07-01,0.2262122628,0.0830720543,1
90019201,A0118150103,2021-09-01,0.2007166434,0.1693872469,1
90019201,A0118150103,2021-10-01,0.1784019744,0.1812820513,1
90019201,A0118150103,2021-11-01,0.2016172687,0.1431747979,1
90019201,A0118150103,2022-01-01,0.2134731699,0.1782119650,1
90019201,A0118150103,2022-02-01,0.2350099577,0.1799369763,1
90019201,A0118150103,2022-03-01,0.1862135049,0.1744569099,1
90019201,A0118150103,2022-05-01,0.1647602931,0.1360631462,1
90019201,A0118150103,2022-06-01,0.1794851764,0.1339583084,1
90019201,A0118150103,2022-07-01,0.2022448500,0.1881946496,1
90019202,A0118150102,2017-12-01,0.0000000000,0.0000000000,1
90019202,A0118150101,2018-09-01,0.2367835970,0.1017006264,1
90019202,A0118150101,2018-10-01,0.2359879235,0.0931522789,1
90019202,A0118150101,2018-12-01,0.1829690243,0.1274036780,1
90019202,A0118150101,2019-01-01,0.2290031100,0.1262637931,1
90019202,A0118150101,2019-02-01,0.2416437161,0.1085449275,1
90019202,A0118150101,2019-04-01,0.1978057740,0.1291692745,1
90019202,A0118150101,2019-05-01,0.2374362653,0.0851346843,1
90019202,A0118150101,2019-06-01,0.1924200487,0.1224226444,1
90019202,A0118150101,2019-08-01,0.1818549282,0.1085426327,1
90019202,A0118150101,2019-09-01,0.1411124055,0.0863308532,1
90019202,A0118150101,2019-10-01,0.1721476643,0.1289727347,1
90019202,A0118150101,2019-12-01,0.1490832767,0.1126153017,1
90019202,A0118150101,2020-01-01,0.1386000556,0.0959500810,1
90019202,A0118150101,2020-02-01,0.1710171814,0.1137284986,1
90019202,A0118150101,2020-04-01,0.1603396944,0.1204785537,1
90019202,A0118150101,2020-05-01,0.1350828432,0.1323914598,1
90019202,A0118150101,2020-06-01,0.1764812765,0.0913348917,1
90019202,A0118150101,2020-08-01,0.1484262595,0.1204210645,1
90019202,A0118150101,2020-09-01,0.2364682780,0.0790038696,1
90019202,A0118150101,2020-10-01,0.2294500005,0.0774772240,1
90019202,A0118150101,2020-12-01,0.1869335180,0.1047725767,1
90019202,A0118150101,2021-01-01,0.1940109615,0.0769911899,1
90019202,A0118150101,2021-02-01,0.2291461184,0.0857715643,1
90019202,A0118150101,2021-04-01,0.1928580002,0.1022821184,1
90019202,A0118150101,2021-05-01,0.2105946481,0.0811118577,1
90019202,A0118150101,2021-06-01,0.2261004752,0.0811406735,1
90019202,A0118150101,2021-08-01,0.2313944069,0.0916499635,1
90019202,A0118150103,2021-09-01,0.2025266477,0.2022242875,1
90019202,A0118150103,2021-10-01,0.2384880204,0.1665990588,1
90019202,A0118150103,2021-12-01,0.1611253861,0.1554829869,1
90019202,A0118150103,2022-01-01,0.1810418942,0.1973041776,1
90019202,A0118150103,2022-02-01,0.2200762603,0.2033359743,1
90019202,A0118150103,2022-04-01,0.1855202445,0.1424782226,1
90019202,A0118150103,2022-05-01,0.1919559390,0.1730645844,1
90019202,A0118150103,2022-06-01,0.2303440062,0.1441236406,1
90019202,A0118150103,2022-08-01,0.1631391674,0.1986780607,1
90019203,A0118150102,2017-12-01,0.0000000000,0.0000000000,1
90019203,A0118150101,2018-09-01,0.2219302747,0.1111262757,1
90019203,A0118150101,2018-11-01,0.2569239788,0.0878936313,1
90019203,A0118150101,2018-12-01,0.2566196562,0.0991576124,1
90019203,A0118150101,2019-01-01,0.1991316074,0.1253473711,1
90019203,A0118150101,2019-03-01,0.2199799833,0.0871940786,1
90019203,A0118150101,2019-04-01,0.2148563403,0.1256029783,1
90019203,A0118150101,2019-05-01,0.1826293095,0.1032485732,1
90019203,A0118150101,2019-07-01,0.2562752640,0.1199736653,1
90019203,A0118150101,2019-08-01,0.2553705632,0.0965876938,1
90019203,A0118150101,2019-09-01,0.1642333411,0.0850884025,1
90019203,A0118150101,2019-11-01,0.1712658366,0.1015386164,1
90019203,A0118150101,2019-12-01,0.1627365265,0.1188576890,1
90019203,A0118150101,2020-01-01,0.1598992927,0.1267739722,1
90019203,A0118150101,2020-03-01,0.1784635803,0.0872668036,1
90019203,A0118150101,2020-04-01,0.1353909919,0.0862097478,1
90019203,A0118150101,2020-05-01,0.1407284621,0.1157053370,1
90019203,A0118150101,2020-07-01,0.1931581837,0.1298883340,1
90019203,A0118150101,2020-08-01,0.1593374928,0.1200321148,1
90019203,A0118150101,2020-09-01,0.2338922656,0.0740535780,1
90019203,A0118150101,2020-11-01,0.2317038087,0.1032111253,1
90019203,A0118150101,2020-12-01,0.2489068042,0.1029210252,1
90019203,A0118150101,2021-01-01,0.2393711857,0.0859710846,1
90019203,A0118150101,2021-03-01,0.2451056944,0.0859310012,1
90019203,A0118150101,2021-04-01,0.2021343249,0.0995608667,1
90019203,A0118150101,2021-05-01,0.2175372335,0.1058887322,1
90019203,A0118150101,2021-07-01,0.2567098090,0.0898097600,1
90019203,A0118150101,2021-08-01,0.2068844018,0.0922106862,1
90019203,A0118150103,2021-09-01,0.2215628047,0.1697977805,1
90019203,A0118150103,2021-11-01,0.2392394004,0.1754656641,1
90019203,A0118150103,2021-12-01,0.2144470883,0.2020266728,1
90019203,A0118150103,2022-01-01,0.1656781111,0.1832314737,1
90019203,A0118150103,2022-03-01,0.2388790128,0.2061581130,1
90019203,A0118150103,2022-04-01,0.2296652436,0.1738265438,1
90019203,A0118150103,2022-05-01,0.1670891007,0.1441080552,1
90019203,A0118150103,2022-07-01,0.2005952461,0.1485015801,1
90019203,A0118150103,2022-08-01,0.1814085755,0.1642478931,1
90020097,A0118150101,2019-09-01,0.2433086468,0.1290949572,1
90020097,A0118150101,2019-10-01,0.2795178328,0.1641769038,1
90020097,A0118150101,2019-11-01,0.2599199433,0.1133490911,1
90020097,A0118150101,2020-01-01,0.2393020351,0.1719252680,1
90020097,A0118150101,2020-02-01,0.3179875242,0.1626213591,1
90020097,A0118150101,2020-03-01,0.2522361466,0.1299523898,1
90020097,A0118150101,2020-05-01,0.2413396888,0.1493829865,1
90020097,A0118150101,2020-06-01,0.2723880523,0.1302094189,1
90020097,A0118150101,2020-07-01,0.3032797036,0.1144798839,1
90020097,A0118150101,2020-09-01,0.2974974512,0.1144206101,1
90020097,A0118150101,2020-10-01,0.2299573969,0.1137865902,1
90020097,A0118150101,2020-11-01,0.2297813262,0.1439102742,1
90020097,A0118150101,2021-01-01,0.2231669969,0.1472645832,1
90020097,A0118150101,2021-02-01,0.2578401436,0.1555097115,1
90020097,A0118150101,2021-03-01,0.2698740911,0.1673934426,1
90020097,A0118150101,2021-05-01,0.2964864539,0.1326405186,1
90020097,A0118150101,2021-06-01,0.2404721969,0.1194612076,1
90020097,A0118150101,2021-07-01,0.2549136336,0.1482667135,1
90020097,A0118150103,2021-09-01,0.2449714569,0.1177704976,1
90020097,A0118150103,2021-10-01,0.2533003259,0.1461224660,1
90020097,A0118150103,2021-11-01,0.2590568058,0.1213315131,1
90020097,A0118150103,2022-01-01,0.2225319285,0.1101705945,1
90020097,A0118150103,2022-02-01,0.2850559898,0.1123763422,1
90020097,A0118150103,2022-03-01,0.2561801654,0.1102171941,1
90020097,A0118150103,2022-05-01,0.3005008143,0.1302807617,1
90020097,A0118150103,2022-06-01,0.3107188891,0.1337589573,1
90020097,A0118150103,2022-07-01,0.2423178036,0.1356734024,1
90020098,A0118150102,2017-12-01,0.0000000000,0.0000000000,1
90020098,A0118150101,2019-09-01,0.2361791575,0.1455465766,1
90020098,A0118150101,2019-10-01,0.2952872438,0.1735619460,1
90020098,A0118150101,2019-12-01,0.2699306060,0.1399136432,1
90020098,A0118150101,2020-01-01,0.2983998263,0.1369304279,1
90020098,A0118150101,2020-02-01,0.3098650559,0.1593113286,1
90020098,A0118150101,2020-04-01,0.2996876780,0.1129694807,1
90020098,A0118150101,2020-05-01,0.2823381824,0.1578939233,1
90020098,A0118150101,2020-06-01,0.3091759731,0.1175322531,1
90020098,A0118150101,2020-08-01,0.3405363068,0.1448076273,1
90020098,A0118150101,2020-09-01,0.2475598959,0.1190169386,1
90020098,A0118150101,2020-10-01,0.2303387779,0.1582435876,1
90020098,A0118150101,2020-12-01,0.2712803677,0.1142049433,1
90020098,A0118150101,2021-01-01,0.3105834091,0.1160689278,1
90020098,A0118150101,2021-02-01,0.2913836677,0.1609074743,1
90020098,A0118150101,2021-04-01,0.2564195936,0.1372464395,1
90020098,A0118150101,2021-05-01,0.2232112115,0.1359846837,1
90020098,A0118150101,2021-06-01,0.2292808137,0.1253703822,1
90020098,A0118150101,2021-08-01,0.2406809819,0.1373505883,1
90020098,A0118150103,2021-09-01,0.2714195440,0.1226775610,1
90020098,A0118150103,2021-10-01,0.2302754646,0.1090726702,1
90020098,A0118150103,2021-12-01,0.2531813321,0.1110877275,1
90020098,A0118150103,2022-01-01,0.2656413315,0.1422626688,1
90020098,A0118150103,2022-02-01,0.2222867387,0.1302056035,1
90020098,A0118150103,2022-04-01,0.2800239786,0.1236551502,1
90020098,A0118150103,2022-05-01,0.2365769371,0.1260824173,1
90020098,A0118150103,2022-06-01,0.2675380963,0.1475182347,1
90020098,A0118150103,2022-08-01,0.3176976495,0.1467913821,1
90020099,A0118150102,2017-12-01,0.0000000000,0.0000000000,1
90020099,A0118150101,2019-09-01,0.2570068043,0.1770709837,1
90020099,A0118150101,2019-11-01,0.3021215647,0.1233824784,1
90020099,A0118150101,2019-12-01,0.3351538629,0.1275558241,1
90020099,A0118150101,2020-01-01,0.2599999021,0.1766646147,1
90020099,A0118150101,2020-03-01,0.2801184113,0.1647710222,1
90020099,A0118150101,2020-04-01,0.3136800970,0.1521893264,1
90020099,A0118150101,2020-05-01,0.3063857253,0.1565196691,1
90020099,A0118150101,2020-07-01,0.2538207609,0.1499042288,1
90020099,A0118150101,2020-08-01,0.2643275287,0.1750029116,1
90020099,A0118150101,2020-09-01,0.2173371531,0.1658518593,1
90020099,A0118150101,2020-11-01,0.3134636099,0.1367786228,1
90020099,A0118150101,2020-12-01,0.3129527063,0.1667915171,1
90020099,A0118150101,2021-01-01,0.2755726415,0.1217841635,1
90020099,A0118150101,2021-03-01,0.2187883515,0.1535037980,1
90020099,A0118150101,2021-04-01,0.2319853724,0.1544339582,1
90020099,A0118150101,2021-05-01,0.2437890200,0.1429032079,1
90020099,A0118150101,2021-07-01,0.3051037653,0.1655909873,1
90020099,A0118150101,2021-08-01,0.2843949387,0.1117744579,1
90020099,A0118150103,2021-09-01,0.2662942542,0.1127926970,1
90020099,A0118150103,2021-11-01,0.3087082419,0.1190287064,1
90020099,A0118150103,2021-12-01,0.2531790544,0.1320862198,1
90020099,A0118150103,2022-01-01,0.2694896081,0.1240250938,1
90020099,A0118150103,2022-03-01,0.2344764103,0.1345122368,1
90020099,A0118150103,2022-04-01,0.3185724354,0.1152087872,1
90020099,A0118150103,2022-05-01,0.2732652632,0.1525679999,1
90020099,A0118150103,2022-07-01,0.2587802775,0.1375068599,1
90020099,A0118150103,2022-08-01,0.2584742247,0.1329315318,1
90020100,A0118150102,2017-12-01,0.0000000000,0.0000000000,1
90020100,A0118150101,2019-10-01,0.3130895534,0.1526627894,1
90020100,A0118150101,2019-11-01,0.2891998942,0.1679025790,1
90020100,A0118150101,2019-12-01,0.3060407786,0.1525656794,1
90020100,A0118150101,2020-02-01,0.2727764513,0.1176675469,1
90020100,A0118150101,2020-03-01,0.2440339549,0.1734424556,1
90020100,A0118150101,2020-04-01,0.2951353926,0.1483452375,1
90020100,A0118150101,2020-06-01,0.3200929337,0.1708874141,1
90020100,A0118150101,2020-07-01,0.2321293362,0.1206673547,1
90020100,A0118150101,2020-08-01,0.2999999315,0.1330763954,1
90020100,A0118150101,2020-10-01,0.2142498428,0.1252632850,1
90020100,A0118150101,2020-11-01,0.2687303315,0.1654992397,1
90020100,A0118150101,2020-12-01,0.2761082568,0.1579033517,1
90020100,A0118150101,2021-02-01,0.2261647700,0.1633245267,1
90020100,A0118150101,2021-03-01,0.2816212298,0.1605681056,1
90020100,A0118150101,2021-04-01,0.2434846797,0.1523221641,1
90020100,A0118150101,2021-06-01,0.2952659071,0.1487563125,1
90020100,A0118150101,2021-07-01,0.2147952699,0.1668764451,1
90020100,A0118150101,2021-08-01,0.2694206887,0.1612047728,1
90020100,A0118150103,2021-10-01,0.2982939792,0.1369288386,1
90020100,A0118150103,2021-11-01,0.2639062488,0.1493231833,1
90020100,A0118150103,2021-12-01,0.3152640175,0.1299060141,1
90020100,A0118150103,2022-02-01,0.2183654255,0.1050368950,1
90020100,A0118150103,2022-03-01,0.2561003983,0.1062289336,1
90020100,A0118150103,2022-04-01,0.2374849067,0.1211966339,1
90020100,A0118150103,2022-06-01,0.3093964534,0.1147436248,1
90020100,A0118150103,2022-07-01,0.2288116260,0.1516606196,1
90020100,A0118150103,2022-08-01,0.2936726774,0.1217689459,1
90020101,A0118150101,2019-09-01,0.3036738838,0.1558068316,1
90020101,A0118150101,2019-10-01,0.3325527457,0.1684977633,1
90020101,A0118150101,2019-11-01,0.2900725497,0.1357041787,1
90020101,A0118150101,2020-01-01,0.2631564570,0.1169807507,1
90020101,A0118150101,2020-02-01,0.2343648230,0.1719576098,1
90020101,A0118150101,2020-03-01,0.3234927297,0.1503398281,1
90020101,A0118150101,2020-05-01,0.2575357762,0.1552456619,1
90020101,A0118150101,2020-06-01,0.2715158771,0.1494961323,1
90020101,A0118150101,2020-07-01,0.2413582490,0.1294997373,1
90020101,A0118150101,2020-09-01,0.2585672223,0.1247481406,1
90020101,A0118150101,2020-10-01,0.2688140938,0.1661369424,1
90020101,A0118150101,2020-11-01,0.3086587762,0.1358612971,1
90020101,A0118150101,2021-01-01,0.2860526598,0.1670738325,1
90020101,A0118150101,2021-02-01,0.2306831150,0.1631669548,1
90020101,A0118150101,2021-03-01,0.2673175395,0.1545181926,1
90020101,A0118150101,2021-05-01,0.2982987486,0.1520154298,1
90020101,A0118150101,2021-06-01,0.3064711234,0.1506085547,1
90020101,A0118150101,2021-07-01,0.3039493253,0.1353241437,1
90020101,A0118150103,2021-09-01,0.2977484730,0.1399458408,1
90020101,A0118150103,2021-10-01,0.2841027074,0.1285316411,1
90020101,A0118150103,2021-11-01,0.2854032808,0.1105929873,1
90020101,A0118150103,2022-01-01,0.2152619774,0.1245033813,1
90020101,A0118150103,2022-02-01,0.2566290008,0.1519046469,1
90020101,A0118150103,2022-03-01,0.3157918315,0.1386011588,1
90020101,A0118150103,2022-05-01,0.2320051161,0.1449112843,1
90020101,A0118150103,2022-06-01,0.2342019893,0.0995531284,1
90020101,A0118150103,2022-07-01,0.2199890941,0.1105700416,1
90020102,A0118150102,2017-12-01,0.0000000000,0.0000000000,1
90020102,A0118150101,2019-09-01,0.2329469070,0.1376385841,1
90020102,A0118150101,2019-10-01,0.2726650610,0.1214242120,1
90020102,A0118150101,2019-12-01,0.2367736546,0.1411760111,1
90020102,A0118150101,2020-01-01,0.2749103180,0.1238575694,1
90020102,A0118150101,2020-02-01,0.3474626722,0.1630417055,1
90020102,A0118150101,2020-04-01,0.2688684523,0.1464151187,1
90020102,A0118150101,2020-05-01,0.2951927742,0.1490411496,1
90020102,A0118150101,2020-06-01,0.3127964758,0.1610937519,1
90020102,A0118150101,2020-08-01,0.2985021477,0.1217451921,1
90020102,A0118150101,2020-09-01,0.2318007907,0.1568921188,1
90020102,A0118150101,2020-10-01,0.2741592697,0.1321329470,1
90020102,A0118150101,2020-12-01,0.2491799643,0.1456801071,1
90020102,A0118150101,2021-01-01,0.2489007247,0.1577144976,1
90020102,A0118150101,2021-02-01,0.2287249201,0.1580160163,1
90020102,A0118150101,2021-04-01,0.2438697860,0.1083727020,1
90020102,A0118150101,2021-05-01,0.2772523631,0.1270467636,1
90020102,A0118150101,2021-06-01,0.2319120987,0.1079607937,1
90020102,A0118150101,2021-08-01,0.2436488326,0.1201039273,1
90020102,A0118150103,2021-09-01,0.2397414161,0.1220983267,1
90020102,A0118150103,2021-10-01,0.3007794677,0.1059488007,1
90020102,A0118150103,2021-12-01,0.3069821883,0.1430856954,1
90020102,A0118150103,2022-01-01,0.2158022098,0.1395995199,1
90020102,A0118150103,2022-02-01,0.2282206202,0.1468466065,1
90020102,A0118150103,2022-04-01,0.2885834405,0.1208734638,1
90020102,A0118150103,2022-05-01,0.2776994246,0.1143609873,1
90020102,A0118150103,2022-06-01,0.2864939861,0.1302289325,1
90020102,A0118150103,2022-08-01,0.3031005314,0.1152788304,1
90020103,A0118150102,2017-12-01,0.0000000000,0.0000000000,1
90020103,A0118150101,2019-09-01,0.2938734936,0.1526831580,1
90020103,A0118150101,2019-11-01,0.3330931695,0.1594901907,1
90020103,A0118150101,2019-12-01,0.2874598217,0.1721777956,1
90020103,A0118150101,2020-01-01,0.3034758561,0.1450996670,1
90020103,A0118150101,2020-03-01,0.3360660281,0.1256090010,1
90020103,A0118150101,2020-04-01,0.3321610433,0.1395839872,1
90020103,A0118150101,2020-05-01,0.2344820883,0.1549572536,1
90020103,A0118150101,2020-07-01,0.3431409264,0.1467881060,1
90020103,A0118150101,2020-08-01,0.3264304683,0.1524419855,1
90020103,A0118150101,2020-09-01,0.2816984231,0.1659770589,1
90020103,A0118150101,2020-11-01,0.2720552056,0.1117823504,1
90020103,A0118150101,2020-12-01,0.2400463183,0.1188372384,1
90020103,A0118150101,2021-01-01,0.2658264581,0.1503164950,1
90020103,A0118150101,2021-03-01,0.2778379649,0.1263109735,1
90020103,A0118150101,2021-04-01,0.3029553553,0.1212936654,1
90020103,A0118150101,2021-05-01,0.2513141848,0.1115543988,1
90020103,A0118150101,2021-07-01,0.2723957398,0.1308346849,1
90020103,A0118150101,2021-08-01,0.2576532668,0.1093623401,1
90020103,A0118150103,2021-09-01,0.2450520134,0.1004270077,1
90020103,A0118150103,2021-11-01,0.2244930943,0.1466221227,1
90020103,A0118150103,2021-12-01,0.2224326465,0.1054419054,1
90020103,A0118150103,2022-01-01,0.3132159773,0.1231109628,1
90020103,A0118150103,2022-03-01,0.2651697214,0.1230322423,1
90020103,A0118150103,2022-04-01,0.2186049196,0.1412288624,1
90020103,A0118150103,2022-05-01,0.2338503107,0.1135896819,1
90020103,A0118150103,2022-07-01,0.2529962796,0.1469436205,1
90020103,A0118150103,2022-08-01,0.2825374208,0.1156640404,1
90021086,A0118150102,2017-12-01,0.0000000000,0.0000000000,1
90021086,A0118150101,2018-09-01,0.3067850828,0.0840506460,1
90021086,A0118150101,2018-10-01,0.3076942535,0.0954308863,1
90021086,A0118150101,2018-12-01,0.2743598959,0.1009265784,1
90021086,A0118150101,2019-01-01,0.2397266761,0.1009608843,1
90021086,A0118150101,2019-02-01,0.3140062029,0.0877011340,1
90021086,A0118150101,2019-04-01,0.2789264475,0.0925568660,1
90021086,A0118150101,2019-05-01,0.2891246849,0.0688303187,1
90021086,A0118150101,2019-06-01,0.3097466218,0.0897034120,1
90021086,A0118150101,2019-08-01,0.3256104494,0.0759042435,1
90021086,A0118150101,2019-09-01,0.1994704538,0.1441144561,1
90021086,A0118150101,2019-10-01,0.1777371964,0.1680429575,1
90021086,A0118150101,2019-12-01,0.2247605867,0.1273334578,1
90021086,A0118150101,2020-01-01,0.1700067288,0.1857322188,1
90021086,A0118150101,2020-02-01,0.1937570412,0.1660244914,1
90021086,A0118150101,2020-04-01,0.2278355425,0.1601520796,1
90021086,A0118150101,2020-05-01,0.1721993934,0.1265877107,1
90021086,A0118150101,2020-06-01,0.1677805367,0.1600093883,1
90021086,A0118150101,2020-08-01,0.2264834658,0.1643530939,1
90021086,A0118150101,2020-09-01,0.1526996626,0.0854546305,1
90021086,A0118150101,2020-10-01,0.1426443594,0.0910793544,1
90021086,A0118150101,2020-12-01,0.1555553037,0.1070041084,1
90021086,A0118150101,2021-01-01,0.1577194563,0.0757261749,1
90021086,A0118150101,2021-02-01,0.1576504805,0.0990602817,1
90021086,A0118150101,2021-04-01,0.1499827157,0.0860448855,1
90021086,A0118150101,2021-05-01,0.1679876831,0.1061766092,1
90021086,A0118150101,2021-06-01,0.1258183214,0.0726117038,1
90021086,A0118150101,2021-08-01,0.1576757396,0.0790959217,1
90021086,A0118150103,2021-09-01,0.3511556511,0.1083521477,1
90021086,A0118150103,2021-10-01,0.3147565003,0.1054217113,1
90021086,A0118150103,2021-12-01,0.2787961108,0.0823235693,1
90021086,A0118150103,2022-01-01,0.3042061533,0.0913008656,1
90021086,A0118150103,2022-02-01,0.2557397718,0.0759445787,1
90021086,A0118150103,2022-04-01,0.3354534955,0.0778826752,1
90021086,A0118150103,2022-05-01,0.2769828685,0.1067320525,1
90021086,A0118150103,2022-06-01,0.2810227862,0.0993339062,1
90021086,A0118150103,2022-08-01,0.2647736365,0.0791679842,1
90021087,A0118150102,2017-12-01,0.0000000000,0.0000000000,1
90021087,A0118150101,2018-09-01,0.3098417733,0.0832541899,1
90021087,A0118150101,2018-11-01,0.2566226103,0.0890522097,1
90021087,A0118150101,2018-12-01,0.2930948448,0.0736994875,1
90021087,A0118150101,2019-01-01,0.2590233014,0.0723937255,1
90021087,A0118150101,2019-03-01,0.3275915556,0.0877568628,1
90021087,A0118150101,2019-04-01,0.2573605295,0.1004879611,1
90021087,A0118150101,2019-05-01,0.2954914441,0.0693456963,1
90021087,A0118150101,2019-07-01,0.3074534115,0.0920884678,1
90021087,A0118150101,2019-08-01,0.2565538725,0.0796461126,1
90021087,A0118150101,2019-09-01,0.2329183143,0.1676879919,1
90021087,A0118150101,2019-11-01,0.1867124422,0.1613054445,1
90021087,A0118150101,2019-12-01,0.1941408671,0.1888854269,1
90021087,A0118150101,2020-01-01,0.1862143883,0.1543850217,1
90021087,A0118150101,2020-03-01,0.1606944039,0.1830174232,1
90021087,A0118150101,2020-04-01,0.2180388024,0.1339672419,1
90021087,A0118150101,2020-05-01,0.2033737701,0.1445530193,1
90021087,A0118150101,2020-07-01,0.1662469201,0.1451551245,1
90021087,A0118150101,2020-08-01,0.2080125175,0.1808381926,1
90021087,A0118150101,2020-09-01,0.1264871701,0.0951279295,1
90021087,A0118150101,2020-11-01,0.1589931585,0.0878439030,1
90021087,A0118150101,2020-12-01,0.1742087709,0.0693662083,1
90021087,A0118150101,2021-01-01,0.1553913942,0.0682383069,1
90021087,A0118150101,2021-03-01,0.1447700764,0.1047129872,1
90021087,A0118150101,2021-04-01,0.1304974159,0.0696488461,1
90021087,A0118150101,2021-05-01,0.1357431987,0.0798184177,1
90021087,A0118150101,2021-07-01,0.1761557623,0.0751449253,1
90021087,A0118150101,2021-08-01,0.1500632719,0.0884345993,1
90021087,A0118150103,2021-09-01,0.3252404092,0.0737719734,1
90021087,A0118150103,2021-11-01,0.2801321238,0.1060649253,1
90021087,A0118150103,2021-12-01,0.2656394929,0.0752883328,1
90021087,A0118150103,2022-01-01,0.3254857990,0.1049341541,1
90021087,A0118150103,2022-03-01,0.2568737973,0.0911986543,1
90021087,A0118150103,2022-04-01,0.2898252531,0.0992563967,1
90021087,A0118150103,2022-05-01,0.3231017946,0.0925592373,1
90021087,A0118150103,2022-07-01,0.2419723623,0.0948237548,1
90021087,A0118150103,2022-08-01,0.3202782555,0.0775724112,1
90021088,A0118150102,2017-12-01,0.0000000000,0.0000000000,1
90021088,A0118150101,2018-10-01,0.3219654100,0.0722878189,1
90021088,A0118150101,2018-11-01,0.2447955306,0.0866278478,1
90021088,A0118150101,2018-12-01,0.3282629541,0.0930212598,1
90021088,A0118150101,2019-02-01,0.2640367566,0.1035753011,1
90021088,A0118150101,2019-03-01,0.2573076880,0.0718185283,1
90021088,A0118150101,2019-04-01,0.3036048250,0.0803959512,1
90021088,A0118150101,2019-06-01,0.3334018013,0.0879983584,1
90021088,A0118150101,2019-07-01,0.3178573872,0.0891241187,1
90021088,A0118150101,2019-08-01,0.2754345922,0.0976859513,1
90021088,A0118150101,2019-10-01,0.2037089357,0.1484870218,1
90021088,A0118150101,2019-11-01,0.1903346860,0.1915484858,1
90021088,A0118150101,2019-12-01,0.1729816072,0.1693716501,1
90021088,A0118150101,2020-02-01,0.1766744781,0.1336532409,1
90021088,A0118150101,2020-03-01,0.2010837615,0.1356799241,1
90021088,A0118150101,2020-04-01,0.2168035375,0.1485939465,1
90021088,A0118150101,2020-06-01,0.1627138044,0.1571692228,1
90021088,A0118150101,2020-07-01,0.1962818132,0.1874280653,1
90021088,A0118150101,2020-08-01,0.2147732504,0.1384513075,1
90021088,A0118150101,2020-10-01,0.1326681607,0.0759897701,1
90021088,A0118150101,2020-11-01,0.1428049174,0.0838481073,1
90021088,A0118150101,2020-12-01,0.1492912998,0.0716723293,1
90021088,A0118150101,2021-02-01,0.1827622644,0.0952683031,1
90021088,A0118150101,2021-03-01,0.1716869624,0.1061500932,1
90021088,A0118150101,2021-04-01,0.1735027240,0.0865942290,1
90021088,A0118150101,2021-06-01,0.1745199894,0.1069285066,1
90021088,A0118150101,2021-07-01,0.1828892061,0.0927661176,1
90021088,A0118150101,2021-08-01,0.1486509833,0.0986401845,1
90021088,A0118150103,2021-10-01,0.2648193593,0.1088519410,1
90021088,A0118150103,2021-11-01,0.2630043237,0.0817805621,1
90021088,A0118150103,2021-12-01,0.3015410645,0.0825764516,1
90021088,A0118150103,2022-02-01,0.2585327152,0.0979109576,1
90021088,A0118150103,2022-03-01,0.3144498519,0.0851093238,1
90021088,A0118150103,2022-04-01,0.2837555285,0.1027874610,1
90021088,A0118150103,2022-06-01,0.2836513330,0.0996589546,1
90021088,A0118150103,2022-07-01,0.3545832360,0.0743767933,1
90021088,A0118150103,2022-08-01,0.3413472946,0.1018597830,1
90021089,A0118150101,2018-09-01,0.2532251231,0.0914790669,1
90021089,A0118150101,2018-10-01,0.2872777027,0.0976564545,1
90021089,A0118150101,2018-11-01,0.2445554714,0.0900681587,1
90021089,A0118150101,2019-01-01,0.2712588920,0.0953237506,1
90021089,A0118150101,2019-02-01,0.2527626307,0.0988961329,1
90021089,A0118150101,2019-03-01,0.2342064901,0.0821017412,1
90021089,A0118150101,2019-05-01,0.2604736670,0.0732948832,1
90021089,A0118150101,2019-06-01,0.2403324944,0.0953564938,1
90021089,A0118150101,2019-07-01,0.2936378657,0.0864788714,1
90021089,A0118150101,2019-09-01,0.2223489501,0.1231748678,1
90021089,A0118150101,2019-10-01,0.2277656909,0.1832877020,1
90021089,A0118150101,2019-11-01,0.2359131429,0.1554917233,1
90021089,A0118150101,2020-01-01,0.2326130517,0.1624766268,1
90021089,A0118150101,2020-02-01,0.1668870278,0.1562542563,1
90021089,A0118150101,2020-03-01,0.2043123721,0.1713622082,1
90021089,A0118150101,2020-05-01,0.1946101064,0.1413092999,1
90021089,A0118150101,2020-06-01,0.2315549788,0.1629359514,1
90021089,A0118150101,2020-07-01,0.1800950832,0.1713515338,1
90021089,A0118150101,2020-09-01,0.1831761938,0.0698872066,1
90021089,A0118150101,2020-10-01,0.1310785494,0.1043189431,1
90021089,A0118150101,2020-11-01,0.1540408914,0.0855193988,1
90021089,A0118150101,2021-01-01,0.1600353885,0.0827520290,1
90021089,A0118150101,2021-02-01,0.1317601811,0.0906871880,1
90021089,A0118150101,2021-03-01,0.1613229045,0.0881423837,1
90021089,A0118150101,2021-05-01,0.1576249376,0.0719963240,1
90021089,A0118150101,2021-06-01,0.1691221529,0.0794731648,1
90021089,A0118150101,2021-07-01,0.1253414178,0.0862235361,1
90021089,A0118150103,2021-09-01,0.2936466431,0.0799639688,1
90021089,A0118150103,2021-10-01,0.3555002371,0.1035154022,1
90021089,A0118150103,2021-11-01,0.3085645279,0.1010180458,1
90021089,A0118150103,2022-01-01,0.3071774891,0.0747991045,1
90021089,A0118150103,2022-02-01,0.3578377917,0.0923757702,1
90021089,A0118150103,2022-03-01,0.2449360154,0.1074032556,1
90021089,A0118150103,2022-05-01,0.2465899036,0.0742010740,1
90021089,A0118150103,2022-06-01,0.2609025254,0.1069749221,1
90021089,A0118150103,2022-07-01,0.2925181510,0.0940261550,1
90021090,A0118150102,2017-12-01,0.0000000000,0.0000000000,1
90021090,A0118150101,2018-09-01,0.3345284560,0.0947169457,1
90021090,A0118150101,2018-10-01,0.2852006162,0.0662598312,1
90021090,A0118150101,2018-12-01,0.2943909873,0.1010411322,1
90021090,A0118150101,2019-01-01,0.2759582624,0.0667417847,1
90021090,A0118150101,2019-02-01,0.3247079361,0.0832568240,1
90021090,A0118150101,2019-04-01,0.2555622617,0.0886545744,1
90021090,A0118150101,2019-05-01,0.2351959675,0.0991948032,1
90021090,A0118150101,2019-06-01,0.3293619909,0.0775230452,1
90021090,A0118150101,2019-08-01,0.3266724606,0.0925602987,1
90021090,A0118150101,2019-09-01,0.2316595163,0.1755301949,1
90021090,A0118150101,2019-10-01,0.2041078759,0.1272406019,1
90021090,A0118150101,2019-12-01,0.2257851423,0.1861948108,1
90021090,A0118150101,2020-01-01,0.1886990262,0.1855832453,1
90021090,A0118150101,2020-02-01,0.2367570668,0.1448903965,1
90021090,A0118150101,2020-04-01,0.1703397978,0.1830509960,1
90021090,A0118150101,2020-05-01,0.1885942581,0.1328520705,1
90021090,A0118150101,2020-06-01,0.1805011971,0.1474184940,1
90021090,A0118150101,2020-08-01,0.2309321407,0.1302016617,1
90021090,A0118150101,2020-09-01,0.1395776733,0.0934320905,1
90021090,A0118150101,2020-10-01,0.1462095180,0.0715825687,1
90021090,A0118150101,2020-12-01,0.1343144111,0.0780037804,1
90021090,A0118150101,2021-01-01,0.1289264832,0.1069284784,1
90021090,A0118150101,2021-02-01,0.1642666098,0.0919811524,1
90021090,A0118150101,2021-04-01,0.1507295560,0.0787930535,1
90021090,A0118150101,2021-05-01,0.1429309812,0.0873189249,1
90021090,A0118150101,2021-06-01,0.1358544959,0.0701731799,1
90021090,A0118150101,2021-08-01,0.1258918442,0.0915765694,1
90021090,A0118150103,2021-09-01,0.3244458642,0.1080701239,1
90021090,A0118150103,2021-10-01,0.3157562180,0.0984801465,1
90021090,A0118150103,2021-12-01,0.2448748375,0.0817565027,1
90021090,A0118150103,2022-01-01,0.2468975754,0.1016622889,1
90021090,A0118150103,2022-02-01,0.3118788739,0.0810806190,1
90021090,A0118150103,2022-04-01,0.2607141233,0.0973465013,1
90021090,A0118150103,2022-05-01,0.2664959906,0.0738876899,1
90021090,A0118150103,2022-06-01,0.2714250007,0.1033795981,1
90021090,A0118150103,2022-08-01,0.3468442129,0.1073819420,1
90021091,A0118150102,2017-12-01,0.0000000000,0.0000000000,1
90021091,A0118150101,2018-09-01,0.3073793994,0.0816415144,1
90021091,A0118150101,2018-11-01,0.3336921628,0.0798993106,1
90021091,A0118150101,2018-12-01,0.2906305223,0.0877607336,1
90021091,A0118150101,2019-01-01,0.3340277416,0.0678718312,1
90021091,A0118150101,2019-03-01,0.2667436144,0.0895790649,1
90021091,A0118150101,2019-04-01,0.2834676808,0.0754407216,1
90021091,A0118150101,2019-05-01,0.3276603426,0.0947704943,1
90021091,A0118150101,2019-07-01,0.2329075370,0.0672637472,1
90021091,A0118150101,2019-08-01,0.3127751920,0.0866914985,1
90021091,A0118150101,2019-09-01,0.1827868117,0.1232958312,1
90021091,A0118150101,2019-11-01,0.1737861461,0.1409594645,1
90021091,A0118150101,2019-12-01,0.1863174808,0.1655273545,1
90021091,A0118150101,2020-01-01,0.2058360768,0.1814372435,1
90021091,A0118150101,2020-03-01,0.2291442461,0.1637245285,1
90021091,A0118150101,2020-04-01,0.2103476427,0.1426563581,1
90021091,A0118150101,2020-05-01,0.2234245098,0.1365876051,1
90021091,A0118150101,2020-07-01,0.2177927539,0.1446882246,1
90021091,A0118150101,2020-08-01,0.1897015310,0.1546549961,1
90021091,A0118150101,2020-09-01,0.1505975838,0.0937916727,1
90021091,A0118150101,2020-11-01,0.1808397103,0.0951021925,1
90021091,A0118150101,2020-12-01,0.1647619980,0.1041215027,1
90021091,A0118150101,2021-01-01,0.1745900322,0.0823742224,1
90021091,A0118150101,2021-03-01,0.1452412177,0.0841230347,1
90021091,A0118150101,2021-04-01,0.1369817537,0.1065220196,1
90021091,A0118150101,2021-05-01,0.1239260280,0.1025294981,1
90021091,A0118150101,2021-07-01,0.1615187429,0.0869421547,1
90021091,A0118150101,2021-08-01,0.1554333393,0.0774858286,1
90021091,A0118150103,2021-09-01,0.2494699692,0.1018459706,1
90021091,A0118150103,2021-11-01,0.2728266456,0.1075285688,1
90021091,A0118150103,2021-12-01,0.2858842488,0.0999426578,1
90021091,A0118150103,2022-01-01,0.3489923131,0.0874951356,1
90021091,A0118150103,2022-03-01,0.2742072635,0.1015502932,1
90021091,A0118150103,2022-04-01,0.2955331292,0.0793941293,1
90021091,A0118150103,2022-05-01,0.3502756303,0.0762447993,1
90021091,A0118150103,2022-07-01,0.3150419137,0.0946499678,1
90021091,A0118150103,2022-08-01,0.3589608423,0.0877795892,1
90021092,A0118150102,2017-12-01,0.0000000000,0.0000000000,1
90021092,A0118150101,2018-10-01,0.2956135398,0.0869918171,1
90021092,A0118150101,2018-11-01,0.2386066674,0.0822619292,1
90021092,A0118150101,2018-12-01,0.2389357622,0.0927898168,1
90021092,A0118150101,2019-02-01,0.3354179291,0.0670245862,1
90021092,A0118150101,2019-03-01,0.2819792458,0.0770507381,1
90021092,A0118150101,2019-04-01,0.2357478061,0.1019083952,1
90021092,A0118150101,2019-06-01,0.3378145771,0.0723800955,1
90021092,A0118150101,2019-07-01,0.2982630825,0.0695655982,1
90021092,A0118150101,2019-08-01,0.2499372466,0.0944948243,1
90021092,A0118150101,2019-10-01,0.2129545529,0.1465088368,1
90021092,A0118150101,2019-11-01,0.1610825754,0.1789909180,1
90021092,A0118150101,2019-12-01,0.2061077976,0.1900363649,1
90021092,A0118150101,2020-02-01,0.2291190147,0.1294390720,1
90021092,A0118150101,2020-03-01,0.2028210064,0.1421822979,1
90021092,A0118150101,2020-04-01,0.1907980665,0.1534651918,1
90021092,A0118150101,2020-06-01,0.2134292218,0.1865234674,1
90021092,A0118150101,2020-07-01,0.1860244731,0.1796377526,1
90021092,A0118150101,2020-08-01,0.1669517983,0.1710608392,1
90021092,A0118150101,2020-10-01,0.1430217826,0.0798619142,1
90021092,A0118150101,2020-11-01,0.1556340352,0.0973164295,1
90021092,A0118150101,2020-12-01,0.1796721709,0.0974804766,1
90021092,A0118150101,2021-02-01,0.1806279463,0.0933112709,1
90021092,A0118150101,2021-03-01,0.1442356240,0.0937747510,1
90021092,A0118150101,2021-04-01,0.1662738773,0.0804990573,1
90021092,A0118150101,2021-06-01,0.1691512858,0.0743267564,1
90021092,A0118150101,2021-07-01,0.1684066675,0.0769838076,1
90021092,A0118150101,2021-08-01,0.1464541527,0.1028801165,1
90021092,A0118150103,2021-10-01,0.2421789522,0.1008841693,1
90021092,A0118150103,2021-11-01,0.2779375997,0.0897013861,1
90021092,A0118150103,2021-12-01,0.2485946385,0.0953770969,1
90021092,A0118150103,2022-02-01,0.3087255994,0.0724486193,1
90021092,A0118150103,2022-03-01,0.2581117360,0.0892070938,1
90021092,A0118150103,2022-04-01,0.2643566257,0.0721576856,1
90021092,A0118150103,2022-06-01,0.3084855398,0.1097928354,1
90021092,A0118150103,2022-07-01,0.3362601499,0.0777341230,1
90021092,A0118150103,2022-08-01,0.3361510884,0.0924253425,1
90021093,A0118150101,2018-09-01,0.2493848338,0.0673575946,1
90021093,A0118150101,2018-10-01,0.3062702122,0.0713966721,1
90021093,A0118150101,2018-11-01,0.3090750195,0.0744471713,1
90021093,A0118150101,2019-01-01,0.2288175468,0.0815628432,1
90021093,A0118150101,2019-02-01,0.2428485964,0.1027104116,1
90021093,A0118150101,2019-03-01,0.2955537295,0.0687540591,1
90021093,A0118150101,2019-05-01,0.2948703323,0.0728731653,1
90021093,A0118150101,2019-06-01,0.2496496658,0.1033823498,1
90021093,A0118150101,2019-07-01,0.2674370160,0.1031074911,1
90021093,A0118150101,2019-09-01,0.1913902148,0.1327714221,1
90021093,A0118150101,2019-10-01,0.2106120269,0.1688000656,1
90021093,A0118150101,2019-11-01,0.2315220131,0.1934150281,1
90021093,A0118150101,2020-01-01,0.1984923677,0.1269643161,1
90021093,A0118150101,2020-02-01,0.2095330162,0.1712126579,1
90021093,A0118150101,2020-03-01,0.1769189292,0.1761088742,1
90021093,A0118150101,2020-05-01,0.1920920220,0.1633751117,1
90021093,A0118150101,2020-06-01,0.1855431057,0.1458289297,1
90021093,A0118150101,2020-07-01,0.2249501470,0.1475575429,1
90021093,A0118150101,2020-09-01,0.1742799180,0.0970904548,1
90021093,A0118150101,2020-10-01,0.1576707532,0.1061052733,1
90021093,A0118150101,2020-11-01,0.1535828692,0.0730378439,1
90021093,A0118150101,2021-01-01,0.1383896168,0.1013855311,1
90021093,A0118150101,2021-02-01,0.1235838961,0.0841390814,1
90021093,A0118150101,2021-03-01,0.1584970365,0.1061120196,1
90021093,A0118150101,2021-05-01,0.1333422486,0.1069462241,1
90021093,A0118150101,2021-06-01,0.1505316174,0.0998326700,1
90021093,A0118150101,2021-07-01,0.1434332912,0.0872288426,1
90021093,A0118150103,2021-09-01,0.3467039286,0.0829156049,1
90021093,A0118150103,2021-10-01,0.2777104963,0.0842492702,1
90021093,A0118150103,2021-11-01,0.3300223170,0.0719177185,1
90021093,A0118150103,2022-01-01,0.2725331337,0.0839007680,1
90021093,A0118150103,2022-02-01,0.3589110639,0.1096867456,1
90021093,A0118150103,2022-03-01,0.2813695075,0.0861595697,1
90021093,A0118150103,2022-05-01,0.2896669591,0.0795951765,1
90021093,A0118150103,2022-06-01,0.2681517716,0.1081001037,1
90021093,A0118150103,2022-07-01,0.3082660098,0.0842963086,1
90021094,A0118150102,2017-12-01,0.0000000000,0.0000000000,1
90021094,A0118150101,2018-09-01,0.3140067782,0.0668822700,1
90021094,A0118150101,2018-10-01,0.3400729058,0.0844129820,1
90021094,A0118150101,2018-12-01,0.3202507941,0.0885115894,1
90021094,A0118150101,2019-01-01,0.2357235351,0.0912289339,1
90021094,A0118150101,2019-02-01,0.2393305244,0.0814576456,1
90021094,A0118150101,2019-04-01,0.3283421584,0.0717758250,1
90021094,A0118150101,2019-05-01,0.2578736710,0.1000088576,1
90021094,A0118150101,2019-06-01,0.2656402547,0.0867005780,1
90021094,A0118150101,2019-08-01,0.2833525386,0.0948040784,1
90021094,A0118150101,2019-09-01,0.2123108282,0.1825087596,1
90021094,A0118150101,2019-10-01,0.1811717890,0.1793040114,1
90021094,A0118150101,2019-12-01,0.1663726999,0.1277725498,1
90021094,A0118150101,2020-01-01,0.2148302847,0.1841418158,1
90021094,A0118150101,2020-02-01,0.2322711261,0.1882449497,1
90021094,A0118150101,2020-04-01,0.2012952680,0.1549648073,1
90021094,A0118150101,2020-05-01,0.1606332190,0.1611080870,1
90021094,A0118150101,2020-06-01,0.1930999637,0.1730992909,1
90021094,A0118150101,2020-08-01,0.1589364402,0.1776404552,1
90021094,A0118150101,2020-09-01,0.1463898232,0.1042069163,1
90021094,A0118150101,2020-10-01,0.1581985243,0.0805221294,1
90021094,A0118150101,2020-12-01,0.1821832981,0.0856799159,1
90021094,A0118150101,2021-01-01,0.1433188755,0.0729040383,1
90021094,A0118150101,2021-02-01,0.1625841196,0.0803084312,1
90021094,A0118150101,2021-04-01,0.1318103395,0.0745997221,1
90021094,A0118150101,2021-05-01,0.1252999112,0.0910335984,1
90021094,A0118150101,2021-06-01,0.1791451119,0.1027876282,1
90021094,A0118150101,2021-08-01,0.1513510321,0.0990313150,1
90021094,A0118150103,2021-09-01,0.2562824996,0.0990535062,1
90021094,A0118150103,2021-10-01,0.3099225527,0.0936903231,1
90021094,A0118150103,2021-12-01,0.2572334406,0.0986876870,1
90021094,A0118150103,2022-01-01,0.2855204499,0.1020674921,1
90021094,A0118150103,2022-02-01,0.3036402178,0.0768249688,1
90021094,A0118150103,2022-04-01,0.2690949699,0.0908040609,1
90021094,A0118150103,2022-05-01,0.3533828252,0.0948547870,1
90021094,A0118150103,2022-06-01,0.2666877580,0.0891286637,1
90021094,A0118150103,2022-08-01,0.2739761740,0.0919428800,1
90021095,A0118150102,2017-12-01,0.0000000000,0.0000000000,1
90021095,A0118150101,2018-09-01,0.2876515435,0.1029754262,1
90021095,A0118150101,2018-11-01,0.3189474880,0.0994118004,1
90021095,A0118150101,2018-12-01,0.3396363948,0.0879771489,1
90021095,A0118150101,2019-01-01,0.2637958944,0.0815309803,1
90021095,A0118150101,2019-03-01,0.2386856868,0.0957462422,1
90021095,A0118150101,2019-04-01,0.2392850031,0.1018658645,1
90021095,A0118150101,2019-05-01,0.2647635283,0.0757263448,1
90021095,A0118150101,2019-07-01,0.3248462205,0.0673766076,1
90021095,A0118150101,2019-08-01,0.2548152897,0.0783236246,1
90021095,A0118150101,2019-09-01,0.1642707426,0.1424639826,1
90021095,A0118150101,2019-11-01,0.1992493867,0.1558807700,1
90021095,A0118150101,2019-12-01,0.2001443158,0.1380967121,1
90021095,A0118150101,2020-01-01,0.1661585698,0.1753108467,1
90021095,A0118150101,2020-03-01,0.1888760992,0.1473434233,1
90021095,A0118150101,2020-04-01,0.2184765004,0.1873871521,1
90021095,A0118150101,2020-05-01,0.2112384391,0.1526579040,1
90021095,A0118150101,2020-07-01,0.1823386606,0.1254487671,1
90021095,A0118150101,2020-08-01,0.1581410529,0.1238484046,1
90021095,A0118150101,2020-09-01,0.1665055608,0.0781385918,1
90021095,A0118150101,2020-11-01,0.1584730787,0.0704954650,1
90021095,A0118150101,2020-12-01,0.1698140998,0.0777337399,1
90021095,A0118150101,2021-01-01,0.1570168148,0.0928498833,1
90021095,A0118150101,2021-03-01,0.1477949205,0.0802363471,1
90021095,A0118150101,2021-04-01,0.1565211441,0.0839331029,1
90021095,A0118150101,2021-05-01,0.1608195604,0.0879471556,1
90021095,A0118150101,2021-07-01,0.1545065538,0.0842196161,1
90021095,A0118150101,2021-08-01,0.1741642690,0.1012256088,1
90021095,A0118150103,2021-09-01,0.2685280792,0.1063780641,1
90021095,A0118150103,2021-11-01,0.3543981306,0.1103486138,1
90021095,A0118150103,2021-12-01,0.3092507816,0.1099753192,1
90021095,A0118150103,2022-01-01,0.2927507007,0.0918355019,1
90021095,A0118150103,2022-03-01,0.3232613633,0.0828754374,1
90021095,A0118150103,2022-04-01,0.2877968713,0.0908891301,1
90021095,A0118150103,2022-05-01,0.2906716432,0.0992724083,1
90021095,A0118150103,2022-07-01,0.3020848916,0.0788975549,1
90021095,A0118150103,2022-08-01,0.3150727850,0.0805393492,1
90022071,A0118150101,2017-09-01,0.1499233488,0.1122856580,1
90022071,A0118150101,2017-11-01,0.1233605076,0.1179080876,1
90022071,A0118150101,2017-12-01,0.1704869192,0.1400398145,1
90022071,A0118150101,2018-01-01,0.1422775941,0.0988460048,1
90022071,A0118150101,2018-03-01,0.1717080698,0.1386859637,1
90022071,A0118150101,2018-04-01,0.1266176660,0.1442676931,1
90022071,A0118150101,2018-05-01,0.1608848035,0.1448687782,1
90022071,A0118150101,2018-07-01,0.1248873979,0.1423656390,1
90022071,A0118150101,2018-08-01,0.1659473571,0.1339062593,1
90022071,A0118150101,2018-09-01,0.2690544864,0.1801259974,1
90022071,A0118150101,2018-11-01,0.2120875306,0.1783236624,1
90022071,A0118150101,2018-12-01,0.2495406747,0.1342600469,1
90022071,A0118150101,2019-01-01,0.2551508978,0.1489184551,1
90022071,A0118150101,2019-03-01,0.2118033652,0.1644756359,1
90022071,A0118150101,2019-04-01,0.2376952573,0.1661846302,1
90022071,A0118150101,2019-05-01,0.2440710724,0.1747073790,1
90022071,A0118150101,2019-07-01,0.2137749163,0.1620533683,1
90022071,A0118150101,2019-08-01,0.2462131489,0.1296030095,1
90022071,A0118150101,2019-09-01,0.2656594961,0.0889688512,1
90022071,A0118150101,2019-11-01,0.2761083893,0.0788557897,1
90022071,A0118150101,2019-12-01,0.2328207965,0.0760090339,1
90022071,A0118150101,2020-01-01,0.2562246254,0.0969307603,1
90022071,A0118150101,2020-03-01,0.2705280367,0.0801481342,1
90022071,A0118150101,2020-04-01,0.2544885267,0.0796216123,1
90022071,A0118150101,2020-05-01,0.2153924803,0.1008585005,1
90022071,A0118150101,2020-07-01,0.2293867543,0.1022975630,1
90022071,A0118150101,2020-08-01,0.2523591663,0.0813263592,1
90022071,A0118150101,2020-09-01,0.1669407418,0.1702519982,1
90022071,A0118150101,2020-11-01,0.2210404713,0.1259441544,1
90022071,A0118150101,2020-12-01,0.2244278023,0.1534182504,1
90022071,A0118150101,2021-01-01,0.1782697597,0.1632180254,1
90022071,A0118150101,2021-03-01,0.2182746699,0.1823398941,1
90022071,A0118150101,2021-04-01,0.2206306096,0.1318663551,1
90022071,A0118150101,2021-05-01,0.2095419564,0.1793683916,1
90022071,A0118150101,2021-07-01,0.1993513177,0.1564327108,1
90022071,A0118150101,2021-08-01,0.1755664967,0.1786067937,1
90022071,A0118150103,2021-09-01,0.1436073384,0.1232123730,1
90022071,A0118150103,2021-11-01,0.1354905401,0.1350417278,1
90022071,A0118150103,2021-12-01,0.1438322724,0.1174173565,1
90022071,A0118150103,2022-01-01,0.1056921150,0.1479394895,1
90022071,A0118150103,2022-03-01,0.1007881667,0.1738630019,1
90022071,A0118150103,2022-04-01,0.1083283584,0.1695907040,1
90022071,A0118150103,2022-05-01,0.1316855137,0.1547149005,1
90022071,A0118150103,2022-07-01,0.1487625488,0.1459400902,1
90022071,A0118150103,2022-08-01,0.1456741692,0.1174960164,1
90022072,A0118150101,2017-10-01,0.1548153386,0.1509965686,1
90022072,A0118150101,2017-11-01,0.1305324530,0.1119417190,1
90022072,A0118150101,2017-12-01,0.1218353398,0.1323879787,1
90022072,A0118150101,2018-02-01,0.1447736251,0.1335936010,1
90022072,A0118150101,2018-03-01,0.1543112252,0.1225194722,1
90022072,A0118150101,2018-04-01,0.1476092456,0.1044487278,1
90022072,A0118150101,2018-06-01,0.1279930971,0.1426974092,1
90022072,A0118150101,2018-07-01,0.1645707628,0.1351955047,1
90022072,A0118150101,2018-08-01,0.1435887920,0.1477002649,1
90022072,A0118150101,2018-10-01,0.2638216205,0.1226732413,1
90022072,A0118150101,2018-11-01,0.2207873281,0.1793350464,1
90022072,A0118150101,2018-12-01,0.2309132574,0.1219918716,1
90022072,A0118150101,2019-02-01,0.2579784831,0.1284192940,1
90022072,A0118150101,2019-03-01,0.1970433017,0.1528555784,1
90022072,A0118150101,2019-04-01,0.2548443307,0.1467085722,1
90022072,A0118150101,2019-06-01,0.2325092291,0.1571280451,1
90022072,A0118150101,2019-07-01,0.2705426240,0.1243826539,1
90022072,A0118150101,2019-08-01,0.2628827092,0.1799427308,1
90022072,A0118150101,2019-10-01,0.2800102317,0.0930753316,1
90022072,A0118150101,2019-11-01,0.2682214045,0.1104601338,1
90022072,A0118150101,2019-12-01,0.2463238390,0.0862007014,1
90022072,A0118150101,2020-02-01,0.2242309061,0.1073780979,1
90022072,A0118150101,2020-03-01,0.2553172312,0.1049779356,1
90022072,A0118150101,2020-04-01,0.2741935714,0.0847336722,1
90022072,A0118150101,2020-06-01,0.2860801208,0.1038620996,1
90022072,A0118150101,2020-07-01,0.2336920982,0.0969037836,1
90022072,A0118150101,2020-08-01,0.2149376820,0.0873245206,1
90022072,A0118150101,2020-10-01,0.2052823808,0.1758296802,1
90022072,A0118150101,2020-11-01,0.1668943917,0.1340553641,1
90022072,A0118150101,2020-12-01,0.2063516150,0.1180000775,1
90022072,A0118150101,2021-02-01,0.2130525354,0.1752647785,1
90022072,A0118150101,2021-03-01,0.1666676385,0.1184518743,1
90022072,A0118150101,2021-04-01,0.2127959171,0.1697456202,1
90022072,A0118150101,2021-06-01,0.1940305414,0.1675113294,1
90022072,A0118150101,2021-07-01,0.2303085250,0.1539456409,1
90022072,A0118150101,2021-08-01,0.1869798027,0.1536236388,1
90022072,A0118150103,2021-10-01,0.1001528555,0.1218823674,1
90022072,A0118150103,2021-11-01,0.1275707619,0.1421403592,1
90022072,A0118150103,2021-12-01,0.1143902810,0.1464338286,1
90022072,A0118150103,2022-02-01,0.1049823511,0.1126158649,1
90022072,A0118150103,2022-03-01,0.1407580341,0.1301001654,1
90022072,A0118150103,2022-04-01,0.1211929529,0.1548936583,1
90022072,A0118150103,2022-06-01,0.1165444731,0.1450566820,1
90022072,A0118150103,2022-07-01,0.1358791464,0.1538175876,1
90022072,A0118150103,2022-08-01,0.1481302660,0.1216602759,1
90022073,A0118150101,2017-09-01,0.1279831893,0.1466437069,1
90022073,A0118150101,2017-10-01,0.1158040861,0.1283265188,1
90022073,A0118150101,2017-11-01,0.1590289970,0.1365254592,1
90022073,A0118150101,2018-01-01,0.1722455929,0.1067774219,1
90022073,A0118150101,2018-02-01,0.1553664982,0.1192901375,1
90022073,A0118150101,2018-03-01,0.1570246418,0.1458893299,1
90022073,A0118150101,2018-05-01,0.1531747837,0.1072425016,1
90022073,A0118150101,2018-06-01,0.1425649449,0.1092030712,1
90022073,A0118150101,2018-07-01,0.1275426940,0.1179504645,1
90022073,A0118150101,2018-09-01,0.2236841696,0.1617275756,1
90022073,A0118150101,2018-10-01,0.2704988637,0.1316964637,1
90022073,A0118150101,2018-11-01,0.1847179655,0.1271805996,1
90022073,A0118150101,2019-01-01,0.2668522954,0.1837595152,1
90022073,A0118150101,2019-02-01,0.2061975524,0.1497666704,1
90022073,A0118150101,2019-03-01,0.2171772580,0.1416565507,1
90022073,A0118150101,2019-05-01,0.2592390540,0.1567351422,1
90022073,A0118150101,2019-06-01,0.2515811221,0.1431578266,1
90022073,A0118150101,2019-07-01,0.2301524581,0.1871750644,1
90022073,A0118150101,2019-09-01,0.2600246936,0.1014853339,1
90022073,A0118150101,2019-10-01,0.1920996089,0.0935611409,1
90022073,A0118150101,2019-11-01,0.1984211281,0.0808611066,1
90022073,A0118150101,2020-01-01,0.2280647686,0.0870102194,1
90022073,A0118150101,2020-02-01,0.2715391984,0.0959143394,1
90022073,A0118150101,2020-03-01,0.2130843250,0.0969546458,1
90022073,A0118150101,2020-05-01,0.2377185927,0.1066844044,1
90022073,A0118150101,2020-06-01,0.2755891564,0.0718035958,1
90022073,A0118150101,2020-07-01,0.2145461487,0.0967290561,1
90022073,A0118150101,2020-09-01,0.2236351032,0.1462990681,1
90022073,A0118150101,2020-10-01,0.1858326232,0.1597665896,1
90022073,A0118150101,2020-11-01,0.2283630558,0.1773617503,1
90022073,A0118150101,2021-01-01,0.1841268015,0.1772886315,1
90022073,A0118150101,2021-02-01,0.1846716545,0.1619292373,1
90022073,A0118150101,2021-03-01,0.2325534434,0.1477000257,1
90022073,A0118150101,2021-05-01,0.1994588744,0.1205325213,1
90022073,A0118150101,2021-06-01,0.2091025690,0.1415818003,1
90022073,A0118150101,2021-07-01,0.2364041890,0.1278855191,1
90022073,A0118150103,2021-09-01,0.1379946588,0.1175937583,1
90022073,A0118150103,2021-10-01,0.1348155196,0.1292839196,1
90022073,A0118150103,2021-11-01,0.1109903307,0.1702306326,1
90022073,A0118150103,2022-01-01,0.1445202562,0.1599823461,1
90022073,A0118150103,2022-02-01,0.1210842784,0.1442254448,1
90022073,A0118150103,2022-03-01,0.1401504685,0.1438267878,1
90022073,A0118150103,2022-05-01,0.1231864958,0.1673725820,1
90022073,A0118150103,2022-06-01,0.1336645001,0.1362568404,1
90022073,A0118150103,2022-07-01,0.1300551946,0.1573876445,1
90022074,A0118150101,2017-09-01,0.1485356980,0.1225675805,1
90022074,A0118150101,2017-10-01,0.1225990747,0.1307066308,1
90022074,A0118150101,2017-12-01,0.1207951217,0.1116350099,1
90022074,A0118150101,2018-01-01,0.1343818774,0.1352128714,1
90022074,A0118150101,2018-02-01,0.1362466578,0.1518460457,1
90022074,A0118150101,2018-04-01,0.1378753213,0.1006416319,1
90022074,A0118150101,2018-05-01,0.1298307475,0.1004739665,1
90022074,A0118150101,2018-06-01,0.1174658791,0.1061313325,1
90022074,A0118150101,2018-08-01,0.1517887803,0.1134980749,1
90022074,A0118150101,2018-09-01,0.2763677532,0.1803884942,1
90022074,A0118150101,2018-10-01,0.2149983676,0.1763026204,1
90022074,A0118150101,2018-12-01,0.2128714974,0.1243222695,1
90022074,A0118150101,2019-01-01,0.2172992266,0.1535955372,1
90022074,A0118150101,2019-02-01,0.2483457513,0.1614194047,1
90022074,A0118150101,2019-04-01,0.2156355522,0.1498598577,1
90022074,A0118150101,2019-05-01,0.2370898078,0.1574001635,1
90022074,A0118150101,2019-06-01,0.2562523804,0.1314532785,1
90022074,A0118150101,2019-08-01,0.2071391907,0.1608066041,1
90022074,A0118150101,2019-09-01,0.1959398855,0.0765890920,1
90022074,A0118150101,2019-10-01,0.2508012344,0.0892985852,1
90022074,A0118150101,2019-12-01,0.2442112195,0.1089513405,1
90022074,A0118150101,2020-01-01,0.1947289058,0.0733598048,1
90022074,A0118150101,2020-02-01,0.2054750113,0.1082945596,1
90022074,A0118150101,2020-04-01,0.2858887885,0.0751572350,1
90022074,A0118150101,2020-05-01,0.2167990151,0.0940017851,1
90022074,A0118150101,2020-06-01,0.2395906581,0.0713827853,1
90022074,A0118150101,2020-08-01,0.2531836111,0.0969170114,1
90022074,A0118150101,2020-09-01,0.2208892221,0.1250695558,1
90022074,A0118150101,2020-10-01,0.2067031945,0.1447797474,1
90022074,A0118150101,2020-12-01,0.1971214889,0.1656790696,1
90022074,A0118150101,2021-01-01,0.2227483091,0.1564349360,1
90022074,A0118150101,2021-02-01,0.1703195238,0.1281792131,1
90022074,A0118150101,2021-04-01,0.2101360810,0.1810231257,1
90022074,A0118150101,2021-05-01,0.1721758390,0.1219445268,1
90022074,A0118150101,2021-06-01,0.1967735002,0.1564649869,1
90022074,A0118150101,2021-08-01,0.1756874726,0.1196755379,1
90022074,A0118150103,2021-09-01,0.1135271982,0.1530724768,1
90022074,A0118150103,2021-10-01,0.1161523734,0.1292342759,1
90022074,A0118150103,2021-12-01,0.1142411772,0.1253972189,1
90022074,A0118150103,2022-01-01,0.1061333522,0.1496928819,1
90022074,A0118150103,2022-02-01,0.1025016686,0.1664242966,1
90022074,A0118150103,2022-04-01,0.1297127113,0.1236253937,1
90022074,A0118150103,2022-05-01,0.1398377316,0.1363797856,1
90022074,A0118150103,2022-06-01,0.1280999356,0.1545476145,1
90022074,A0118150103,2022-08-01,0.1454824271,0.1461373962,1
90022075,A0118150101,2017-09-01,0.1612382525,0.1408056659,1
90022075,A0118150101,2017-11-01,0.1273371638,0.1368659152,1
90022075,A0118150101,2017-12-01,0.1632776005,0.1272904666,1
90022075,A0118150101,2018-01-01,0.1332292131,0.1308446087,1
90022075,A0118150101,2018-03-01,0.1700694655,0.1138114501,1
90022075,A0118150101,2018-04-01,0.1601952515,0.1227122099,1
90022075,A0118150101,2018-05-01,0.1454931696,0.1481723396,1
90022075,A0118150101,2018-07-01,0.1553835992,0.1418075859,1
90022075,A0118150101,2018-08-01,0.1275618470,0.1013839230,1
90022075,A0118150101,2018-09-01,0.2192664634,0.1519974100,1
90022075,A0118150101,2018-11-01,0.2197601491,0.1408852417,1
90022075,A0118150101,2018-12-01,0.2349273328,0.1455516838,1
90022075,A0118150101,2019-01-01,0.2745573587,0.1435328585,1
90022075,A0118150101,2019-03-01,0.1931580765,0.1807366997,1
90022075,A0118150101,2019-04-01,0.1925290642,0.1812974071,1
90022075,A0118150101,2019-05-01,0.2678364523,0.1629417122,1
90022075,A0118150101,2019-07-01,0.2574264022,0.1865310297,1
90022075,A0118150101,2019-08-01,0.1870801032,0.1249462056,1
90022075,A0118150101,2019-09-01,0.1929196123,0.0966097455,1
90022075,A0118150101,2019-11-01,0.2695874824,0.0821741026,1
90022075,A0118150101,2019-12-01,0.2347794492,0.0777168949,1
90022075,A0118150101,2020-01-01,0.2814017568,0.0826849949,1
90022075,A0118150101,2020-03-01,0.2201668462,0.0940297330,1
90022075,A0118150101,2020-04-01,0.2038678779,0.1056270892,1
90022075,A0118150101,2020-05-01,0.1975073261,0.0972895150,1
90022075,A0118150101,2020-07-01,0.2670949963,0.1021605054,1
90022075,A0118150101,2020-08-01,0.2358190741,0.0786252849,1
90022075,A0118150101,2020-09-01,0.1914090346,0.1750767114,1
90022075,A0118150101,2020-11-01,0.2044521843,0.1179266149,1
90022075,A0118150101,2020-12-01,0.2186517572,0.1535190642,1
90022075,A0118150101,2021-01-01,0.1667741552,0.1536979988,1
90022075,A0118150101,2021-03-01,0.1732015713,0.1186172301,1
90022075,A0118150101,2021-04-01,0.1672899795,0.1227107065,1
90022075,A0118150101,2021-05-01,0.2176725743,0.1798101687,1
90022075,A0118150101,2021-07-01,0.2213613891,0.1547583072,1
90022075,A0118150101,2021-08-01,0.2235025195,0.1747475412,1
90022075,A0118150103,2021-09-01,0.1135573927,0.1622819503,1
90022075,A0118150103,2021-11-01,0.1103702879,0.1304173674,1
90022075,A0118150103,2021-12-01,0.1291357181,0.1156711925,1
90022075,A0118150103,2022-01-01,0.1167149237,0.1577553360,1
90022075,A0118150103,2022-03-01,0.1059712509,0.1669557331,1
90022075,A0118150103,2022-04-01,0.1238922641,0.1652829941,1
90022075,A0118150103,2022-05-01,0.1231900566,0.1736211345,1
90022075,A0118150103,2022-07-01,0.1454241352,0.1149587210,1
90022075,A0118150103,2022-08-01,0.1322471721,0.1129688540,1
90022076,A0118150101,2017-10-01,0.1210140038,0.1266702172,1
90022076,A0118150101,2017-11-01,0.1335819371,0.1509229431,1
90022076,A0118150101,2017-12-01,0.1208363788,0.1374684924,1
90022076,A0118150101,2018-02-01,0.1673051065,0.1037165476,1
90022076,A0118150101,2018-03-01,0.1497840090,0.1200509020,1
90022076,A0118150101,2018-04-01,0.1352302300,0.1216237657,1
90022076,A0118150101,2018-06-01,0.1419551580,0.0989448732,1
90022076,A0118150101,2018-07-01,0.1724577743,0.1123983152,1
90022076,A0118150101,2018-08-01,0.1326095993,0.1409094589,1
90022076,A0118150101,2018-10-01,0.2253927522,0.1619956811,1
90022076,A0118150101,2018-11-01,0.2747452826,0.1449300131,1
90022076,A0118150101,2018-12-01,0.1845457680,0.1368586595,1
90022076,A0118150101,2019-02-01,0.1940416190,0.1312778216,1
90022076,A0118150101,2019-03-01,0.1905842308,0.1620323138,1
90022076,A0118150101,2019-04-01,0.2618442268,0.1460944969,1
90022076,A0118150101,2019-06-01,0.1965148162,0.1477643758,1
90022076,A0118150101,2019-07-01,0.1952993419,0.1894927184,1
90022076,A0118150101,2019-08-01,0.2300461995,0.1253487790,1
90022076,A0118150101,2019-10-01,0.2430125946,0.1017985939,1
90022076,A0118150101,2019-11-01,0.2111291221,0.0806128142,1
90022076,A0118150101,2019-12-01,0.2008242023,0.0946974418,1
90022076,A0118150101,2020-02-01,0.2741181050,0.1052455990,1
90022076,A0118150101,2020-03-01,0.2214538816,0.0800313651,1
90022076,A0118150101,2020-04-01,0.2077419273,0.0742489744,1
90022076,A0118150101,2020-06-01,0.2021447006,0.0895862884,1
90022076,A0118150101,2020-07-01,0.2671563262,0.1013376343,1
90022076,A0118150101,2020-08-01,0.2495659282,0.1054063717,1
90022076,A0118150101,2020-10-01,0.1659359335,0.1338099283,1
90022076,A0118150101,2020-11-01,0.1935460717,0.1372840549,1
90022076,A0118150101,2020-12-01,0.2018889034,0.1394029550,1
90022076,A0118150101,2021-02-01,0.2253622534,0.1192345511,1
90022076,A0118150101,2021-03-01,0.2148668160,0.1774255658,1
90022076,A0118150101,2021-04-01,0.2076354196,0.1419883606,1
90022076,A0118150101,2021-06-01,0.2195650041,0.1810405018,1
90022076,A0118150101,2021-07-01,0.2248139104,0.1385038204,1
90022076,A0118150101,2021-08-01,0.2258508456,0.1532189893,1
90022076,A0118150103,2021-10-01,0.1316779168,0.1287821730,1
90022076,A0118150103,2021-11-01,0.1339941367,0.1371259667,1
90022076,A0118150103,2021-12-01,0.1229179639,0.1513470992,1
90022076,A0118150103,2022-02-01,0.1209038227,0.1275820265,1
90022076,A0118150103,2022-03-01,0.1344838086,0.1672464836,1
90022076,A0118150103,2022-04-01,0.1011788228,0.1233565580,1
90022076,A0118150103,2022-06-01,0.1033302972,0.1448474707,1
90022076,A0118150103,2022-07-01,0.1266158722,0.1642337480,1
90022076,A0118150103,2022-08-01,0.1056846180,0.1286847325,1
90022077,A0118150101,2017-09-01,0.1322791944,0.1277159095,1
90022077,A0118150101,2017-10-01,0.1280196363,0.1148950907,1
90022077,A0118150101,2017-11-01,0.1606758624,0.1359346697,1
90022077,A0118150101,2018-01-01,0.1442543718,0.1204920486,1
90022077,A0118150101,2018-02-01,0.1705684994,0.1296890173,1
90022077,A0118150101,2018-03-01,0.1591777519,0.0992200844,1
90022077,A0118150101,2018-05-01,0.1316202949,0.1012441609,1
90022077,A0118150101,2018-06-01,0.1228022739,0.1098893963,1
90022077,A0118150101,2018-07-01,0.1627066642,0.1376211833,1
90022077,A0118150101,2018-09-01,0.2062027043,0.1494232616,1
90022077,A0118150101,2018-10-01,0.1888198255,0.1810600926,1
90022077,A0118150101,2018-11-01,0.2169660673,0.1261002971,1
90022077,A0118150101,2019-01-01,0.2629253218,0.1876785590,1
90022077,A0118150101,2019-02-01,0.2252657687,0.1882540453,1
90022077,A0118150101,2019-03-01,0.2727428750,0.1830349299,1
90022077,A0118150101,2019-05-01,0.2051148655,0.1494746519,1
90022077,A0118150101,2019-06-01,0.2682792870,0.1232546710,1
90022077,A0118150101,2019-07-01,0.2616539790,0.1205263908,1
90022077,A0118150101,2019-09-01,0.2269297358,0.0798093015,1
90022077,A0118150101,2019-10-01,0.2016931832,0.1088438606,1
90022077,A0118150101,2019-11-01,0.2237735198,0.1015944245,1
90022077,A0118150101,2020-01-01,0.2247197043,0.0820911364,1
90022077,A0118150101,2020-02-01,0.2707937693,0.1062081369,1
90022077,A0118150101,2020-03-01,0.2188794954,0.1000745403,1
90022077,A0118150101,2020-05-01,0.2356000570,0.0929879090,1
90022077,A0118150101,2020-06-01,0.2780194952,0.0873975134,1
90022077,A0118150101,2020-07-01,0.2448040366,0.0871898986,1
90022077,A0118150101,2020-09-01,0.2436259989,0.1229189831,1
90022077,A0118150101,2020-10-01,0.2179420553,0.1655137142,1
90022077,A0118150101,2020-11-01,0.2143407890,0.1721261552,1
90022077,A0118150101,2021-01-01,0.1865828867,0.1187749064,1
90022077,A0118150101,2021-02-01,0.2168069959,0.1228278164,1
90022077,A0118150101,2021-03-01,0.2279067063,0.1340766622,1
90022077,A0118150101,2021-05-01,0.2389577159,0.1271282576,1
90022077,A0118150101,2021-06-01,0.2079727705,0.1535336998,1
90022077,A0118150101,2021-07-01,0.2249673116,0.1498790938,1
90022077,A0118150103,2021-09-01,0.1013719709,0.1704881719,1
90022077,A0118150103,2021-10-01,0.1410642235,0.1358823304,1
90022077,A0118150103,2021-11-01,0.1190478629,0.1375084103,1
90022077,A0118150103,2022-01-01,0.1434252055,0.1170930375,1
90022077,A0118150103,2022-02-01,0.1338915306,0.1301865539,1
90022077,A0118150103,2022-03-01,0.1321872346,0.1417973420,1
90022077,A0118150103,2022-05-01,0.1357827673,0.1177583583,1
90022077,A0118150103,2022-06-01,0.1480827306,0.1485315774,1
90022077,A0118150103,2022-07-01,0.1256075167,0.1453804448,1
90022078,A0118150101,2017-09-01,0.1511103951,0.1398435779,1
90022078,A0118150101,2017-10-01,0.1316024232,0.1297355072,1
90022078,A0118150101,2017-12-01,0.1380032654,0.1293041740,1
90022078,A0118150101,2018-01-01,0.1265916977,0.1237206446,1
90022078,A0118150101,2018-02-01,0.1669146660,0.1001115901,1
90022078,A0118150101,2018-04-01,0.1531964963,0.1149184808,1
90022078,A0118150101,2018-05-01,0.1584588642,0.1425219424,1
90022078,A0118150101,2018-06-01,0.1570780216,0.1399117909,1
90022078,A0118150101,2018-08-01,0.1161921770,0.1189967035,1
90022078,A0118150101,2018-09-01,0.2428476009,0.1459067537,1
90022078,A0118150101,2018-10-01,0.2000183408,0.1856355696,1
90022078,A0118150101,2018-12-01,0.2085800544,0.1550704358,1
90022078,A0118150101,2019-01-01,0.2545686888,0.1556162329,1
90022078,A0118150101,2019-02-01,0.2083069511,0.1688764212,1
90022078,A0118150101,2019-04-01,0.1850137226,0.1899193771,1
90022078,A0118150101,2019-05-01,0.2206788611,0.1383539296,1
90022078,A0118150101,2019-06-01,0.1935840645,0.1220545553,1
90022078,A0118150101,2019-08-01,0.2443368589,0.1251032725,1
90022078,A0118150101,2019-09-01,0.1955543612,0.1021093711,1
90022078,A0118150101,2019-10-01,0.2433726661,0.0991703177,1
90022078,A0118150101,2019-12-01,0.2648691888,0.1031182801,1
90022078,A0118150101,2020-01-01,0.2079006147,0.0884955957,1
90022078,A0118150101,2020-02-01,0.2008892238,0.1078581114,1
90022078,A0118150101,2020-04-01,0.2252783446,0.0902775413,1
90022078,A0118150101,2020-05-01,0.2672510817,0.1031287615,1
90022078,A0118150101,2020-06-01,0.2002529859,0.0994866130,1
90022078,A0118150101,2020-08-01,0.2102725634,0.1082706122,1
90022078,A0118150101,2020-09-01,0.2097296565,0.1273294923,1
90022078,A0118150101,2020-10-01,0.1676121379,0.1724184723,1
90022078,A0118150101,2020-12-01,0.1932519195,0.1593244124,1
90022078,A0118150101,2021-01-01,0.2021976155,0.1603802175,1
90022078,A0118150101,2021-02-01,0.1703790082,0.1208191503,1
90022078,A0118150101,2021-04-01,0.1868651523,0.1174067972,1
90022078,A0118150101,2021-05-01,0.2187604268,0.1567276572,1
90022078,A0118150101,2021-06-01,0.1672665647,0.1433949626,1
90022078,A0118150101,2021-08-01,0.2409481493,0.1368029802,1
90022078,A0118150103,2021-09-01,0.1152607226,0.1658085105,1
90022078,A0118150103,2021-10-01,0.1419480738,0.1432880307,1
90022078,A0118150103,2021-12-01,0.1078211948,0.1197649214,1
90022078,A0118150103,2022-01-01,0.1255884073,0.1169423914,1
90022078,A0118150103,2022-02-01,0.1443991169,0.1694983400,1
90022078,A0118150103,2022-04-01,0.1487734702,0.1245317707,1
90022078,A0118150103,2022-05-01,0.1398147479,0.1574917754,1
90022078,A0118150103,2022-06-01,0.1314250589,0.1264696292,1
90022078,A0118150103,2022-08-01,0.1174434236,0.1577258869,1
90022079,A0118150101,2017-09-01,0.1705372529,0.1030567943,1
90022079,A0118150101,2017-11-01,0.1695477089,0.1207466654,1
90022079,A0118150101,2017-12-01,0.1290366317,0.1216686301,1
90022079,A0118150101,2018-01-01,0.1322418042,0.1399983838,1
90022079,A0118150101,2018-03-01,0.1181840890,0.1221276175,1
90022079,A0118150101,2018-04-01,0.1532002152,0.1286443449,1
90022079,A0118150101,2018-05-01,0.1286045934,0.1415122688,1
90022079,A0118150101,2018-07-01,0.1537453541,0.1243054088,1
90022079,A0118150101,2018-08-01,0.1561098050,0.1429638083,1
90022079,A0118150101,2018-09-01,0.2413976445,0.1411388289,1
90022079,A0118150101,2018-11-01,0.2511871041,0.1339874206,1
90022079,A0118150101,2018-12-01,0.2484280989,0.1399299064,1
90022079,A0118150101,2019-01-01,0.2538172987,0.1635577967,1
90022079,A0118150101,2019-03-01,0.2575594016,0.1524751070,1
90022079,A0118150101,2019-04-01,0.2039825061,0.1863630512,1
90022079,A0118150101,2019-05-01,0.2082350445,0.1495584199,1
90022079,A0118150101,2019-07-01,0.2432213645,0.1576794679,1
90022079,A0118150101,2019-08-01,0.2638766728,0.1334077105,1
90022079,A0118150101,2019-09-01,0.2018729149,0.1009743108,1
90022079,A0118150101,2019-11-01,0.2638138617,0.0786082159,1
90022079,A0118150101,2019-12-01,0.2674009684,0.1051482014,1
90022079,A0118150101,2020-01-01,0.2789421040,0.0892179791,1
90022079,A0118150101,2020-03-01,0.2018137726,0.1013769959,1
90022079,A0118150101,2020-04-01,0.2579169928,0.0896338725,1
90022079,A0118150101,2020-05-01,0.2055946838,0.0798864585,1
90022079,A0118150101,2020-07-01,0.2522083728,0.0739291838,1
90022079,A0118150101,2020-08-01,0.2224390430,0.0835549546,1
90022079,A0118150101,2020-09-01,0.1952231996,0.1177904557,1
90022079,A0118150101,2020-11-01,0.2297686560,0.1206941000,1
90022079,A0118150101,2020-12-01,0.1662599511,0.1717641746,1
90022079,A0118150101,2021-01-01,0.2228387811,0.1624404179,1
90022079,A0118150101,2021-03-01,0.2149616668,0.1546290577,1
90022079,A0118150101,2021-04-01,0.2043831161,0.1333790003,1
90022079,A0118150101,2021-05-01,0.2042855702,0.1207090853,1
90022079,A0118150101,2021-07-01,0.2270264018,0.1343660276,1
90022079,A0118150101,2021-08-01,0.2086151647,0.1342595533,1
90022079,A0118150103,2021-09-01,0.1182106306,0.1710308575,1
90022079,A0118150103,2021-11-01,0.1370866810,0.1232983630,1
90022079,A0118150103,2021-12-01,0.1015951969,0.1244638229,1
90022079,A0118150103,2022-01-01,0.1374136338,0.1381922592,1
90022079,A0118150103,2022-03-01,0.1043988584,0.1585195969,1
90022079,A0118150103,2022-04-01,0.1318220073,0.1339561619,1
90022079,A0118150103,2022-05-01,0.1156961379,0.1244533312,1
90022079,A0118150103,2022-07-01,0.1044515838,0.1699122390,1
90022079,A0118150103,2022-08-01,0.1151724220,0.1696104036,1
90022080,A0118150101,2017-10-01,0.1396905013,0.1091793962,1
90022080,A0118150101,2017-11-01,0.1243682016,0.1111511260,1
90022080,A0118150101,2017-12-01,0.1712312131,0.1299882140,1
90022080,A0118150101,2018-02-01,0.1696244662,0.1317408313,1
90022080,A0118150101,2018-03-01,0.1314024904,0.1237491241,1
90022080,A0118150101,2018-04-01,0.1375982634,0.1228627271,1
90022080,A0118150101,2018-06-01,0.1647954156,0.1121576628,1
90022080,A0118150101,2018-07-01,0.1211808172,0.1089454839,1
90022080,A0118150101,2018-08-01,0.1526161424,0.1361907655,1
90022080,A0118150101,2018-10-01,0.2142085724,0.1480849167,1
90022080,A0118150101,2018-11-01,0.1956997304,0.1348539061,1
90022080,A0118150101,2018-12-01,0.2594577349,0.1728801583,1
90022080,A0118150101,2019-02-01,0.2148286406,0.1527279792,1
90022080,A0118150101,2019-03-01,0.1859058279,0.1204991163,1
90022080,A0118150101,2019-04-01,0.2734591828,0.1766795665,1
90022080,A0118150101,2019-06-01,0.1899363482,0.1808593106,1
90022080,A0118150101,2019-07-01,0.2598029919,0.1581981417,1
90022080,A0118150101,2019-08-01,0.2433165174,0.1864047076,1
90022080,A0118150101,2019-10-01,0.2814668835,0.1049779428,1
90022080,A0118150101,2019-11-01,0.2177203760,0.0992106974,1
90022080,A0118150101,2019-12-01,0.2428968897,0.0745989695,1
90022080,A0118150101,2020-02-01,0.2385378894,0.0979882981,1
90022080,A0118150101,2020-03-01,0.2637485677,0.0889036717,1
90022080,A0118150101,2020-04-01,0.2660996509,0.0828114812,1
90022080,A0118150101,2020-06-01,0.2058780193,0.0905624718,1
90022080,A0118150101,2020-07-01,0.2067008567,0.0796184060,1
90022080,A0118150101,2020-08-01,0.2242636466,0.0787474157,1
90022080,A0118150101,2020-10-01,0.1854577909,0.1488637959,1
90022080,A0118150101,2020-11-01,0.2166765287,0.1624194882,1
90022080,A0118150101,2020-12-01,0.2072894986,0.1790876119,1
90022080,A0118150101,2021-02-01,0.2276489882,0.1431734958,1
90022080,A0118150101,2021-03-01,0.1942479637,0.1571152283,1
90022080,A0118150101,2021-04-01,0.2331850053,0.1595764618,1
90022080,A0118150101,2021-06-01,0.1821419109,0.1175837762,1
90022080,A0118150101,2021-07-01,0.1789555643,0.1418071909,1
90022080,A0118150101,2021-08-01,0.2398260275,0.1754911991,1
90022080,A0118150103,2021-10-01,0.1432324993,0.1577002741,1
90022080,A0118150103,2021-11-01,0.1120943066,0.1603227349,1
90022080,A0118150103,2021-12-01,0.1043549179,0.1587026974,1
90022080,A0118150103,2022-02-01,0.1093885606,0.1579541078,1
90022080,A0118150103,2022-03-01,0.1064279806,0.1411993889,1
90022080,A0118150103,2022-04-01,0.1489480128,0.1242658255,1
90022080,A0118150103,2022-06-01,0.1380461452,0.1299950491,1
90022080,A0118150103,2022-07-01,0.1297381597,0.1379019265,1
90022080,A0118150103,2022-08-01,0.1020382059,0.1247220889,1
90022081,A0118150101,2017-09-01,0.1203099108,0.0968754596,1
90022081,A0118150101,2017-10-01,0.1713338831,0.0971299263,1
90022081,A0118150101,2017-11-01,0.1635242260,0.1279224289,1
90022081,A0118150101,2018-01-01,0.1391971395,0.1325008779,1
90022081,A0118150101,2018-02-01,0.1424838264,0.1085604577,1
90022081,A0118150101,2018-03-01,0.1421636706,0.1384671128,1
90022081,A0118150101,2018-05-01,0.1705386282,0.1166449147,1
90022081,A0118150101,2018-06-01,0.1331061723,0.1243812035,1
90022081,A0118150101,2018-07-01,0.1673708110,0.1515508980,1
90022081,A0118150101,2018-09-01,0.2050272780,0.1636283008,1
90022081,A0118150101,2018-10-01,0.2455961022,0.1322492040,1
90022081,A0118150101,2018-11-01,0.2177479210,0.1839379300,1
90022081,A0118150101,2019-01-01,0.2711706532,0.1497141536,1
90022081,A0118150101,2019-02-01,0.2345057328,0.1800264444,1
90022081,A0118150101,2019-03-01,0.1971618513,0.1799162608,1
90022081,A0118150101,2019-05-01,0.2584196011,0.1534550791,1
90022081,A0118150101,2019-06-01,0.2039025066,0.1664174680,1
90022081,A0118150101,2019-07-01,0.2649847241,0.1249466347,1
90022081,A0118150101,2019-09-01,0.2386148319,0.0725230774,1
90022081,A0118150101,2019-10-01,0.2358081526,0.0906284656,1
90022081,A0118150101,2019-11-01,0.2314292524,0.0975382844,1
90022081,A0118150101,2020-01-01,0.2703740058,0.0891451899,1
90022081,A0118150101,2020-02-01,0.2222921555,0.0738435834,1
90022081,A0118150101,2020-03-01,0.2869707078,0.0934953258,1
90022081,A0118150101,2020-05-01,0.2260067642,0.0786997779,1
90022081,A0118150101,2020-06-01,0.2208364544,0.0935411605,1
90022081,A0118150101,2020-07-01,0.2658449433,0.0781385875,1
90022081,A0118150101,2020-09-01,0.1764688045,0.1237704894,1
90022081,A0118150101,2020-10-01,0.2188078368,0.1286430230,1
90022081,A0118150101,2020-11-01,0.1864335615,0.1801934863,1
90022081,A0118150101,2021-01-01,0.2118345658,0.1281975794,1
90022081,A0118150101,2021-02-01,0.2272952181,0.1573160985,1
90022081,A0118150101,2021-03-01,0.2244738039,0.1437470893,1
90022081,A0118150101,2021-05-01,0.2182854833,0.1553105541,1
90022081,A0118150101,2021-06-01,0.2262112087,0.1495257916,1
90022081,A0118150101,2021-07-01,0.1728425516,0.1458099356,1
90022081,A0118150103,2021-09-01,0.1458218499,0.1370772772,1
90022081,A0118150103,2021-10-01,0.1219174077,0.1284407640,1
90022081,A0118150103,2021-11-01,0.1285095482,0.1679623348,1
90022081,A0118150103,2022-01-01,0.1426126143,0.1240707215,1
90022081,A0118150103,2022-02-01,0.1076536909,0.1365129698,1
90022081,A0118150103,2022-03-01,0.1050386426,0.1566701626,1
90022081,A0118150103,2022-05-01,0.1121323557,0.1320871521,1
90022081,A0118150103,2022-06-01,0.1467539712,0.1468047467,1
90022081,A0118150103,2022-07-01,0.1331093935,0.1703351938,1
90022082,A0118150101,2017-09-01,0.1263076275,0.1228677969,1
90022082,A0118150101,2017-10-01,0.1550383878,0.1185986008,1
90022082,A0118150101,2017-12-01,0.1356689489,0.1454333500,1
90022082,A0118150101,2018-01-01,0.1652255090,0.1215364549,1
90022082,A0118150101,2018-02-01,0.1565427008,0.1021052661,1
90022082,A0118150101,2018-04-01,0.1433606476,0.1416346398,1
90022082,A0118150101,2018-05-01,0.1455088174,0.1005723799,1
90022082,A0118150101,2018-06-01,0.1624761761,0.1123529368,1
90022082,A0118150101,2018-08-01,0.1713425174,0.1402767251,1
90022082,A0118150101,2018-09-01,0.2091693913,0.1810989759,1
90022082,A0118150101,2018-10-01,0.1863794507,0.1279049437,1
90022082,A0118150101,2018-12-01,0.2251624937,0.1680809359,1
90022082,A0118150101,2019-01-01,0.2678689170,0.1287911343,1
90022082,A0118150101,2019-02-01,0.2029871768,0.1642051349,1
90022082,A0118150101,2019-04-01,0.2491852206,0.1784821327,1
90022082,A0118150101,2019-05-01,0.2142245127,0.1656930604,1
90022082,A0118150101,2019-06-01,0.2054815912,0.1497435708,1
90022082,A0118150101,2019-08-01,0.2519385256,0.1628720007,1
90022082,A0118150101,2019-09-01,0.2068510844,0.0856177933,1
90022082,A0118150101,2019-10-01,0.2211358324,0.0798207875,1
90022082,A0118150101,2019-12-01,0.1969990804,0.0768882700,1
90022082,A0118150101,2020-01-01,0.2530382549,0.0819881030,1
90022082,A0118150101,2020-02-01,0.1965514631,0.0805241019,1
90022082,A0118150101,2020-04-01,0.2401828346,0.0735510721,1
90022082,A0118150101,2020-05-01,0.2172273196,0.1100608353,1
90022082,A0118150101,2020-06-01,0.2432488862,0.0754846929,1
90022082,A0118150101,2020-08-01,0.2384762638,0.0776820576,1
90022082,A0118150101,2020-09-01,0.1869562925,0.1330883438,1
90022082,A0118150101,2020-10-01,0.1839383081,0.1456518000,1
90022082,A0118150101,2020-12-01,0.2406695608,0.1742640783,1
90022082,A0118150101,2021-01-01,0.1844399514,0.1336223573,1
90022082,A0118150101,2021-02-01,0.1891169866,0.1246939697,1
90022082,A0118150101,2021-04-01,0.2007935507,0.1200330335,1
90022082,A0118150101,2021-05-01,0.1908670891,0.1395285510,1
90022082,A0118150101,2021-06-01,0.2190034604,0.1336924170,1
90022082,A0118150101,2021-08-01,0.1912333490,0.1725258687,1
90022082,A0118150103,2021-09-01,0.1257647130,0.1506421658,1
90022082,A0118150103,2021-10-01,0.1481203509,0.1280751068,1
90022082,A0118150103,2021-12-01,0.1444341709,0.1517325437,1
90022082,A0118150103,2022-01-01,0.1135975696,0.1118999706,1
90022082,A0118150103,2022-02-01,0.1085507278,0.1387037498,1
90022082,A0118150103,2022-04-01,0.1226860311,0.1353546602,1
90022082,A0118150103,2022-05-01,0.1365893858,0.1557445073,1
90022082,A0118150103,2022-06-01,0.1154526647,0.1638034659,1
90022082,A0118150103,2022-08-01,0.1093653360,0.1341602586,1
90022083,A0118150101,2017-09-01,0.1263890587,0.1132010448,1
90022083,A0118150101,2017-11-01,0.1298169662,0.1015486406,1
90022083,A0118150101,2017-12-01,0.1248678708,0.0978144451,1
90022083,A0118150101,2018-01-01,0.1456066018,0.1026560200,1
90022083,A0118150101,2018-03-01,0.1565741932,0.1246879723,1
90022083,A0118150101,2018-04-01,0.1580565294,0.1329131484,1
90022083,A0118150101,2018-05-01,0.1588008538,0.1225513993,1
90022083,A0118150101,2018-07-01,0.1237138404,0.1326838629,1
90022083,A0118150101,2018-08-01,0.1318975904,0.1036200620,1
90022083,A0118150101,2018-09-01,0.1885623774,0.1250696132,1
90022083,A0118150101,2018-11-01,0.2668737617,0.1508370871,1
90022083,A0118150101,2018-12-01,0.2084948147,0.1319160804,1
90022083,A0118150101,2019-01-01,0.2505000178,0.1539912102,1
90022083,A0118150101,2019-03-01,0.2610006864,0.1688755281,1
90022083,A0118150101,2019-04-01,0.2652882345,0.1773938221,1
90022083,A0118150101,2019-05-01,0.2477895107,0.1720718235,1
90022083,A0118150101,2019-07-01,0.1877743852,0.1632904016,1
90022083,A0118150101,2019-08-01,0.2174671659,0.1614547290,1
90022083,A0118150101,2019-09-01,0.2221404248,0.0727619830,1
90022083,A0118150101,2019-11-01,0.2034109973,0.0720118147,1
90022083,A0118150101,2019-12-01,0.1919866701,0.0714075875,1
90022083,A0118150101,2020-01-01,0.1996157839,0.1025121811,1
90022083,A0118150101,2020-03-01,0.2029475538,0.0780521098,1
90022083,A0118150101,2020-04-01,0.2798207463,0.1067653642,1
90022083,A0118150101,2020-05-01,0.2276224014,0.1068321090,1
90022083,A0118150101,2020-07-01,0.2842456140,0.0732696599,1
90022083,A0118150101,2020-08-01,0.2103443620,0.0876914632,1
90022083,A0118150101,2020-09-01,0.2388585209,0.1198169057,1
90022083,A0118150101,2020-11-01,0.2404190760,0.1530680136,1
90022083,A0118150101,2020-12-01,0.2158308122,0.1461082779,1
90022083,A0118150101,2021-01-01,0.1783254226,0.1750678505,1
90022083,A0118150101,2021-03-01,0.2401398141,0.1767933258,1
90022083,A0118150101,2021-04-01,0.1676496465,0.1768493118,1
90022083,A0118150101,2021-05-01,0.2428932661,0.1463275220,1
90022083,A0118150101,2021-07-01,0.1901041458,0.1729751799,1
90022083,A0118150101,2021-08-01,0.2154517862,0.1684168532,1
90022083,A0118150103,2021-09-01,0.1169395473,0.1736972280,1
90022083,A0118150103,2021-11-01,0.1106256421,0.1733333283,1
90022083,A0118150103,2021-12-01,0.1393022294,0.1687253576,1
90022083,A0118150103,2022-01-01,0.1224840107,0.1613664372,1
90022083,A0118150103,2022-03-01,0.1409307797,0.1530808136,1
90022083,A0118150103,2022-04-01,0.1354199191,0.1706565081,1
90022083,A0118150103,2022-05-01,0.1475881138,0.1522144021,1
90022083,A0118150103,2022-07-01,0.1130081042,0.1600849727,1
90022083,A0118150103,2022-08-01,0.1079686224,0.1354486624,1
90023022,A0118150101,2017-09-01,0.2019705730,0.1388549388,1
90023022,A0118150101,2017-10-01,0.1969706259,0.1160818946,1
90023022,A0118150101,2017-12-01,0.1691808962,0.1163561013,1
90023022,A0118150101,2018-01-01,0.1821505601,0.1119481065,1
90023022,A0118150101,2018-02-01,0.1978094767,0.1433600660,1
90023022,A0118150101,2018-04-01,0.1568014551,0.1719779883,1
90023022,A0118150101,2018-05-01,0.1820497087,0.1223413484,1
90023022,A0118150101,2018-06-01,0.1805330813,0.1233705064,1
90023022,A0118150101,2018-08-01,0.1756803957,0.1592887284,1
90023022,A0118150101,2018-09-01,0.2329972159,0.0897220592,1
90023022,A0118150101,2018-10-01,0.2298255820,0.1080598445,1
90023022,A0118150101,2018-12-01,0.2511927418,0.0835540655,1
90023022,A0118150101,2019-01-01,0.2361619129,0.1233342188,1
90023022,A0118150101,2019-02-01,0.2288155742,0.1186961823,1
90023022,A0118150101,2019-04-01,0.1996955867,0.1175190717,1
90023022,A0118150101,2019-05-01,0.2491141242,0.1110379280,1
90023022,A0118150101,2019-06-01,0.1778285993,0.1185890111,1
90023022,A0118150101,2019-08-01,0.2337620044,0.0942457745,1
90023022,A0118150101,2019-09-01,0.1516423883,0.1507438415,1
90023022,A0118150101,2019-10-01,0.1137213961,0.1394577298,1
90023022,A0118150101,2019-12-01,0.1157988655,0.1085303549,1
90023022,A0118150101,2020-01-01,0.1230547964,0.1617422887,1
90023022,A0118150101,2020-02-01,0.1326001000,0.1246787179,1
90023022,A0118150101,2020-04-01,0.1364269526,0.1405461590,1
90023022,A0118150101,2020-05-01,0.1514173466,0.1508814180,1
90023022,A0118150101,2020-06-01,0.1545574991,0.1184816246,1
90023022,A0118150101,2020-08-01,0.1081115954,0.1249092790,1
90023022,A0118150101,2020-09-01,0.2252556866,0.0802030709,1
90023022,A0118150101,2020-10-01,0.2082098368,0.0746490835,1
90023022,A0118150101,2020-12-01,0.1996451022,0.0768916211,1
90023022,A0118150101,2021-01-01,0.2482694875,0.0846642197,1
90023022,A0118150101,2021-02-01,0.1905741341,0.0806798687,1
90023022,A0118150101,2021-04-01,0.2780843182,0.1013958712,1
90023022,A0118150101,2021-05-01,0.2354555585,0.0939574035,1
90023022,A0118150101,2021-06-01,0.2780923740,0.1014803092,1
90023022,A0118150101,2021-08-01,0.2313804500,0.1083532508,1
90023022,A0118150103,2021-09-01,0.1363440168,0.1091618437,1
90023022,A0118150103,2021-10-01,0.1610356297,0.0890619520,1
90023022,A0118150103,2021-12-01,0.1328298587,0.1082959959,1
90023022,A0118150103,2022-01-01,0.1266679693,0.0742498713,1
90023022,A0118150103,2022-02-01,0.1616771429,0.0862073889,1
90023022,A0118150103,2022-04-01,0.1513065973,0.1122128061,1
90023022,A0118150103,2022-05-01,0.1693253213,0.1075278798,1
90023022,A0118150103,2022-06-01,0.1381816601,0.0801523982,1
90023022,A0118150103,2022-08-01,0.1150652854,0.1075692106,1
90023023,A0118150101,2017-09-01,0.1949537654,0.1269876935,1
90023023,A0118150101,2017-11-01,0.1405389374,0.1402498748,1
90023023,A0118150101,2017-12-01,0.1705048524,0.1681991104,1
90023023,A0118150101,2018-01-01,0.1825843690,0.1262826482,1
90023023,A0118150101,2018-03-01,0.1749152125,0.1580065047,1
90023023,A0118150101,2018-04-01,0.1632818845,0.1148892065,1
90023023,A0118150101,2018-05-01,0.1631196421,0.1287434009,1
90023023,A0118150101,2018-07-01,0.1857767886,0.1624494466,1
90023023,A0118150101,2018-08-01,0.1922762221,0.1506933673,1
90023023,A0118150101,2018-09-01,0.1747139241,0.0919829648,1
90023023,A0118150101,2018-11-01,0.2510229665,0.0987293348,1
90023023,A0118150101,2018-12-01,0.1920447159,0.0829538936,1
90023023,A0118150101,2019-01-01,0.1808886726,0.1248391182,1
90023023,A0118150101,2019-03-01,0.2302102093,0.1197995161,1
90023023,A0118150101,2019-04-01,0.2305606762,0.1153484055,1
90023023,A0118150101,2019-05-01,0.1771175482,0.1211723487,1
90023023,A0118150101,2019-07-01,0.2280315345,0.0908164078,1
90023023,A0118150101,2019-08-01,0.1912056192,0.1065142408,1
90023023,A0118150101,2019-09-01,0.1421157997,0.1102238270,1
90023023,A0118150101,2019-11-01,0.1060048122,0.1275148605,1
90023023,A0118150101,2019-12-01,0.1081745343,0.1293764662,1
90023023,A0118150101,2020-01-01,0.1420184413,0.1128603753,1
90023023,A0118150101,2020-03-01,0.1082701006,0.1484010815,1
90023023,A0118150101,2020-04-01,0.1253588848,0.1288112247,1
90023023,A0118150101,2020-05-01,0.1166847700,0.1470576288,1
90023023,A0118150101,2020-07-01,0.1258234916,0.1207038033,1
90023023,A0118150101,2020-08-01,0.1156232377,0.1083006373,1
90023023,A0118150101,2020-09-01,0.2015505277,0.0808323682,1
90023023,A0118150101,2020-11-01,0.2316587425,0.0776346421,1
90023023,A0118150101,2020-12-01,0.2147248173,0.1018794766,1
90023023,A0118150101,2021-01-01,0.2719984445,0.0748731299,1
90023023,A0118150101,2021-03-01,0.1951744196,0.0786586282,1
90023023,A0118150101,2021-04-01,0.2626778704,0.0786098221,1
90023023,A0118150101,2021-05-01,0.2342218530,0.0747228232,1
90023023,A0118150101,2021-07-01,0.2149009912,0.0950018592,1
90023023,A0118150101,2021-08-01,0.2540185706,0.0991386938,1
90023023,A0118150103,2021-09-01,0.1638632097,0.0935766950,1
90023023,A0118150103,2021-11-01,0.1303088838,0.1132368807,1
90023023,A0118150103,2021-12-01,0.1483226462,0.0892716356,1
90023023,A0118150103,2022-01-01,0.1535957168,0.0879112661,1
90023023,A0118150103,2022-03-01,0.1440055123,0.0830789509,1
90023023,A0118150103,2022-04-01,0.1472731349,0.0784456384,1
90023023,A0118150103,2022-05-01,0.1196065787,0.0979381905,1
90023023,A0118150103,2022-07-01,0.1613447796,0.1127375177,1
90023023,A0118150103,2022-08-01,0.1132201960,0.0973180086,1
90023024,A0118150101,2017-10-01,0.1940279146,0.1219977612,1
90023024,A0118150101,2017-11-01,0.1738374157,0.1329227881,1
90023024,A0118150101,2017-12-01,0.1361707115,0.1254148567,1
90023024,A0118150101,2018-02-01,0.1817818520,0.1329872937,1
90023024,A0118150101,2018-03-01,0.1413852536,0.1168945546,1
90023024,A0118150101,2018-04-01,0.2009993271,0.1346493359,1
90023024,A0118150101,2018-06-01,0.1607124869,0.1292406593,1
90023024,A0118150101,2018-07-01,0.1399979146,0.1516780012,1
90023024,A0118150101,2018-08-01,0.1371992607,0.1601203476,1
90023024,A0118150101,2018-10-01,0.2118775867,0.0975730431,1
90023024,A0118150101,2018-11-01,0.1803189309,0.0820018881,1
90023024,A0118150101,2018-12-01,0.1696895112,0.1006159739,1
90023024,A0118150101,2019-02-01,0.2210147383,0.1129208662,1
90023024,A0118150101,2019-03-01,0.1876727426,0.0999677477,1
90023024,A0118150101,2019-04-01,0.2252078652,0.0955925941,1
90023024,A0118150101,2019-06-01,0.1867055011,0.1118066524,1
90023024,A0118150101,2019-07-01,0.2385756315,0.0804193534,1
90023024,A0118150101,2019-08-01,0.2102743752,0.1101538372,1
90023024,A0118150101,2019-10-01,0.1237782285,0.1339954216,1
90023024,A0118150101,2019-11-01,0.1083018675,0.1578485887,1
90023024,A0118150101,2019-12-01,0.1470903205,0.1032663238,1
90023024,A0118150101,2020-02-01,0.1530798533,0.1037623884,1
90023024,A0118150101,2020-03-01,0.1125354492,0.1399412560,1
90023024,A0118150101,2020-04-01,0.1408861729,0.1400880579,1
90023024,A0118150101,2020-06-01,0.1091493492,0.1040776109,1
90023024,A0118150101,2020-07-01,0.1166280496,0.1596772593,1
90023024,A0118150101,2020-08-01,0.1107240012,0.1404482052,1
90023024,A0118150101,2020-10-01,0.2630001298,0.0868608832,1
90023024,A0118150101,2020-11-01,0.1985069960,0.0794263430,1
90023024,A0118150101,2020-12-01,0.2253189220,0.0990662738,1
90023024,A0118150101,2021-02-01,0.2429534133,0.1101777195,1
90023024,A0118150101,2021-03-01,0.2341647325,0.1110430756,1
90023024,A0118150101,2021-04-01,0.2571732534,0.1100720025,1
90023024,A0118150101,2021-06-01,0.2805024380,0.1090373820,1
90023024,A0118150101,2021-07-01,0.2517941378,0.1004123458,1
90023024,A0118150101,2021-08-01,0.2255026180,0.1085800659,1
90023024,A0118150103,2021-10-01,0.1183269521,0.0797144579,1
90023024,A0118150103,2021-11-01,0.1253987780,0.1109191881,1
90023024,A0118150103,2021-12-01,0.1406838892,0.1006862831,1
90023024,A0118150103,2022-02-01,0.1386589233,0.0752209855,1
90023024,A0118150103,2022-03-01,0.1653353843,0.0781847711,1
90023024,A0118150103,2022-04-01,0.1528153334,0.1033270716,1
90023024,A0118150103,2022-06-01,0.1396625152,0.1055846997,1
90023024,A0118150103,2022-07-01,0.1286136685,0.0976371127,1
90023024,A0118150103,2022-08-01,0.1649985212,0.0933600865,1
90023025,A0118150101,2017-09-01,0.2018549040,0.1430177763,1
90023025,A0118150101,2017-10-01,0.1623971336,0.1354615236,1
90023025,A0118150101,2017-11-01,0.1947481759,0.1712950406,1
90023025,A0118150101,2018-01-01,0.1528540491,0.1500755870,1
90023025,A0118150101,2018-02-01,0.1615401138,0.1629163024,1
90023025,A0118150101,2018-03-01,0.1809330808,0.1183129080,1
90023025,A0118150101,2018-05-01,0.1673286806,0.1679876345,1
90023025,A0118150101,2018-06-01,0.1669245644,0.1459286101,1
90023025,A0118150101,2018-07-01,0.1807243673,0.1418406236,1
90023025,A0118150101,2018-09-01,0.2299149205,0.0977866939,1
90023025,A0118150101,2018-10-01,0.1989355486,0.0970279177,1
90023025,A0118150101,2018-11-01,0.2195584396,0.1079965179,1
90023025,A0118150101,2019-01-01,0.1924400501,0.0933033520,1
90023025,A0118150101,2019-02-01,0.2426577396,0.0831030062,1
90023025,A0118150101,2019-03-01,0.2313930424,0.0954063522,1
90023025,A0118150101,2019-05-01,0.2480564385,0.1061592654,1
90023025,A0118150101,2019-06-01,0.2219771770,0.1064325533,1
90023025,A0118150101,2019-07-01,0.1983894561,0.1214796471,1
90023025,A0118150101,2019-09-01,0.1317787352,0.1535120757,1
90023025,A0118150101,2019-10-01,0.1297411496,0.1075863829,1
90023025,A0118150101,2019-11-01,0.1330153485,0.1062004147,1
90023025,A0118150101,2020-01-01,0.1516343866,0.1455935440,1
90023025,A0118150101,2020-02-01,0.1445972010,0.1169227219,1
90023025,A0118150101,2020-03-01,0.1523361285,0.1592059281,1
90023025,A0118150101,2020-05-01,0.1334062686,0.1230828559,1
90023025,A0118150101,2020-06-01,0.1453168167,0.1402804719,1
90023025,A0118150101,2020-07-01,0.1384289677,0.1362063471,1
90023025,A0118150101,2020-09-01,0.2615881843,0.0747736599,1
90023025,A0118150101,2020-10-01,0.2325484860,0.0954240600,1
90023025,A0118150101,2020-11-01,0.2301283014,0.0996324314,1
90023025,A0118150101,2021-01-01,0.2161135026,0.0772484630,1
90023025,A0118150101,2021-02-01,0.2314844164,0.1028116180,1
90023025,A0118150101,2021-03-01,0.2588272371,0.0744985989,1
90023025,A0118150101,2021-05-01,0.2622109113,0.0860151984,1
90023025,A0118150101,2021-06-01,0.2323686553,0.0946207101,1
90023025,A0118150101,2021-07-01,0.2107767411,0.0972596340,1
90023025,A0118150103,2021-09-01,0.1223993628,0.0735768325,1
90023025,A0118150103,2021-10-01,0.1226168604,0.1046193893,1
90023025,A0118150103,2021-11-01,0.1185396573,0.0757574029,1
90023025,A0118150103,2022-01-01,0.1468192184,0.0996415866,1
90023025,A0118150103,2022-02-01,0.1162407041,0.0843256149,1
90023025,A0118150103,2022-03-01,0.1543148406,0.0940112572,1
90023025,A0118150103,2022-05-01,0.1599843674,0.0796748623,1
90023025,A0118150103,2022-06-01,0.1542679620,0.0802948954,1
90023025,A0118150103,2022-07-01,0.1501038946,0.0955155849,1
90023026,A0118150101,2017-09-01,0.1742195080,0.1311439891,1
90023026,A0118150101,2017-10-01,0.1916446583,0.1663760137,1
90023026,A0118150101,2017-12-01,0.1367869359,0.1615544473,1
90023026,A0118150101,2018-01-01,0.1534299957,0.1197768200,1
90023026,A0118150101,2018-02-01,0.1570763153,0.1250744065,1
90023026,A0118150101,2018-04-01,0.1457387681,0.1659990152,1
90023026,A0118150101,2018-05-01,0.1540101234,0.1134343293,1
90023026,A0118150101,2018-06-01,0.1654359310,0.1234346762,1
90023026,A0118150101,2018-08-01,0.1557708576,0.1328524816,1
90023026,A0118150101,2018-09-01,0.1947926384,0.1237847591,1
90023026,A0118150101,2018-10-01,0.2489827668,0.1152609439,1
90023026,A0118150101,2018-12-01,0.1697398156,0.0956743574,1
90023026,A0118150101,2019-01-01,0.2401476445,0.1128645866,1
90023026,A0118150101,2019-02-01,0.1780065767,0.1164798715,1
90023026,A0118150101,2019-04-01,0.2020886866,0.0931237118,1
90023026,A0118150101,2019-05-01,0.1821487397,0.0963185387,1
90023026,A0118150101,2019-06-01,0.1829123993,0.1227855707,1
90023026,A0118150101,2019-08-01,0.1992819108,0.1178180467,1
90023026,A0118150101,2019-09-01,0.1093838385,0.1058787438,1
90023026,A0118150101,2019-10-01,0.1344435940,0.1439326539,1
90023026,A0118150101,2019-12-01,0.1163753648,0.1204975715,1
90023026,A0118150101,2020-01-01,0.1192341392,0.1176662968,1
90023026,A0118150101,2020-02-01,0.1385633476,0.1331140199,1
90023026,A0118150101,2020-04-01,0.1108780623,0.1456805849,1
90023026,A0118150101,2020-05-01,0.1420529124,0.1594982776,1
90023026,A0118150101,2020-06-01,0.1471386052,0.1114282442,1
90023026,A0118150101,2020-08-01,0.1413129857,0.1588041033,1
90023026,A0118150101,2020-09-01,0.2335427792,0.1055563352,1
90023026,A0118150101,2020-10-01,0.2546313509,0.0921005642,1
90023026,A0118150101,2020-12-01,0.2658506519,0.0766478590,1
90023026,A0118150101,2021-01-01,0.2681012016,0.0982753667,1
90023026,A0118150101,2021-02-01,0.2004793102,0.0847887667,1
90023026,A0118150101,2021-04-01,0.2238848211,0.1103252925,1
90023026,A0118150101,2021-05-01,0.2166441162,0.0993275309,1
90023026,A0118150101,2021-06-01,0.2395489999,0.0913095595,1
90023026,A0118150101,2021-08-01,0.1979777181,0.0869018090,1
90023026,A0118150103,2021-09-01,0.1559899447,0.0861769026,1
90023026,A0118150103,2021-10-01,0.1641973332,0.0978875978,1
90023026,A0118150103,2021-12-01,0.1231633066,0.0759412166,1
90023026,A0118150103,2022-01-01,0.1689218578,0.0787125720,1
90023026,A0118150103,2022-02-01,0.1462857145,0.0734362094,1
90023026,A0118150103,2022-04-01,0.1167144818,0.1082160535,1
90023026,A0118150103,2022-05-01,0.1344057327,0.0818349428,1
90023026,A0118150103,2022-06-01,0.1371383763,0.0983236298,1
90023026,A0118150103,2022-08-01,0.1387767116,0.1000738442,1
90023027,A0118150101,2017-09-01,0.1901250814,0.1531989232,1
90023027,A0118150101,2017-11-01,0.1859275201,0.1433945293,1
90023027,A0118150101,2017-12-01,0.1983911651,0.1484818751,1
90023027,A0118150101,2018-01-01,0.1359750592,0.1312741471,1
90023027,A0118150101,2018-03-01,0.1722242281,0.1330632305,1
90023027,A0118150101,2018-04-01,0.1500819149,0.1399378832,1
90023027,A0118150101,2018-05-01,0.1962581880,0.1148390714,1
90023027,A0118150101,2018-07-01,0.1916500005,0.1254922021,1
90023027,A0118150101,2018-08-01,0.1766972656,0.1518262668,1
90023027,A0118150101,2018-09-01,0.2075753692,0.1104839899,1
90023027,A0118150101,2018-11-01,0.2474737564,0.1210015074,1
90023027,A0118150101,2018-12-01,0.2203236193,0.1049847628,1
90023027,A0118150101,2019-01-01,0.1787288190,0.1177065064,1
90023027,A0118150101,2019-03-01,0.1936916285,0.0938211067,1
90023027,A0118150101,2019-04-01,0.2441767130,0.0936564179,1
90023027,A0118150101,2019-05-01,0.2244012270,0.1028065185,1
90023027,A0118150101,2019-07-01,0.2507116945,0.0977381557,1
90023027,A0118150101,2019-08-01,0.2155077041,0.0929935065,1
90023027,A0118150101,2019-09-01,0.1562298151,0.1339565150,1
90023027,A0118150101,2019-11-01,0.1356074623,0.1109205069,1
90023027,A0118150101,2019-12-01,0.1119837230,0.1495083620,1
90023027,A0118150101,2020-01-01,0.1144476470,0.1503359979,1
90023027,A0118150101,2020-03-01,0.1238384118,0.1526087660,1
90023027,A0118150101,2020-04-01,0.1049387582,0.1456775342,1
90023027,A0118150101,2020-05-01,0.1291659904,0.1488337202,1
90023027,A0118150101,2020-07-01,0.1444674314,0.1468982611,1
90023027,A0118150101,2020-08-01,0.1357746448,0.1375811275,1
90023027,A0118150101,2020-09-01,0.2281464879,0.0750794227,1
90023027,A0118150101,2020-11-01,0.1923985221,0.1011026256,1
90023027,A0118150101,2020-12-01,0.2535822043,0.0851902464,1
90023027,A0118150101,2021-01-01,0.2307429939,0.0875963398,1
90023027,A0118150101,2021-03-01,0.2327120610,0.1074002297,1
90023027,A0118150101,2021-04-01,0.2282630443,0.1078045265,1
90023027,A0118150101,2021-05-01,0.2680709916,0.1038878889,1
90023027,A0118150101,2021-07-01,0.2719353604,0.0744378993,1
90023027,A0118150101,2021-08-01,0.2402959177,0.1090344560,1
90023027,A0118150103,2021-09-01,0.1138247089,0.0925550866,1
90023027,A0118150103,2021-11-01,0.1608733052,0.0863224354,1
90023027,A0118150103,2021-12-01,0.1682516014,0.1101932157,1
90023027,A0118150103,2022-01-01,0.1425566546,0.1121813610,1
90023027,A0118150103,2022-03-01,0.1582043404,0.0992579582,1
90023027,A0118150103,2022-04-01,0.1133799755,0.0818920709,1
90023027,A0118150103,2022-05-01,0.1458678774,0.0848953156,1
90023027,A0118150103,2022-07-01,0.1420639473,0.0967614275,1
90023027,A0118150103,2022-08-01,0.1645255586,0.0916365560,1
90023028,A0118150101,2017-10-01,0.1956275065,0.1177563391,1
90023028,A0118150101,2017-11-01,0.1369072609,0.1309478141,1
90023028,A0118150101,2017-12-01,0.1877401715,0.1179913994,1
90023028,A0118150101,2018-02-01,0.1900988567,0.1736314559,1
90023028,A0118150101,2018-03-01,0.1377570378,0.1271390097,1
90023028,A0118150101,2018-04-01,0.1772874377,0.1457874058,1
90023028,A0118150101,2018-06-01,0.1743577018,0.1645466094,1
90023028,A0118150101,2018-07-01,0.1646625203,0.1106214468,1
90023028,A0118150101,2018-08-01,0.1445195424,0.1120799550,1
90023028,A0118150101,2018-10-01,0.2175892265,0.0839155921,1
90023028,A0118150101,2018-11-01,0.2109292668,0.1145028366,1
90023028,A0118150101,2018-12-01,0.2104063525,0.0830869875,1
90023028,A0118150101,2019-02-01,0.2395282131,0.0907791352,1
90023028,A0118150101,2019-03-01,0.1699687108,0.0838559209,1
90023028,A0118150101,2019-04-01,0.1928193514,0.0833956477,1
90023028,A0118150101,2019-06-01,0.2217860958,0.1235698345,1
90023028,A0118150101,2019-07-01,0.2261639088,0.1137709538,1
90023028,A0118150101,2019-08-01,0.1770128197,0.1145539859,1
90023028,A0118150101,2019-10-01,0.1528185513,0.1090424409,1
90023028,A0118150101,2019-11-01,0.1386902033,0.1456249548,1
90023028,A0118150101,2019-12-01,0.1439135452,0.1282245411,1
90023028,A0118150101,2020-02-01,0.1491626819,0.1592765087,1
90023028,A0118150101,2020-03-01,0.1064524695,0.1493643307,1
90023028,A0118150101,2020-04-01,0.1260996940,0.1379492862,1
90023028,A0118150101,2020-06-01,0.1372752108,0.1073042030,1
90023028,A0118150101,2020-07-01,0.1051210326,0.1361129206,1
90023028,A0118150101,2020-08-01,0.1058804800,0.1302870814,1
90023028,A0118150101,2020-10-01,0.2378208756,0.0817038380,1
90023028,A0118150101,2020-11-01,0.2350992821,0.0798839212,1
90023028,A0118150101,2020-12-01,0.2610172682,0.1051949623,1
90023028,A0118150101,2021-02-01,0.1881834379,0.1054427237,1
90023028,A0118150101,2021-03-01,0.2274136396,0.0876080167,1
90023028,A0118150101,2021-04-01,0.2616396238,0.0805524775,1
90023028,A0118150101,2021-06-01,0.2141821295,0.0899512265,1
90023028,A0118150101,2021-07-01,0.2079054764,0.1007370197,1
90023028,A0118150101,2021-08-01,0.2538420583,0.1097231852,1
90023028,A0118150103,2021-10-01,0.1322737913,0.0960937938,1
90023028,A0118150103,2021-11-01,0.1493317780,0.0783696632,1
90023028,A0118150103,2021-12-01,0.1357434366,0.0966558545,1
90023028,A0118150103,2022-02-01,0.1553029658,0.0864711761,1
90023028,A0118150103,2022-03-01,0.1305343399,0.0957098292,1
90023028,A0118150103,2022-04-01,0.1132170466,0.0932082410,1
90023028,A0118150103,2022-06-01,0.1436185676,0.1129527746,1
90023028,A0118150103,2022-07-01,0.1377600735,0.0990900431,1
90023028,A0118150103,2022-08-01,0.1492031089,0.0934847980,1
90023029,A0118150101,2017-09-01,0.1629047877,0.1422222924,1
90023029,A0118150101,2017-10-01,0.1734195091,0.1319234750,1
90023029,A0118150101,2017-11-01,0.1873980994,0.1734178240,1
90023029,A0118150101,2018-01-01,0.1480896351,0.1190524325,1
90023029,A0118150101,2018-02-01,0.1433680546,0.1368514242,1
90023029,A0118150101,2018-03-01,0.1391433126,0.1567366296,1
90023029,A0118150101,2018-05-01,0.1372759397,0.1703039827,1
90023029,A0118150101,2018-06-01,0.1514727218,0.1388632974,1
90023029,A0118150101,2018-07-01,0.1509717050,0.1180757627,1
90023029,A0118150101,2018-09-01,0.2472749192,0.0987079853,1
90023029,A0118150101,2018-10-01,0.1883059629,0.0881350899,1
90023029,A0118150101,2018-11-01,0.1997322429,0.1080993086,1
90023029,A0118150101,2019-01-01,0.1918066049,0.1068878212,1
90023029,A0118150101,2019-02-01,0.1836762247,0.1005805080,1
90023029,A0118150101,2019-03-01,0.2074581058,0.1198085091,1
90023029,A0118150101,2019-05-01,0.1794756711,0.1120112314,1
90023029,A0118150101,2019-06-01,0.2081555399,0.1110268886,1
90023029,A0118150101,2019-07-01,0.2165519611,0.0820586018,1
90023029,A0118150101,2019-09-01,0.1074362956,0.1174166552,1
90023029,A0118150101,2019-10-01,0.1331080154,0.1209751057,1
90023029,A0118150101,2019-11-01,0.1131950580,0.1304511219,1
90023029,A0118150101,2020-01-01,0.1547435057,0.1506607390,1
90023029,A0118150101,2020-02-01,0.1485234729,0.1065281899,1
90023029,A0118150101,2020-03-01,0.1211701662,0.1461014957,1
90023029,A0118150101,2020-05-01,0.1560502331,0.1321981148,1
90023029,A0118150101,2020-06-01,0.1433319500,0.1365131718,1
90023029,A0118150101,2020-07-01,0.1173187711,0.1396751062,1
90023029,A0118150101,2020-09-01,0.2776395376,0.0946279568,1
90023029,A0118150101,2020-10-01,0.2805553195,0.0730549549,1
90023029,A0118150101,2020-11-01,0.2012890363,0.0891455120,1
90023029,A0118150101,2021-01-01,0.2420871526,0.0964890254,1
90023029,A0118150101,2021-02-01,0.2226419628,0.0908220433,1
90023029,A0118150101,2021-03-01,0.2723915443,0.0928752114,1
90023029,A0118150101,2021-05-01,0.2636668479,0.0756698293,1
90023029,A0118150101,2021-06-01,0.2231827115,0.0749023258,1
90023029,A0118150101,2021-07-01,0.2335914001,0.0933681445,1
90023029,A0118150103,2021-09-01,0.1638681994,0.1062893709,1
90023029,A0118150103,2021-10-01,0.1306619885,0.0929250233,1
90023029,A0118150103,2021-11-01,0.1654278403,0.0909390204,1
90023029,A0118150103,2022-01-01,0.1645954773,0.0900257053,1
90023029,A0118150103,2022-02-01,0.1682687196,0.0931502572,1
90023029,A0118150103,2022-03-01,0.1623988768,0.0752659165,1
90023029,A0118150103,2022-05-01,0.1659613888,0.0748892279,1
90023029,A0118150103,2022-06-01,0.1180036678,0.1083886390,1
90023029,A0118150103,2022-07-01,0.1581934283,0.1092909695,1
90023030,A0118150101,2017-09-01,0.1384550325,0.1478070098,1
90023030,A0118150101,2017-10-01,0.1399852615,0.1450790833,1
90023030,A0118150101,2017-12-01,0.1589737153,0.1292084531,1
90023030,A0118150101,2018-01-01,0.1967995369,0.1365854171,1
90023030,A0118150101,2018-02-01,0.1692259812,0.1604228750,1
90023030,A0118150101,2018-04-01,0.1706220892,0.1194971416,1
90023030,A0118150101,2018-05-01,0.1940738041,0.1292146955,1
90023030,A0118150101,2018-06-01,0.1809835939,0.1285446556,1
90023030,A0118150101,2018-08-01,0.1620725994,0.1587876792,1
90023030,A0118150101,2018-09-01,0.1947379235,0.0882977225,1
90023030,A0118150101,2018-10-01,0.2196791559,0.0895513386,1
90023030,A0118150101,2018-12-01,0.2177498017,0.0944976303,1
90023030,A0118150101,2019-01-01,0.1816279559,0.1187082659,1
90023030,A0118150101,2019-02-01,0.2258673042,0.0839885842,1
90023030,A0118150101,2019-04-01,0.2367589105,0.1203722230,1
90023030,A0118150101,2019-05-01,0.1970552935,0.1102299578,1
90023030,A0118150101,2019-06-01,0.2245298221,0.1033791578,1
90023030,A0118150101,2019-08-01,0.2118958192,0.0807376396,1
90023030,A0118150101,2019-09-01,0.1560816049,0.1556675890,1
90023030,A0118150101,2019-10-01,0.1096026601,0.1291971863,1
90023030,A0118150101,2019-12-01,0.1534824441,0.1074531487,1
90023030,A0118150101,2020-01-01,0.1165894993,0.1580341598,1
90023030,A0118150101,2020-02-01,0.1456586639,0.1078041517,1
90023030,A0118150101,2020-04-01,0.1148577763,0.1148608206,1
90023030,A0118150101,2020-05-01,0.1249020002,0.1236040970,1
90023030,A0118150101,2020-06-01,0.1361331492,0.1576025603,1
90023030,A0118150101,2020-08-01,0.1325185698,0.1089062332,1
90023030,A0118150101,2020-09-01,0.2323972171,0.0959704228,1
90023030,A0118150101,2020-10-01,0.2544430867,0.1019561941,1
90023030,A0118150101,2020-12-01,0.2280088901,0.0983191870,1
90023030,A0118150101,2021-01-01,0.2536481260,0.0828666807,1
90023030,A0118150101,2021-02-01,0.2227546029,0.0933003048,1
90023030,A0118150101,2021-04-01,0.2723556258,0.1032220399,1
90023030,A0118150101,2021-05-01,0.2582818887,0.1117826807,1
90023030,A0118150101,2021-06-01,0.2662354879,0.0729500306,1
90023030,A0118150101,2021-08-01,0.2714763721,0.1023227737,1
90023030,A0118150103,2021-09-01,0.1171838529,0.0958101979,1
90023030,A0118150103,2021-10-01,0.1582532787,0.0998742486,1
90023030,A0118150103,2021-12-01,0.1639911055,0.0910790075,1
90023030,A0118150103,2022-01-01,0.1345502630,0.0934341023,1
90023030,A0118150103,2022-02-01,0.1581440889,0.0824258386,1
90023030,A0118150103,2022-04-01,0.1333180195,0.0844024997,1
90023030,A0118150103,2022-05-01,0.1554442741,0.0936670165,1
90023030,A0118150103,2022-06-01,0.1190049280,0.0741310408,1
90023030,A0118150103,2022-08-01,0.1657941339,0.0814489093,1
90024183,A0118150102,2017-12-01,0.0000000000,0.0000000000,1
90024183,A0118150101,2019-09-01,0.1565073691,0.1817255084,1
90024183,A0118150101,2019-11-01,0.2074573117,0.1792947656,1
90024183,A0118150101,2019-12-01,0.2236393175,0.1840598935,1
90024183,A0118150101,2020-01-01,0.2080423436,0.1650912154,1
90024183,A0118150101,2020-03-01,0.1632130735,0.1826323350,1
90024183,A0118150101,2020-04-01,0.1856435458,0.1644171084,1
90024183,A0118150101,2020-05-01,0.1999865692,0.1821646183,1
90024183,A0118150101,2020-07-01,0.2109805047,0.1342621451,1
90024183,A0118150101,2020-08-01,0.2237446171,0.1376444362,1
90024183,A0118150101,2020-09-01,0.1670381014,0.1185320134,1
90024183,A0118150101,2020-11-01,0.2160873714,0.1234446990,1
90024183,A0118150101,2020-12-01,0.1801555122,0.1337057419,1
90024183,A0118150101,2021-01-01,0.1825582076,0.0954423467,1
90024183,A0118150101,2021-03-01,0.1879533087,0.0928004823,1
90024183,A0118150101,2021-04-01,0.1782645204,0.1144351581,1
90024183,A0118150101,2021-05-01,0.1893938483,0.1305662913,1
90024183,A0118150101,2021-07-01,0.1696129332,0.1361528117,1
90024183,A0118150101,2021-08-01,0.1764788219,0.0927957973,1
90024183,A0118150103,2021-09-01,0.2255831285,0.1646122419,1
90024183,A0118150103,2021-11-01,0.2098802849,0.1373403410,1
90024183,A0118150103,2021-12-01,0.2456751756,0.1475924610,1
90024183,A0118150103,2022-01-01,0.2426738544,0.1254486592,1
90024183,A0118150103,2022-03-01,0.2159911711,0.1410012527,1
90024183,A0118150103,2022-04-01,0.2459523450,0.1659570617,1
90024183,A0118150103,2022-05-01,0.2571620916,0.1130235306,1
90024183,A0118150103,2022-07-01,0.2420293119,0.1151068898,1
90024183,A0118150103,2022-08-01,0.1933797829,0.1221402114,1
90024184,A0118150102,2017-12-01,0.0000000000,0.0000000000,1
90024184,A0118150101,2019-10-01,0.1914278409,0.1609193765,1
90024184,A0118150101,2019-11-01,0.1650942513,0.1432566470,1
90024184,A0118150101,2019-12-01,0.1616292783,0.1727178926,1
90024184,A0118150101,2020-02-01,0.2160285737,0.1404272982,1
90024184,A0118150101,2020-03-01,0.2000316301,0.1834245116,1
90024184,A0118150101,2020-04-01,0.1584407747,0.1507547001,1
90024184,A0118150101,2020-06-01,0.2273100683,0.1523305861,1
90024184,A0118150101,2020-07-01,0.2154926961,0.1891405959,1
90024184,A0118150101,2020-08-01,0.1730131025,0.1776162657,1
90024184,A0118150101,2020-10-01,0.2182448290,0.0936509775,1
90024184,A0118150101,2020-11-01,0.1544399360,0.1330527207,1
90024184,A0118150101,2020-12-01,0.1818920942,0.1286838213,1
90024184,A0118150101,2021-02-01,0.1848535885,0.1363548294,1
90024184,A0118150101,2021-03-01,0.1863416073,0.1436697962,1
90024184,A0118150101,2021-04-01,0.2099087955,0.1129312507,1
90024184,A0118150101,2021-06-01,0.2152437270,0.1434441774,1
90024184,A0118150101,2021-07-01,0.2279444904,0.1195472745,1
90024184,A0118150101,2021-08-01,0.2013501622,0.1319452392,1
90024184,A0118150103,2021-10-01,0.2344309153,0.1340722582,1
90024184,A0118150103,2021-11-01,0.2577956713,0.1139087793,1
90024184,A0118150103,2021-12-01,0.2041667821,0.1690467431,1
90024184,A0118150103,2022-02-01,0.2237904339,0.1612472638,1
90024184,A0118150103,2022-03-01,0.2009014139,0.1513474544,1
90024184,A0118150103,2022-04-01,0.2507151628,0.1108842966,1
90024184,A0118150103,2022-06-01,0.1958002629,0.1299844714,1
90024184,A0118150103,2022-07-01,0.2262262179,0.1222587768,1
90024184,A0118150103,2022-08-01,0.2248650006,0.1732970092,1
90025209,A0118150101,2019-09-01,0.1955292969,0.0969486687,1
90025209,A0118150101,2019-10-01,0.2377353324,0.0974269721,1
90025209,A0118150101,2019-11-01,0.2273962343,0.1100779669,1
90025209,A0118150101,2020-01-01,0.2097973528,0.1081689707,1
90025209,A0118150101,2020-02-01,0.1816570818,0.1071482558,1
90025209,A0118150101,2020-03-01,0.2419367959,0.0831475663,1
90025209,A0118150101,2020-05-01,0.1846037966,0.0978269199,1
90025209,A0118150101,2020-06-01,0.2420904498,0.0899857812,1
90025209,A0118150101,2020-07-01,0.1966788480,0.0927644897,1
90025209,A0118150101,2020-09-01,0.3089256769,0.1278778595,1
90025209,A0118150101,2020-10-01,0.3268884149,0.1646887288,1
90025209,A0118150101,2020-11-01,0.2989891287,0.1553716867,1
90025209,A0118150101,2021-01-01,0.2502080946,0.1469451160,1
90025209,A0118150101,2021-02-01,0.2804143041,0.1192313864,1
90025209,A0118150101,2021-03-01,0.3390388360,0.1415834495,1
90025209,A0118150101,2021-05-01,0.2591213397,0.1100895967,1
90025209,A0118150101,2021-06-01,0.3467794007,0.1096193017,1
90025209,A0118150101,2021-07-01,0.3580896875,0.1428508400,1
90025209,A0118150103,2021-09-01,0.2671807222,0.1275927596,1
90025209,A0118150103,2021-10-01,0.3087023822,0.0908564219,1
90025209,A0118150103,2021-11-01,0.2794976720,0.1095146641,1
90025209,A0118150103,2022-01-01,0.2756186375,0.1332175280,1
90025209,A0118150103,2022-02-01,0.3015724446,0.0987848865,1
90025209,A0118150103,2022-03-01,0.2650410449,0.1077001819,1
90025209,A0118150103,2022-05-01,0.2194535025,0.1127712733,1
90025209,A0118150103,2022-06-01,0.2802929787,0.1334597981,1
90025209,A0118150103,2022-07-01,0.2872864280,0.0991971095,1
90026205,A0118150101,2018-09-01,0.2106540218,0.1069853406,1
90026205,A0118150101,2018-10-01,0.1963057638,0.0834011048,1
90026205,A0118150101,2018-11-01,0.2020398203,0.1064581669,1
90026205,A0118150101,2019-01-01,0.1738954673,0.1072497235,1
90026205,A0118150101,2019-02-01,0.1895734616,0.0890752353,1
90026205,A0118150101,2019-03-01,0.1658147085,0.0761529706,1
90026205,A0118150101,2019-05-01,0.1870568170,0.0806669798,1
90026205,A0118150101,2019-06-01,0.1639017593,0.1036491927,1
90026205,A0118150101,2019-07-01,0.2195379861,0.0925209164,1
90026205,A0118150101,2019-09-01,0.2791780207,0.1149768969,1
90026205,A0118150101,2019-10-01,0.3279031500,0.0981373253,1
90026205,A0118150101,2019-11-01,0.2435719901,0.0952648908,1
90026205,A0118150101,2020-01-01,0.3051418114,0.1005973917,1
90026205,A0118150101,2020-02-01,0.2269699983,0.1133808287,1
90026205,A0118150101,2020-03-01,0.3146300235,0.0840674000,1
90026205,A0118150101,2020-05-01,0.2503512284,0.0798396152,1
90026205,A0118150101,2020-06-01,0.2255330040,0.1132069913,1
90026205,A0118150101,2020-07-01,0.3245833565,0.1137389194,1
90026205,A0118150101,2020-09-01,0.1709130125,0.0810088148,1
90026205,A0118150101,2020-10-01,0.1953013202,0.0938939349,1
90026205,A0118150101,2020-11-01,0.1647792484,0.0933972212,1
90026205,A0118150101,2021-01-01,0.2282165080,0.0770095717,1
90026205,A0118150101,2021-02-01,0.1697402202,0.0960372356,1
90026205,A0118150101,2021-03-01,0.2105988707,0.0640418807,1
90026205,A0118150101,2021-05-01,0.2356730033,0.0915322765,1
90026205,A0118150101,2021-06-01,0.2122067170,0.0771968090,1
90026205,A0118150101,2021-07-01,0.2128535006,0.0714160359,1
90026205,A0118150103,2021-09-01,0.1962326492,0.0902055188,1
90026205,A0118150103,2021-10-01,0.2107200753,0.1081120789,1
90026205,A0118150103,2021-11-01,0.2010973476,0.0766856452,1
90026205,A0118150103,2022-01-01,0.1693699953,0.1106669701,1
90026205,A0118150103,2022-02-01,0.2141790177,0.0850464187,1
90026205,A0118150103,2022-03-01,0.1519555725,0.0848345647,1
90026205,A0118150103,2022-05-01,0.1955667017,0.0946682476,1
90026205,A0118150103,2022-06-01,0.1826445277,0.1117499917,1
90026205,A0118150103,2022-07-01,0.1906382835,0.0827210870,1
90027207,A0118150101,2017-09-01,0.2679004610,0.1225682398,1
90027207,A0118150101,2017-11-01,0.2830529944,0.1307902728,1
90027207,A0118150101,2017-12-01,0.2368419643,0.0927472343,1
90027207,A0118150101,2018-01-01,0.2166682899,0.1076780524,1
90027207,A0118150101,2018-03-01,0.2539910727,0.1225989153,1
90027207,A0118150101,2018-04-01,0.2709280192,0.0905502721,1
90027207,A0118150101,2018-05-01,0.2206655150,0.0965704299,1
90027207,A0118150101,2018-07-01,0.2387572750,0.1113379758,1
90027207,A0118150101,2018-08-01,0.2588824131,0.1150546220,1
90027207,A0118150101,2018-09-01,0.1318002142,0.1253859553,1
90027207,A0118150101,2018-11-01,0.1641677984,0.1746975159,1
90027207,A0118150101,2018-12-01,0.1669796321,0.1752573128,1
90027207,A0118150101,2019-01-01,0.1602645347,0.1497442970,1
90027207,A0118150101,2019-03-01,0.1598742583,0.1878834778,1
90027207,A0118150101,2019-04-01,0.1541927798,0.1697623274,1
90027207,A0118150101,2019-05-01,0.1213872612,0.1484700846,1
90027207,A0118150101,2019-07-01,0.1372439334,0.1513941512,1
90027207,A0118150101,2019-08-01,0.1516623896,0.1587909539,1
90027207,A0118150101,2019-09-01,0.2355078256,0.1554321419,1
90027207,A0118150101,2019-11-01,0.2577585196,0.1063063536,1
90027207,A0118150101,2019-12-01,0.2872534622,0.1477000427,1
90027207,A0118150101,2020-01-01,0.2291644723,0.1023317374,1
90027207,A0118150101,2020-03-01,0.2487189275,0.1498853360,1
90027207,A0118150101,2020-04-01,0.3117836122,0.1137501600,1
90027207,A0118150101,2020-05-01,0.2463956178,0.1045255843,1
90027207,A0118150101,2020-07-01,0.2828053002,0.1429652953,1
90027207,A0118150101,2020-08-01,0.2632126795,0.1297778505,1
90027207,A0118150101,2020-09-01,0.1694962923,0.1496315143,1
90027207,A0118150101,2020-11-01,0.2398080403,0.1539423637,1
90027207,A0118150101,2020-12-01,0.2356569565,0.1289224621,1
90027207,A0118150101,2021-01-01,0.2213097510,0.1445462582,1
90027207,A0118150101,2021-03-01,0.2383807453,0.1173780915,1
90027207,A0118150101,2021-04-01,0.2158217284,0.1597781759,1
90027207,A0118150101,2021-05-01,0.2213752040,0.1494791301,1
90027207,A0118150101,2021-07-01,0.1806415770,0.1159785682,1
90027207,A0118150101,2021-08-01,0.2232265680,0.1728665801,1
90027207,A0118150103,2021-09-01,0.2314559589,0.1358354045,1
90027207,A0118150103,2021-11-01,0.3043281613,0.1811903030,1
90027207,A0118150103,2021-12-01,0.3068767445,0.1348793748,1
90027207,A0118150103,2022-01-01,0.2789661513,0.1859535367,1
90027207,A0118150103,2022-03-01,0.2909162349,0.1614617262,1
90027207,A0118150103,2022-04-01,0.2676794926,0.1738394829,1
90027207,A0118150103,2022-05-01,0.2976443638,0.1509040464,1
90027207,A0118150103,2022-07-01,0.2753702166,0.1825762258,1
90027207,A0118150103,2022-08-01,0.2673020755,0.1673380804,1
